id,label,used_in,panels,kind,method,status,effort,curves,data,lettering,cited,notes
ch1-fig01,ch1:fig:1 (chapters/ch1-sec1.tex:19),chapters/ch1-sec1.tex:17,"(a) translation: two upright rockets, positions 1 (lower left) and 2 (upper right), thin arrow from CG of 1 to CG of 2; (b) rotation: rocket 1 upright and rocket 2 rotated clockwise ~30 deg about the common CG, overlapping; panels separated by a horizontal double rule",rocket,draw,todo,S,n/a,n/a,"(a): 1 ; 2 ; circled a ; (b): 1 ; 2 ; circled b ; no other text. Symbols: CG symbol (small quartered circle) at each rocket CG; in (b) a solid vertical reference line through rocket 1 extended above the nose and below the tail, a dash-dot line along rocket 2 axis extended beyond nose and tail, and an arc with arrowhead from the vertical line to the rotated axis above the rockets","panel letters (a), (b), positions 1 and 2, CG translated from 1 to 2 (a), rotated about CG without translation (b): caption chapters/ch1-sec1.tex:18; figure cited for translation vs rotation: chapters/ch1-sec1.tex:13","Rockets: ogive nose with shoulder line, body tube, swept trapezoidal fins, dash-dot centreline extended as a thin line past nose tip and tail; the same stylised model outline recurs in Figs 2, 6, 7, 8, 10 (one reusable TikZ rocket macro). Rocket 2 in (a) is drawn at the same size as 1. Rotation angle in (b) about 30 deg (measured, not stated)."
ch1-fig02,"supplement Part, no label (1973 Figure 2 shown as ""The 1973 Figure 2, which this figure replaces"")",backmatter/supplement/s-ch1.tex:273,none,rocket,draw,todo,S,n/a,n/a,"+y ; +x (small axis cross to the right of the rocket, arrows along +y and +x) ; $\vec{F}$ (bold arrow pointing up at the nozzle exit, inside the exhaust plume) ; $\Delta m_e$ (in a stippled/grey band across the plume; subscript e blotted in the scan) ; $\vec{c}$ (bold arrow pointing down below the band)","1973 caption (s-ch1.tex:276-280): $\Delta m_e$ expelled at $\vec{c}$ in the $(-y)$ direction, thrust $\vec{F}$ acts in the $(+y)$ direction (relies on the +x/+y axes and the two arrows); text ch1-sec2a.tex:29-30 (""rocket of Figure 2 ... exhaust velocity c in the negative y direction"") now refers to the 1994 replacement; replacement noted at s-ch1.tex:270 and frontmatter/about-this-edition.tex:246-248","Shown only in the supplement Part beside its 1994 replacement. Single rocket with lens/spindle-shaped exhaust plume below the nozzle (plume drawn as wide as the body tube). The $\Delta m_e$ slug is stippled (grey) here but hatched in the 1994 redraw. A speck left of the nose (x~8% of crop) and specks right of the artwork are scanner dirt. Vector labels are overbars/overarrows, indistinct at 150 ppi; typeset as \vec."
ch1-fig03,ch1:fig:3 (chapters/ch1-sec2a.tex:101),chapters/ch1-sec2a.tex:94,"(a) graph of rocket mass m (g) vs t (sec) with a tangent line at t=0.4 s and a dashed Delta-m/Delta-t triangle, plus a worked slope calculation at right; (b) two-column table t/m with Delta-t and Delta-m brackets and a worked central-difference calculation at right; panels separated by a horizontal double rule",mixed,compute+table,todo,M,"(a) 3: mass curve m(t) (solid, falling from 21 g at t=0 through a knee near t~0.1 s to ~9 g at 1.2 s, with a dot at the tangent point t=0.4); tangent line (solid, straight, from t~0.03 to 1.2); Delta-m/Delta-t construction (dashed vertical at t=0.2 and dashed horizontal to t=0.8). (b): no curves (table)","mass curve: table-in-figure: panel (b) table (t=0.0-1.2 step 0.2; m=21.0, 15.1, 12.8, 11.3, 10.2, 9.4, 9.0 g) plotted as a smooth curve (checked: curve passes within ~0.3 g of each tabulated point); shape between t=0 and 0.2 (knee near t~0.1 s, m~16.5 g) must be digitised. tangent line and dashed triangle: compute: from the lettering of (a): line through (0.4, 12.8) with slope -9 g/sec, i.e. m=12.8-9(t-0.4); dashed legs from (0.2, 14.6) down to (0.2, 9.2) and across to (0.8, 9.2), matching Delta m=-5.4 g over Delta t=0.6 sec","(a): y ticks 0-21 step 3 ; x ticks 0-1.2 step 0.2 (printed 0 .2 .4 .6 .8 1.0 1.2) ; m (g) (horizontal, left of axis) ; t (sec) ; $\Delta m$ (beside dashed vertical leg) ; $\Delta t$ (below dashed horizontal leg) ; Tangent line (with leader line and arrowhead to the tangent line) ; $\Delta m = -5.4$ g ; $\Delta t = 0.6$ sec ; $\left.\dfrac{dm}{dt}\right]_{t=0.4} \cong -9$ g/sec ; circled a ; (b): table header t (sec) | m (g) with vertical rule between columns and horizontal rule under header ; rows 0.0 | 21.0 ; 0.2 | 15.1 ; 0.4 | 12.8 ; 0.6 | 11.3 ; 0.8 | 10.2 ; 1.0 | 9.4 ; 1.2 | 9.0 ; bracket $\Delta t$ at left spanning rows 0.2-0.6 ; bracket $\Delta m$ at right spanning 15.1-11.3 ; $\Delta m = 11.3 - 15.1 = -3.8$ g ; $\Delta t = 0.6 - 0.2 = 0.4$ sec ; $\left.\dfrac{dm}{dt}\right]_{t=0.4} \cong -9.5$ g/sec ; circled b","caption chapters/ch1-sec2a.tex:95-100: ""tangent"" line (a), table (b), Delta m negative, dm/dt; text ch1-sec2a.tex:87-90: derivative at time t' is the slope of the tangent line touching the graph (figure uses t=0.4)","Approx-equal sign printed as a triple-bar-like glyph (≅ at scan resolution); typeset as \cong to match the text (e.g. ch1-sec2a.tex:335). Text speaks of time t' while the figure uses t=0.4. The ""Tangent line"" leader enters from the right with a horizontal segment then a diagonal to the label. Small speck at (t~0.6, m~14) in (a) is scanner dirt. The table in (b) is artwork and must be typeset inside the figure."
ch1-fig04a,ch1:fig:4 (chapters/ch1-sec2a.tex:355; shared with ch1-fig04b),chapters/ch1-sec2a.tex:343,"(a) thrust-time curve of the NAR B4 engine; (b) same curve approximated by eight adjacent rectangles with the sum of their areas lettered above; panels separated by a vertical double rule, single horizontal rule below",graph,digitize,todo,M,"(a) 1: B4 thrust curve (solid; spike to ~13 N at ~0.15 s, plateau ~3.6 N, burnout 1.2 s). (b) 2: same B4 curve (solid) plus 8 adjacent rectangles (solid outlines; the six narrow spike rectangles show their vertical sides as a dense hatch-like set of lines)","B4 curve: digitize: measured manufacturer thrust curve; caption gives actual I_t=5.0 N-sec (ch1-sec2a.tex:354) as an area check. Rectangles: digitize, constrained by the lettered areas; measured approx. (t-range s x height N = area): [0,0.071]x2.3=.160 ; [0.071,0.108]x6.3=.234 ; [0.108,0.144]x10.6=.360 ; [0.144,0.178]x13.0=.440 ; [0.178,0.213]x9.9=.348 ; [0.213,0.277]x5.1=.330 ; [0.277,1.13]x3.65=3.115 ; [1.13,1.20]x3.05=.213 (the lettered sum lists the areas in the order .160,.348,.234,.213,.360,.440,.330,3.115, not left to right)",(a): y ticks 0-16 step 4 ; x ticks 0-1.2 step 0.4 (printed 0 .4 .8 1.2) ; F (N) (rotated) ; t (sec) ; circled a ; (b): $I_t \cong .160 + .348 + .234 + .213$ / $+ .360 + .440 + .330 + 3.115$ / $= 5.20$ N-sec (three lines above the plot) ; y ticks 0-16 step 4 ; x ticks 0-1.2 step 0.4 (printed 0 .4 .8 1.2) ; F (N) ; t (sec) ; circled b,"text ch1-sec2a.tex:325-328: curve of Fig 4a (initial spike then fairly constant thrust); ch1-sec2a.tex:328-332: Fig 4b approximated by ""eight adjacent rectangles"" done ""by eye""; ch1-sec2a.tex:334-338: $I_t \cong F_1\Delta t_1 + \dots + F_8\Delta t_8$ (rectangles not labelled F_i, Delta t_i in the art); caption ch1-sec2a.tex:345-354: B4 engine, I_t = area in N-sec, (b) sum of rectangle areas, actual I_t 5.0 N-sec","Figure 4 is printed across two scan pages (PDF 54: panels a-b with caption; PDF 55: panels c-d) and is included as two images in one float (ch1-sec2a.tex:343-344); a redraw can make one 2x2 figure. The same B4 curve appears in all four panels, in Fig 5a and as the ""Actual curve"" of Ch4 Fig 4 (sup-ch4-fig04-1994): digitise once, but note the tracings differ slightly (plateau ~3.6 N here, ~3.8-4.0 N slightly rising in Fig 5a, ~3.7 N in Ch4 Fig 4; peak ~13 N at 0.14-0.15 s in all). The lettered sum is 5.20 N-sec (arithmetic checks) vs actual 5.0."
ch1-fig04b,ch1:fig:4 (chapters/ch1-sec2a.tex:355; shared with ch1-fig04a),chapters/ch1-sec2a.tex:344,"(c) B4 curve on a square grid (grid-counting / planimeter method) with the square count lettered above; (d) cardboard-cutout method: a 1 N-sec reference rectangle above and a cutout of the curve (no axes) below, each with its weight; panels separated by a vertical double rule, single horizontal rule above",mixed,compute+digitize,todo,S,"(c) 1: B4 thrust curve (solid) over a 12 x 16 grid of squares (0.1 s x 1 N each). (d) no axes: outline of the B4 curve cutout (solid, closed along the baseline) and a thin rectangle 1 s long x 1 N high at the same scale","(c) curve: digitize: same B4 manufacturer curve as panels (a)/(b) (check area ~4.97-5.0 N-sec); grid: compute: squares of 0.1 s x 1 N (caption, ch1-sec2a.tex:350) over t 0-1.2, F 0-16. (d) cutout: digitize (same B4 outline, same scale, no axes); reference rectangle: compute: 1 s x 1 N at the curve scale (caption, ch1-sec2a.tex:352-353)",(c): $I_t \cong 49.7 \times 0.1$ / $= 4.97$ N-sec (two lines above the plot) ; y ticks 0-16 step 4 ; x ticks 0-1.2 step 0.4 (printed 0 .4 .8 1.2) ; F (N) (rotated) ; t (sec) ; circled c ; (d): 0.38 g = 1.0 N-sec (above the reference rectangle) ; 1.90 g = 5.0 N-sec (below the cutout) ; circled d,"caption ch1-sec2a.tex:350-351: in (c) each square of the grid represents 0.1 N-sec; ch1-sec2a.tex:351-354: in (d) weight in gram-forces of cardboard 1 sec long and 1 N high, method (d) most accurate, actual I_t 5.0 N-sec; text ch1-sec2a.tex:367-372 (counting squares, Fig 4c) and ch1-sec2a.tex:376-381 (cardboard cutout weighed, Fig 4d)",Effort assumes the B4 curve is digitised once for ch1-fig04a. Grid lines in (c) are drawn in the same weight as the axes; the curve is drawn over them. In (d) the cutout and rectangle are drawn without axes; small dots near the cutout are scanner specks. Printed across two pages with ch1-fig04a (see its notes); the caption is on the first page only.
ch1-fig05,ch1:fig:5 (chapters/ch1-sec2a.tex:412),chapters/ch1-sec2a.tex:405,(a) B4 end-burning engine thrust curve; (b) B14 core-burning engine; (c) E62 composite engine; three stacked plots separated by horizontal double rules,graph,digitize,todo,M,"3 (one per panel, all solid): (a) B4: spike to ~13 N at ~0.14 s, plateau ~3.8-4.0 N, burnout at 1.2 s; (b) B14: rise to a single peak ~32 N at ~0.2 s, decay to 0 at ~0.35 s; (c) E62: small initial peak ~38 N at ~0.03 s, dip to ~21 N at ~0.05 s, linear rise to ~118 N at ~0.45 s, fall to 0 at ~0.535 s","(a),(b),(c): digitize: measured manufacturer thrust curves (NAR B4, B14, E62); checks: B4 total impulse 5.0 N-sec (ch1-sec2a.tex:354); B14 nominal peak 32 N (ch4-sec2b.tex:204-205); no numbers given for the E62",(a): y ticks 0-16 step 4 ; x ticks 0-1.2 step 0.2 (printed 0 0.2 0.4 0.6 0.8 1.0 1.2) ; F (N) (rotated) ; t (sec) ; B4 (inside the curve) ; circled a ; (b): y ticks 0-40 step 10 ; x ticks 0-0.4 step 0.1 ; F (N) ; t (sec) ; B14 ; circled b ; (c): y ticks 0-120 step 30 ; x ticks 0-0.6 step 0.1 ; F (N) ; t (sec) ; E62 ; circled c,"text ch1-sec2a.tex:388-401: Fig 5a typical end-burner with the ignition ""spike"" then virtually constant thrust; ch1-sec2a.tex:415-420: Fig 5b B14 single high-thrust spike; ch1-sec2a.tex:425-430: Fig 5c peak attained gradually and near the end of burning; caption ch1-sec2a.tex:406-411: engine types B4, B14, E62","Text (ch1-sec2a.tex:425-428) says E and F engines with curves like 5c have tapered ports, while the caption says the E62 has a constant-diameter port whose slow-burning propellant gives a curve that would need a tapered port in black powder - not a contradiction, but the redrawer should not relabel. Panel (a) is the same engine as Fig 4 and Ch4 Fig 4 (see ch1-fig04a notes on tracing differences). Panels have different widths in the scan: (b) is narrower (x 0-0.4) and indented."
ch1-fig06,ch1:fig:6 (chapters/ch1-sec2b.tex:109),chapters/ch1-sec2b.tex:103,none,schematic,draw,drafted,S,n/a,n/a,$\vec{V}$ (at the tip of a bold velocity arrow from the CG) ; $\alpha$ (inside an arc between the velocity arrow and the rocket axis),"text ch1-sec2b.tex:91-94: angle of attack = angle between CG velocity vector and longitudinal axis; caption ch1-sec2b.tex:104-108: axis deflected through $\alpha$ from $\vec{V}$, no horizontal wind","Rocket (same outline family as Fig 1) inclined ~30 deg above horizontal, its axis extended as a thin solid line beyond nose and tail; dash-dot centreline inside the body; CG symbol where the V arrow starts; alpha ~30 deg as drawn (V ~60 deg, axis ~30 deg above horizontal; not stated). Arc has a small arrowhead at the axis end; the V-end is [illegible: arrowhead or plain]. Vector label printed as overbar/overarrow (indistinct at 150 ppi). Speck right of the nose is scanner dirt."
ch1-fig07,ch1:fig:7 (chapters/ch1-sec2b.tex:267),chapters/ch1-sec2b.tex:261,none,schematic,draw,todo,S,n/a,n/a,$\vec{V}$ ; $\vec{N}$ ; $\vec{S} = \vec{N}\cos\alpha$ ; $\vec{D}_1 = \vec{N}\sin\alpha$ ; $\alpha$ (small arc between N and S),"caption ch1-sec2b.tex:262-266: forces act through the centre of pressure; $\vec{N}$ perpendicular to the longitudinal axis, $\vec{S}$ perpendicular to the velocity vector, $\vec{D}_1$ parallel to it; no wind; text ch1-sec2b.tex:253-257 (N sin alpha drag component, N cos alpha side force; resolution shown in Fig 7) and backmatter/supplement/s-ch1.tex:302-305 (same text in the supplement page-40 correction)","Same rocket attitude and outline as Fig 6 (reuse). Bold V arrow starts at the CG symbol (quartered circle); N, S and D_1 start at the CP symbol (circle with centre dot) aft of the CG. Vector triangle: N (bold, perpendicular to axis), S (bold, perpendicular to V), D_1 (bold, from tip of S to tip of N, antiparallel to V). The labels write magnitudes as vectors ($\vec{S} = \vec{N}\cos\alpha$); keep as printed. D_1 subscript is the numeral 1 as in the caption."
ch1-fig08,ch1:fig:8 (chapters/ch1-sec3.tex:33),chapters/ch1-sec3.tex:28,none,schematic,draw,todo,S,n/a,n/a,$\vec{V}$ ; $\vec{F}$ ; $\vec{D}$ ; $\vec{W}$ ; $\vec{S}$,"text ch1-sec2b.tex:307-313: complete vector (free-body) diagram of all forces on the CG motion; caption ch1-sec3.tex:29-32: thrust, drag, weight, side force and velocity vector, general flight attitude, wind-free","Rocket inclined ~30 deg (same outline as Figs 6-7), axis extended beyond the nose as a thin dash-dot line. Bold arrows: F along the axis pushing into the tail from behind; V from the CG (quartered-circle symbol) up and to the right; W vertically down from the CG; D from the CP (circle with dot) antiparallel to V; S from the CP perpendicular to V. The lower fin is partly hidden behind the D arrow (small open outline visible). Figure-first citation is in ch1-sec2b but the float lives at the start of ch1-sec3 (comment ch1-sec3.tex:21-25)."
ch1-fig09,ch1:fig:9 (chapters/ch1-sec3.tex:58),chapters/ch1-sec3.tex:52,"(a) rocket leaving a launch rod on its pad, with the velocity parallelogram above it and five horizontal wind arrows to the right; (b) curved flight path bending toward the wind (to the right) with a tiny rocket at its end and seven wind arrows; panels separated by a vertical double rule",schematic,draw,todo,S,n/a,n/a,"(a): $\vec{V}$ (bold vertical arrow) ; $\vec{U}$ (bold horizontal arrow pointing left, drawn ending at the common origin) ; $\vec{V} + (-\vec{U})$ (bold diagonal up-right; the + is blotted in the scan) ; dashed lines completing the rectangle ; Wind (rotated 90 deg) ; circled a ; (b): Wind (rotated 90 deg) ; circled b","text ch1-sec3.tex:41-45: weathercocking, tipping into the wind and flying off along the vector sum; caption ch1-sec3.tex:53-57: launcher (a), vertical velocity $\vec{V}$, horizontal wind $\vec{U}$, direction of $\vec{V} + (-\vec{U})$, weathercocks (b), CP behind CG","The caption explains the effect by the CP lying behind the CG, but neither point is marked in the art. Wind arrows point left (wind from the right), so flying into the wind is to the right, as the path in (b) shows. U is drawn with its head at the parallelogram origin (tail at right), i.e. the arrow shows the wind direction, while the diagonal is V + (-U). Launcher: flat base plate with a short hub, rod with a fillet brace at its foot. Specks near the pad are scanner dirt."
ch1-fig10,ch1:fig:10 (chapters/ch1-sec3.tex:119),chapters/ch1-sec3.tex:108,"(a) horizontal wind: small wind arrows (9, pointing left) beside the rocket, bold arrow at the CP; (b) mismounted fin: one fin root drawn canted (slanted line through the body), bold arrow into the fin; (c) torsionally vibrating fins: fins drawn as open brackets with crossing deflection lines inside the body, bold arrows from both sides; (d) mismounted engine: skewed exhaust plume and a thin inclined thrust line, bold arrow at the tail; (e) launch rod whip: launch lug on the body, rod line beside the tail, bold arrow at the tail; (f) staging: tilted, displaced lower stage below the upper stage with radiating blast lines at the joint, bold arrow at the upper-stage base pointing left",rocket,draw,todo,M,n/a,n/a,circled a ; circled b ; circled c ; circled d ; circled e ; circled f ; no other text,"text ch1-sec3.tex:99-101 (situations producing aerodynamic or mechanical disturbances); caption ch1-sec3.tex:109-118: horizontal wind (a), mismounted fins (b), one canted fin spins the rocket, torsionally vibrating fins (c), mismounted/malfunctioning engine (d), launch rod whip (e), staging (f): lower stage blown to the right, upper-stage base pushed to the left; (a)-(c) aerodynamic, (d)-(f) mechanical","Six copies of the same upright rocket (outline as Fig 1) each with CG (quartered circle) and CP (circle with dot) symbols and an exhaust plume; arrange 3 x 2. Caption on PDF 78, artwork on PDF 79. In (e) the small cross at the lower end of the rod is [illegible: rod tip or tick]. In (f) the lower stage is rotated ~20 deg with its fins, and the upper-stage base arrow points left as the caption says. Wind arrows in (a) are short with small heads; one is partly hidden by the bold CP arrow."
sup-ch1-fig02-1994,"ch1:fig:2 (chapters/ch1-sec2a.tex:72); supplement Part, no label (s-ch1.tex:247)",chapters/ch1-sec2a.tex:50 ; backmatter/supplement/s-ch1.tex:247,"none (three rockets side by side with an equation row beneath: left = momentum term, centre = pressure term, right = total thrust)",rocket,draw,todo,M,n/a,n/a,"left rocket: $\Delta m_e$ (in a hatched band across the plume; subscript e blotted) ; $\vec{c}$ (below a bold down arrow) ; axis cross: +y ; +x ; centre rocket: $P_a$ (outside, left of the body) ; ambient-pressure arrows: 14 short inward arrows on each side of nose, body and fin region plus 1 downward arrow at the nose tip ; three upward arrows at the nozzle exit (centre one bold) ; $\vec{A}_e$ (below the exit arrows) ; $P_e$ (inside the plume) ; right rocket: $\vec{F}$ (below a bold up arrow at the nozzle exit) ; equation row: $\overrightarrow{-c}\,(dm_e/dt)$ [the artwork arrow spans the minus sign and c] ; + ; $\overrightarrow{(P_e - P_a)A_e}$ [arrow over the whole term] ; = ; $\vec{F}$","caption chapters/ch1-sec2a.tex:51-67: $\Delta m_e$, exhaust velocity $\vec{c}$ in the $(-y)$ direction, force $-\vec{c}(dm_e/dt)$ in $(+y)$, exhaust pressure $P_e$ at the nozzle exit plane, ambient pressure $P_a$, exit area $\vec{A}_e$, force $(P_e - P_a)\vec{A}_e$, equation $\vec{F} = -\vec{c}(dm_e/dt) + (P_e - P_a)\vec{A}_e$, NOTE that the exhaust is drawn as wide as the body tube; text ch1-sec2a.tex:29-31 (Fig 2 rocket emitting gas at c in the negative y direction); supplement caption s-ch1.tex:250-266 (arrow over the whole pressure term)","MISMATCH: the chapter caption (ch1-sec2a.tex:60, 64) writes $(P_e - P_a)\vec{A}_e$ (arrow over A_e only, per Mandell's note of 1 June 1994), but the artwork equation row puts the arrow over the whole term, as the supplement caption does (s-ch1.tex:36, 40, 258, 262; frontmatter/about-this-edition.tex:142-145). The same crop serves both places, so the redraw may need two variants of the equation row (or drop it from the art and typeset it per use). The 1994 lettering is typewriter style (Courier), unlike the 1973 LeRoy lettering. The three rockets are identical copies of the 1973 Fig 2 rocket (reuse ch1-fig02 outline); exhaust plumes are long spindles. Manifest excludes the typed caption and a speck at the right edge."
ch2-fig01,ch2:fig:1,chapters/ch2-intro-sec1.tex:119,none,perspective,draw,todo,L,n/a,n/a,"A ; B ; C (space axes, arrowheads) ; D ; E ; F (body axes, arrowheads) ; d ; e ; f (lowercase, on the intermediate lines that split each sector, with short dash leaders) ; O (origin, below the CG circle) ; A-d-D sector: $\alpha_E$ (A to d) and $\alpha_F$ (d to D) ; B-e-E sector: $\alpha_D$ (B to e) and $\alpha_F$ (e to E) ; C-f-F sector: $\alpha_D$ (C to f) and $\alpha_E$ (f to F)","caption chapters/ch2-intro-sec1.tex:120-123 ($\alpha_D$ yaw, $\alpha_E$ pitch, $\alpha_F$ roll; origin at the rocket's CG) ; text chapters/ch2-intro-sec1.tex:104-115 (space axes A,B,C; body axes D,E,F fixed in the rocket; yaw $\alpha_D$ about D, then pitch $\alpha_E$ about E, then roll $\alpha_F$ about F)","Three hatched angular sectors (A-d-D, B-e-E, C-f-F) fan out from O, each angle marked by a short dimension line; hatching is fine parallel strokes (horizontal in A-D and C-f, vertical in e-E and f-F). A four-fin rocket seen from astern lies along the F axis through O (body, dash-dot centreline, tail ring). Same drawing as Fig 6 (relabelled): build once and reuse. The lowercase d, e, f are not mentioned in the text. Scanner specks right of B and at lower left are not artwork."
ch2-fig02,ch2:fig:2,chapters/ch2-intro-sec1.tex:217,none,perspective,draw,todo,M,n/a,n/a,A ; B ; C,caption chapters/ch2-intro-sec1.tex:218-220 (right-hand screw turned as if axis A were turned toward B advances positively along C) ; text chapters/ch2-intro-sec1.tex:204-207 ; Fig 4 caption chapters/ch2-intro-sec1.tex:236-239 (compare with Figs 2 and 3),"Three axes from one origin in oblique view (A up, B to the right and up, C to the left and up). A right-hand screw lies along C: pointed tip toward C, threaded shank (many fine thread lines), slotted round head at the origin, surrounded by a large open elliptical rotation arrow with a small arrowhead at its lower right. The rotation sense must be A toward B (right-handed about C); check the arrowhead against the scan. Thread detail can be simplified in a modern redraw."
ch2-fig03,ch2:fig:3,chapters/ch2-intro-sec1.tex:226,none,perspective,draw,todo,M,n/a,n/a,D ; E ; F ; $\omega_D$ ; $\omega_E$ ; $\omega_F$,"caption chapters/ch2-intro-sec1.tex:227-229 ($\omega_D$ positive yaw rate, $\omega_E$ positive pitch rate, $\omega_F$ positive roll rate) ; text chapters/ch2-intro-sec1.tex:207-208 (a rocket rotating with all angular-velocity components positive)","Four-fin rocket in oblique view along F (nose toward F, dash-dot extension aft of the tail), CG as a small circle at the origin of the body axes D (up), E (right) and F (along the rocket). Each axis carries an open elliptical rotation arrow with the book's open cone-and-ball arrowhead, labelled. Senses must be right-handed, consistent with Fig 2. The rocket and axes are reused unchanged in Fig 4; the rocket is the same style as in Figs 1 and 6."
ch2-fig04,ch2:fig:4,chapters/ch2-intro-sec1.tex:235,none,perspective,draw,todo,S,n/a,n/a,D ; E ; F ; $\omega_D$ ; $\omega_E$ ; $\omega_F$,"caption chapters/ch2-intro-sec1.tex:236-239 (vector representation; compare with Figs 2 and 3) ; text chapters/ch2-intro-sec1.tex:209-213 (arrow along the axis, direction by sign, length proportional to magnitude)","Same rocket and axes as Fig 3 (effort assumes Fig 3 is drawn first; M standalone). The rotation arrows become open-headed vector arrows (cone-and-ball heads) along D, E and F; $\omega_F$ is drawn on the rocket body toward the nose. Axis arrowheads are solid. A speck above-right of D is not artwork."
ch2-fig05,ch2:fig:5,chapters/ch2-intro-sec1.tex:333,none,perspective,draw,todo,M,n/a,n/a,"M (inner curved arrow on the wheel face) ; $\omega(t)$ (outer curved arrow) ; $\alpha(t)$ (angle between a radial line on the wheel and a fixed horizontal reference line, arc with arrowheads) ; formulas below the drawing, aligned on '=': $\omega = \gamma t$ ; $= \frac{M}{I}t$ ; $\alpha = \frac{\gamma}{2}t^2$ ; $= \frac{M}{2I}t^2$","caption chapters/ch2-intro-sec1.tex:334-336 (constant moment M applied at t = 0; moment of inertia I; $\gamma = M/I$) ; text chapters/ch2-intro-sec1.tex:310-321 ($\gamma = M/I$, $\omega = (M/I)t$, $\alpha = (M/2I)t^2$ 'illustrated in Figure 5') ; chapters/ch2-sec3b.tex:58 (flywheel recalled for the impulse) ; frontmatter/about-this-edition.tex:257 ('the formulas beneath the flywheel of Figure 5')","Thick flywheel (short cylinder) in oblique view on a short hub, with a long axis line through it (dashed inside the hub). Formulas match figures/vectorize-todo.md and the text; set them in type. If they leave the artwork, update frontmatter/about-this-edition.tex:257, which describes them as beneath the flywheel."
ch2-fig06,ch2:fig:6,chapters/ch2-intro-sec1.tex:414,none,perspective,draw,todo,S,n/a,n/a,"A ; B ; C ; D ; E ; F, Z ; X ; Y ; f (lowercase, at the corner of the C-F sector, as in Fig 1) ; A-X-D sector: $\alpha_Y$ (A to X) and $\alpha_F$ (X to D) ; B-Y-E sector: $\alpha_X$ (B to Y) and $\alpha_F$ (Y to E) ; C-f-F sector: $\alpha_X$ (C to f) and $\alpha_Y$ (f to F)","caption chapters/ch2-intro-sec1.tex:415-419 (space axes A,B,C; body axes D,E,F; intermediate axes X,Y,Z follow yaw and pitch, zero roll) ; text chapters/ch2-intro-sec1.tex:377-386 (Z always coincides with F; $\alpha_X = \alpha_D$, $\alpha_Y = \alpha_E$, $\alpha_Z = 0 \ne \alpha_F$)","Same drawing as Fig 1, relabelled (effort assumes Fig 1 is drawn first; L standalone): d becomes X, e becomes Y, F becomes 'F, Z', alpha_D becomes alpha_X and alpha_E becomes alpha_Y. The lowercase f keeps its Fig 1 label. Fig 1's origin label O is absent here. Specks at lower left are not artwork."
ch2-fig07,ch2:fig:7,chapters/ch2-sec2.tex:36,none,graph,digitize,todo,M,"1: true corrective moment $M_c(\alpha_X)$, solid: straight from the origin (about 1.0e5 at 0.1, 2.0e5 at 0.2), then bending over (2.22e5 at 0.225, 2.35e5 at 0.25) to a flat top of about 2.44e5 at 0.29-0.30 rad","digitize: 'typical' curve with no equation (chapters/ch2-sec2.tex:21-26: the dependence is analytically complicated); constraints: initial slope $C_1 = 1\times10^6$ dyn-cm (Fig 9 lettering), linear below 0.225 rad (Fig 9 caption, chapters/ch2-sec2.tex:117-118), slope reaching zero near 0.3 rad = 17 deg (chapters/ch2-sec5.tex:252-255 puts it at 12-18 deg)","y title: Corrective moment $M_c$ (dyn-cm) ; y ticks 0-$4\times10^5$ step $1\times10^5$, all labelled (0, $1\times10^5$, $2\times10^5$, $3\times10^5$, $4\times10^5$) ; x title: Angular deflection $\alpha_X$ (rad) ; x ticks 0-0.3 step 0.1 labelled (0, 0.1, 0.2, 0.3), unlabelled minor ticks at 0.05, 0.15, 0.25",caption chapters/ch2-sec2.tex:37-38 ; chapters/ch2-sec2.tex:25-26 (functional form of $M_c$ against $\alpha_X$) ; chapters/ch2-sec5.tex:252-255 (slope of the corrective moment curve becomes zero between 12 and 18 deg) ; chapters/ch2-sec5.tex:287-288 (a measured curve is 'the first part of the curve in Figure 7') ; Fig 9 caption chapters/ch2-sec2.tex:114-116 (the same rocket),"Left and bottom axes only, no frame or grid. The curve must be the same data as the true curve in Fig 9's upper plot (digitized: they agree within about 1%): digitize once. Hand-lettered subscripts are lowercase in the art (x, x0, xm, y0); transcribed here in the STYLE.md section 13 forms (alpha_X, Omega_{X0}, alpha_{Xm}, M_X)."
ch2-fig08,ch2:fig:8,chapters/ch2-sec2.tex:44,none,graph,digitize,todo,M,"1: true damping moment $M_d(\Omega_X)$, solid: near-straight from the origin (0.32e6 at 25, 0.65e6 at 50, 0.96e6 at 75, 1.20e6 at 100), bending to a flat maximum of about 1.38e6 near 137 rad/sec, 1.36e6 at 150","digitize: 'typical' curve with no equation (chapters/ch2-sec2.tex:30-32 'roughly as shown'); constraints: initial slope $C_2 = 1.25\times10^4$ dyn-cm-sec (Fig 9 lettering), linear below 87 rad/sec (Fig 9 caption, chapters/ch2-sec2.tex:118-119)","y title: Damping moment $M_d$ (dyn-cm) ; y ticks 0, $1\times10^6$, $2\times10^6$ labelled, unlabelled minor ticks at $0.5\times10^6$ and $1.5\times10^6$ ; x title: Angular velocity $\Omega_X$ (rad/sec) ; x ticks 0-150 step 50 labelled, unlabelled minor ticks at 25, 75, 125",caption chapters/ch2-sec2.tex:45-46 ; chapters/ch2-sec2.tex:27-32 ($M_d$ opposes the angular velocity; form 'roughly as shown') ; Fig 9 caption chapters/ch2-sec2.tex:114-119,"Same layout as Fig 7. The curve must be the same data as the true curve in Fig 9's lower plot (digitized: they agree): digitize once. The drawn initial slope is about 3% steeper than $C_2$. Hand-lettered subscripts are lowercase in the art (x, x0, xm, y0); transcribed here in the STYLE.md section 13 forms (alpha_X, Omega_{X0}, alpha_{Xm}, M_X)."
ch2-fig09,ch2:fig:9,chapters/ch2-sec2.tex:113,upper: corrective moment against angular deflection (Fig 7 axes) ; lower: damping moment against angular velocity (Fig 8 axes) ; no panel letters,graph,compute+digitize,todo,M,"upper, 2 solid + guides: true $M_c$ (Fig 7 curve), linear approximation (straight line from the origin to 3.0e5 at 0.3), dashed vertical at 0.225 rad, 'Range of validity' double arrow from the y axis to the dashed line at about 2.8e5 ; lower, 2 solid + guides: true $M_d$ (Fig 8 curve), linear approximation (straight line to about 1.9e6 at 150), dashed vertical at 87 rad/sec, 'Range of validity' double arrow at about 1.35e6",per curve: linear approximations (both plots): compute: eq (8) $M_c = C_1\alpha_X$ and eq (9) $M_d = C_2\Omega_X$; params: $C_1 = 1\times10^6$ dyn-cm and $C_2 = 1.25\times10^4$ dyn-cm-sec (figure lettering) ; dashed limits: 0.225 rad and 87 rad/sec (caption chapters/ch2-sec2.tex:117-119) ; true curves (both plots): digitize (no equation; same data as Figs 7 and 8),"upper: y title Corrective moment $M_c$ (dyn-cm) ; y ticks 0-$4\times10^5$ step $1\times10^5$ labelled ; x title Angular deflection $\alpha_X$ (rad) ; x ticks 0-0.3 step 0.1 labelled, minor ticks at 0.05, 0.15, 0.25 ; Range of validity ; Linear approximation (two lines) ; True $M_c$ ; $C_1 = 1\times10^6$ dyn-cm ; lower: y title Damping moment $M_d$ (dyn-cm) ; y ticks 0, $1\times10^6$, $2\times10^6$ labelled, minor at $0.5\times10^6$, $1.5\times10^6$ ; x title Angular velocity $\Omega_X$ (rad/sec) ; x ticks 0-150 step 50 labelled, minor at 25, 75, 125 ; Range of validity ; Linear approximation (two lines) ; True $M_d$ ; $C_2 = 1.25\times10^4$ dyn-cm-sec (two lines)",caption chapters/ch2-sec2.tex:114-119 (linear for $\alpha_X$ < 0.225 rad and for yaw rates below 87 rad/sec; the rocket of Figs 7 and 8) ; text chapters/ch2-sec2.tex:104-108 (the approximations are the slopes of the moment curves at zero),"Both plots in one crop, stacked, sharing nothing but the style; reuse the Fig 7 and Fig 8 axis definitions and data. The in-figure $C_1$, $C_2$ values match figures/vectorize-todo.md. Hand-lettered subscripts are lowercase in the art (x, x0, xm, y0); transcribed here in the STYLE.md section 13 forms (alpha_X, Omega_{X0}, alpha_{Xm}, M_X)."
ch2-fig10,ch2:fig:10,chapters/ch2-sec3a.tex:178,"upper: $\alpha_X$ against t sketch-graph with circled points a-f on the curve ; lower: six rocket silhouettes a-f (circled letters below) showing the attitude at those instants, viewed from the negative y axis",mixed,sketch,todo,L,"upper: 1 solid undamped sinusoid from $\alpha_{X0}$ (rising), maxima at a and e, minimum at c, zeros at b, d, f (about 1.3 periods) ; straight solid line at t = 0 ('Slope = $\Omega_{X0}$') ; dashed horizontal line at A","sketch: qualitative, no numeric scale; shape from eq (15) with D = 0 ($C_2 = 0$): $\alpha_X = A\sin(\omega_n t + \varphi)$, $\omega_n = \sqrt{C_1/I_L}$ (chapters/ch2-sec3a.tex:160-162), A and $\varphi$ from (18), (19) with D = 0; $\alpha_{X0}$, $\Omega_{X0}$, $\omega_n$ to be matched to the scan","Slope = $\Omega_{X0}$ ; A (y tick, dashed line) ; $\alpha_{X0}$ (y tick) ; 0 ; $\alpha_X$ (rad) ; t (sec) ; circled a, b, c, d, e, f on the curve ; dimension arrows $\frac{\pi-\varphi}{\omega_n}$ (t = 0 to b) and $\frac{2\pi}{\omega_n}$ (b to f), with vertical extension lines at t = 0, b and f ; silhouettes: angle labels A (over a), $-A$ (over c), A (over e) ; circled a, b, c, d, e, f under the rockets","caption chapters/ch2-sec3a.tex:179-187 (time to first zero, period, relation of initial conditions; rockets as viewed from the negative y axis; constant airspeed) ; text chapters/ch2-sec3a.tex:162-165 (simple harmonic motion at $\omega_n$ and constant amplitude A) ; circled letters a-f tie the curve to the silhouettes (not cited in the text)","Silhouette: ogive nose, body tube, two delta fins, CG as a circled dot, dash-dot centreline extended fore and aft, and a solid vertical reference line; a and e tilt nose-right by A, c nose-left by -A, b, d, f upright, tilt dimensioned at the top between the vertical and the rocket axis. Draw one silhouette and rotate it. Scan: A is about 2.8 alpha_X0, which implies the first zero at about 0.88 pi/omega_n, but b is drawn at about 0.81 pi/omega_n; choose one consistent phi. Same axis style as Figs 11-14. Credit: after Mandell, Model Rocketry Oct 1968 (backmatter/figure-credits.tex:11). Hand-lettered subscripts are lowercase in the art (x, x0, xm, y0); transcribed here in the STYLE.md section 13 forms (alpha_X, Omega_{X0}, alpha_{Xm}, M_X)."
ch2-fig11,ch2:fig:11,chapters/ch2-sec3a.tex:234,none,sketch-graph,sketch,todo,M,"2: (1) underdamped response, solid, from $\alpha_{X0}$ rising to a first peak, two zero crossings, ending near the second positive peak ; (2) envelope $Ae^{-Dt}$, dashed (short dashes), drawn only above the axis from about the first peak on, touching the peaks ; plus a straight solid tangent at t = 0 ('Slope = $\Omega_{X0}$')","sketch: qualitative, no numeric scale; shape from eq (15) with (16)-(19) (underdamped), envelope $Ae^{-Dt}$; parameters to be matched to the scan (successive peak ratio about 0.5, i.e. $\zeta \approx 0.2$; time to first zero about 0.9 pi/omega)","Slope = $\Omega_{X0}$ ; $\alpha_{X0}$ ; 0 ; $\alpha_X$ (rad) ; t (sec) ; $Ae^{-Dt}$ (with a bent leader to the envelope) ; dimension arrows $\frac{\pi-\varphi}{\omega}$ (t = 0 to the first zero) and $\frac{\pi}{\omega}$ (first to second zero), with vertical extension lines",caption chapters/ch2-sec3a.tex:235-240 (envelope 'as shown by the dotted line'; time to first zero; one-half period) ; text chapters/ch2-sec3a.tex:206-209 (a sine curve confined within a decaying exponential),"The caption says 'dotted line' but the envelope is printed with short dashes: draw it dotted, or keep it dashed and accept the caption's wording. The tangent line is correctly tangent here. A speck right of the envelope is not artwork. Credit: backmatter/figure-credits.tex:14. Hand-lettered subscripts are lowercase in the art (x, x0, xm, y0); transcribed here in the STYLE.md section 13 forms (alpha_X, Omega_{X0}, alpha_{Xm}, M_X)."
ch2-fig12,ch2:fig:12,chapters/ch2-sec3a.tex:352,none,sketch-graph,sketch,todo,S,"1: critically damped response, solid, from $\alpha_{X0}$ with a slight hump, then decaying asymptotically to 0 from above ; plus a straight solid line from $(0, \alpha_{X0})$ labelled 'Slope = $\Omega_{X0}$'","sketch: qualitative, no numeric scale; shape from eq (22) with (23) and $D = C_2/2I_L$ (16); $\alpha_{X0}$, $\Omega_{X0}$, D to be matched",Slope = $\Omega_{X0}$ ; $\alpha_{X0}$ ; 0 ; $\alpha_X$ (rad) ; t (sec),caption chapters/ch2-sec3a.tex:353-356 (no oscillation; approaches zero asymptotically from above) ; text chapters/ch2-sec3a.tex:334-340 (never crosses the t axis; $\alpha_{X0}$ and $\Omega_{X0}$ both positive 'as shown' give a single peak),"Mismatch in the scan: the 'Slope = Omega_X0' line rises steeply but the curve leaves alpha_X0 almost level, so the line is not tangent. Fitting (22)-(23) with the drawn slope: the drawn decay rate gives a peak about twice alpha_X0, and a D large enough to keep the hump small decays far faster than drawn. Redraw with a consistent pair (smaller Omega_X0 or a taller peak). The vertical axis runs well below 0 with nothing there (common layout of Figs 10-14). Keep Figs 12 and 13 visibly different (Fig 13's caption compares them). Credit: backmatter/figure-credits.tex:17. Hand-lettered subscripts are lowercase in the art (x, x0, xm, y0); transcribed here in the STYLE.md section 13 forms (alpha_X, Omega_{X0}, alpha_{Xm}, M_X)."
ch2-fig13,ch2:fig:13,chapters/ch2-sec3a.tex:441,none,sketch-graph,sketch,todo,S,"1: overdamped response, solid, slight hump after $\alpha_{X0}$ then slow decay, still above 0 at the right edge ; plus a straight solid line from $(0, \alpha_{X0})$ labelled 'Slope = $\Omega_{X0}$'","sketch: qualitative, no numeric scale; shape from eq (24) with $\tau_1$, $\tau_2$ from (25) and $A_1$, $A_2$ from (26); $\zeta > 1$ and initial conditions to be matched",Slope = $\Omega_{X0}$ ; $\alpha_{X0}$ ; 0 ; $\alpha_X$ (rad) ; t (sec),caption chapters/ch2-sec3a.tex:442-447 (returns to zero more slowly than the critically damped case; 'stuck' at $\alpha_{X0}$ in the limit) ; text chapters/ch2-sec3a.tex:430-433 (no overshoot; decays more slowly than critical damping),"Same tangent mismatch as Fig 12 (line steeper than the curve's initial slope). Use Fig 12's alpha_X0, Omega_X0 and C_1/I_L with a larger C_2 so the caption's comparison shows. The manifest box was set by hand (caption OCR missed); crop is complete. Credit: backmatter/figure-credits.tex:20. Hand-lettered subscripts are lowercase in the art (x, x0, xm, y0); transcribed here in the STYLE.md section 13 forms (alpha_X, Omega_{X0}, alpha_{Xm}, M_X)."
ch2-fig14,ch2:fig:14,chapters/ch2-sec3a.tex:471,none,sketch-graph,sketch,todo,S,"1: divergent response, solid, from $\alpha_{X0}$ growing exponentially off the top of the frame ; plus a straight solid tangent at t = 0 ('Slope = $\Omega_{X0}$')","sketch: qualitative, no numeric scale; shape from eq (24) with (25), (26) and $C_1 < 0$ ($\tau_1$ negative, chapters/ch2-sec3a.tex:453-460); parameters to be matched",$\alpha_{X0}$ ; 0 ; Slope = $\Omega_{X0}$ (at the right end of the tangent) ; $\alpha_X$ (rad) ; t (sec),caption chapters/ch2-sec3a.tex:472-478 (yaw angle increases with time) ; text chapters/ch2-sec3a.tex:453-462 ($\tau_1 < 0$ when $C_1 < 0$; 'divergent' response),"The tangent is correctly tangent here. alpha_X0 sits close to the t axis; the curve leaves the top about a third of the way across. Same layout as Figs 12-13. Credit: backmatter/figure-credits.tex:23. Hand-lettered subscripts are lowercase in the art (x, x0, xm, y0); transcribed here in the STYLE.md section 13 forms (alpha_X, Omega_{X0}, alpha_{Xm}, M_X)."
ch2-fig15,ch2:fig:15,chapters/ch2-sec3a.tex:499,none,sketch-graph,sketch,todo,S,"1: step function, solid: zero for t < 0 (on the t axis, which extends left of the origin), $M_s$ for t >= 0 (horizontal line starting at the vertical axis)","sketch: qualitative; the step definition $f_x(t) = 0$ (t < 0), $M_s$ (t >= 0) (unnumbered display, chapters/ch2-sec3a.tex:510-513)",Yawing moment $M_X$ (dyn-cm) (two-line vertical title just left of the axis) ; $M_s$ (y tick) ; 0 (below right of the origin) ; t (sec),"caption chapters/ch2-sec3a.tex:500-501 (zero before t = 0; $M_s$ dyn-cm after) ; text chapters/ch2-sec3a.tex:493-495, 505-513","Four-quadrant axes: the t axis starts well left of the origin and the vertical axis runs well below 0. The step's riser coincides with the vertical axis. Credit: backmatter/figure-credits.tex:26. Hand-lettered subscripts are lowercase in the art (x, x0, xm, y0); transcribed here in the STYLE.md section 13 forms (alpha_X, Omega_{X0}, alpha_{Xm}, M_X)."
ch2-fig16,ch2:fig:16,chapters/ch2-sec3a.tex:622,none,sketch-graph,sketch,todo,S,"1: undamped step response, solid, $(M_s/C_1)(1-\cos\omega_n t)$: from 0 with zero slope to $2M_s/C_1$ at $\pi/\omega_n$, back to 0 at $2\pi/\omega_n$, rising to about $1.7M_s/C_1$ at the right edge (about 2.75 pi/omega_n) ; dashed horizontal line at $M_s/C_1$ ; solid guide from the axis to the peak and solid vertical from the peak to $\pi/\omega_n$","sketch: no numeric scale, but fully determined in normalized units: eq (30) with D = 0 and (31a), (31b) ($\varphi = \pi/2$, $A = -M_s/C_1$) gives $\alpha_X = (M_s/C_1)(1-\cos\omega_n t)$; peak marks from (32a), (32b) with D = 0; only the t range (about 0-2.75 pi/omega_n) to match",$\frac{2M_s}{C_1}$ ; $\frac{M_s}{C_1}$ (y ticks) ; 0 ; $\frac{\pi}{\omega_n}$ (t tick) ; $\alpha_X$ (rad) ; t (sec),"caption chapters/ch2-sec3a.tex:623-625 (oscillates about $M_s/C_1$; maximum yaw angle and the time first attained) ; text chapters/ch2-sec3a.tex:606-612 (from zero to $2M_s/C_1$, starting with zero angular velocity)","Tick labels are stacked fractions. Same layout as Figs 17-19 (vertical axis extends a little below 0). Credit: backmatter/figure-credits.tex:29. Hand-lettered subscripts are lowercase in the art (x, x0, xm, y0); transcribed here in the STYLE.md section 13 forms (alpha_X, Omega_{X0}, alpha_{Xm}, M_X)."
ch2-fig17,ch2:fig:17,chapters/ch2-sec3a.tex:631,none,sketch-graph,sketch,todo,S,"1: underdamped step response, solid: from 0 with zero slope, first peak at $\pi/\omega$, one undershoot below $M_s/C_1$ (about 0.78 Ms/C1), ending near $M_s/C_1$ at about 2.85 pi/omega ; dashed horizontal line at $M_s/C_1$ ; solid guide to the peak level and solid vertical from the peak to $\pi/\omega$","sketch: no numeric scale; shape from eq (30) with (16), (17), (31a), (31b), in units of $M_s/C_1$ and $\pi/\omega$; only $\zeta$ to match: the scan's overshoot of about 0.47 gives $e^{-\pi D/\omega} \approx 0.47$, $\zeta \approx 0.23$; peak marks from (32a), (32b)",$\frac{M_s}{C_1}\left(1+e^{-\frac{\pi D}{\omega}}\right)$ (y tick; the exponent is faint) ; $\frac{M_s}{C_1}$ ; 0 ; $\frac{\pi}{\omega}$ (t tick) ; $\alpha_X$ (rad) ; t (sec),caption chapters/ch2-sec3a.tex:632-635 (comes to rest at $M_s/C_1$; maximum yaw angle and its time) ; text chapters/ch2-sec3a.tex:612-616 (zero magnitude and slope at the start; 'homes in' on $M_s/C_1$) ; chapters/ch2-sec3a.tex:698-700 ('A look at Figure 17 will reveal' that (32b) is the greatest displacement: the first peak must be the global maximum),"The faint exponent reads $-\pi D/\omega$, matching (32b); (32b) uses square brackets, the art parentheses. The scan's minimum is drawn at about 2.2 pi/omega rather than 2 pi/omega (hand drawing). Credit: backmatter/figure-credits.tex:32. Hand-lettered subscripts are lowercase in the art (x, x0, xm, y0); transcribed here in the STYLE.md section 13 forms (alpha_X, Omega_{X0}, alpha_{Xm}, M_X)."
ch2-fig18,ch2:fig:18,chapters/ch2-sec3a.tex:731,none,sketch-graph,sketch,todo,S,"1: critically damped step response, solid, from 0 with zero slope rising monotonically to $M_s/C_1$ ; dashed horizontal line at $M_s/C_1$","sketch: no numeric scale; shape from eq (33) with (34a), (34b) and (16): $\alpha_X = (M_s/C_1)[1-(1+Dt)e^{-Dt}]$; only the time scale D to match",$\frac{M_s}{C_1}$ ; 0 ; $\alpha_X$ (rad) ; t (sec),caption chapters/ch2-sec3a.tex:732-733 (approaches $M_s/C_1$ asymptotically from below) ; text chapters/ch2-sec3a.tex:727,"In the scan the curve meets the dashed line about two thirds across and runs along it. Use the same time axis as Fig 19 so Fig 19's 'more slowly' shows. A speck left of the axis is not artwork. Credit: backmatter/figure-credits.tex:35. Hand-lettered subscripts are lowercase in the art (x, x0, xm, y0); transcribed here in the STYLE.md section 13 forms (alpha_X, Omega_{X0}, alpha_{Xm}, M_X)."
ch2-fig19,ch2:fig:19,chapters/ch2-sec3a.tex:766,none,sketch-graph,sketch,todo,S,"1: overdamped step response, solid, from 0 with zero slope rising slowly, about 0.87 Ms/C1 at the right edge ; dashed horizontal line at $M_s/C_1$","sketch: no numeric scale; shape from eq (35) with (36a), (36b) and $\tau_1$, $\tau_2$ from (25); $\zeta > 1$ and time scale to match",$\frac{M_s}{C_1}$ ; 0 ; $\alpha_X$ (rad) ; t (sec),"caption chapters/ch2-sec3a.tex:767-769 (approached from below, more slowly than the critically damped response) ; text chapters/ch2-sec3a.tex:762","Pair with Fig 18: same C_1/I_L and time axis, larger C_2. Credit: backmatter/figure-credits.tex:38. Hand-lettered subscripts are lowercase in the art (x, x0, xm, y0); transcribed here in the STYLE.md section 13 forms (alpha_X, Omega_{X0}, alpha_{Xm}, M_X)."
ch2-fig20,ch2:fig:20,chapters/ch2-sec3b.tex:42,"(a) step of intensity $M_{s1}$ lasting $T_1$ ; (b) taller, narrower step $M_{s2}$ lasting $T_2$ ; (c) impulse at t = 0 ; circled letters inside the artwork",sketch-graph,sketch,todo,S,"one per panel, solid: (a) rectangular pulse 0 to $M_{s1}$ on [0, $T_1$] ; (b) rectangular pulse 0 to $M_{s2}$ on [0, $T_2$] ; (c) heavy vertical arrow at t = 0","sketch: qualitative, no numeric scale; rectangles of equal area $M_{s1}T_1 = M_{s2}T_2 = H$ (caption); scan: $M_{s2}$ about 2.2 $M_{s1}$, $T_2$ about 0.5 $T_1$",(a): circled a ; $M_X$ (dyn-cm) ; $M_{s1}$ ; Area = H ; 0 ; $T_1$ ; t (sec) ; (b): circled b ; $M_X$ (dyn-cm) ; $M_{s2}$ ; Area = H (two lines: 'Area' / '= H') ; 0 ; $T_2$ ; t (sec) ; (c): circled c ; $M_X$ (dyn-cm) ; $\infty$ (at the arrow tip) ; Strength = H ; 0 ; t (sec),"caption chapters/ch2-sec3b.tex:43-51 (panels (a), (b), (c); $M_{s1}$, $T_1$; $M_{s2} > M_{s1}$, $T_2 < T_1$; products equal H; impulse (c) of strength H) ; text chapters/ch2-sec3b.tex:5-12 (the rectangle's area)","The text (chapters/ch2-sec3b.tex:8-12) calls the pulse length $t_1$ and the area $M_s t_1$, while the art and caption use $T_1$, $M_{s1}$. Each panel has its own axes and rotated y title. Specks in (a) and between (b) and (c) are not artwork. Credit: backmatter/figure-credits.tex:41. Hand-lettered subscripts are lowercase in the art (x, x0, xm, y0); transcribed here in the STYLE.md section 13 forms (alpha_X, Omega_{X0}, alpha_{Xm}, M_X)."
ch2-fig21,ch2:fig:21,chapters/ch2-sec3b.tex:140,none,sketch-graph,sketch,todo,M,"1: underdamped impulse response, solid: from 0 with slope H/I_L to the peak $\alpha_{Xm}$ at $t_m$, a trough, a smaller second peak, ending past it (about 1.5 periods) ; straight solid tangent at the origin ('Slope = $H/I_L$') ; solid guide at $\alpha_{Xm}$ and solid vertical from the peak to $t_m$","sketch: no numeric scale; shape from eq (38) with (16), (17), marks from (41a), (41b); determined in units of $H/(I_L\omega)$ and $1/\omega$ once $\zeta$ is chosen: the scan suggests $\zeta \approx 0.26$ ($t_m$ about 0.41 pi/omega, successive extreme ratio about 0.44)","Slope = $\frac{H}{I_L}$ ; $\alpha_{Xm}$ (y tick) ; 0 ; $t_m$ (t tick) ; $\alpha_X$ (rad) ; t (sec) ; formulas below the plot: $\alpha_{Xm} = \frac{H}{I_L\omega}\,e^{-\frac{D}{\omega}\arctan\left(\frac{\omega}{D}\right)}\sin\left[\arctan\left(\frac{\omega}{D}\right)\right]$ ; $t_m = \frac{\arctan\left(\frac{\omega}{D}\right)}{\omega}$","caption chapters/ch2-sec3b.tex:141-143 (initial angular velocity, maximum yaw angle and its time) ; text chapters/ch2-sec3b.tex:131-136 ; the in-figure formulas are equations (41a), (41b) at chapters/ch2-sec3b.tex:213-222","The formulas duplicate (41a) and (41b) exactly (checked against the crop; figures/vectorize-todo.md agrees). The vertical axis runs far below 0 to make room for them. Specks at the right edge are not artwork. Credit: backmatter/figure-credits.tex:44. Hand-lettered subscripts are lowercase in the art (x, x0, xm, y0); transcribed here in the STYLE.md section 13 forms (alpha_X, Omega_{X0}, alpha_{Xm}, M_X)."
ch2-fig22,ch2:fig:22,chapters/ch2-sec3b.tex:162,none,sketch-graph,sketch,todo,S,"1: critically damped impulse response $(H/I_L)te^{-Dt}$, solid: rising from 0 to $\alpha_{Xm}$ at $t_m = 1/D$, decaying toward 0 ; straight solid tangent at the origin ('Slope = $H/I_L$') ; solid guide at $\alpha_{Xm}$ and vertical at $t_m$","sketch: no numeric scale, but fully determined in normalized units: eq (39) with marks (42a), (42b); only the t range (about 8.6/D in the scan) to match",Slope = $\frac{H}{I_L}$ ; $\alpha_{Xm}$ ; 0 ; $t_m$ ; $\alpha_X$ (rad) ; t (sec) ; formulas below: $\alpha_{Xm} = \frac{H}{I_L D e}$ ; $t_m = \frac{1}{D}$,"caption chapters/ch2-sec3b.tex:163-165 (initial yaw rate, maximum yaw angle and its time) ; text chapters/ch2-sec3b.tex:158 ; formulas are (42a), (42b) at chapters/ch2-sec3b.tex:231-238","The scan draws the peak almost as a flat-topped cusp; the computed peak is rounder. The tangent meets the alpha_Xm level at about t_m/e, as the equations require. Several specks (below the t axis and at right) are not artwork. Credit: backmatter/figure-credits.tex:47. Hand-lettered subscripts are lowercase in the art (x, x0, xm, y0); transcribed here in the STYLE.md section 13 forms (alpha_X, Omega_{X0}, alpha_{Xm}, M_X)."
ch2-fig23,ch2:fig:23,chapters/ch2-sec3b.tex:186,none,sketch-graph,sketch,todo,M,"1: overdamped impulse response (eq 40), solid: rising from 0 to $\alpha_{Xm}$ at $t_m$, then a slow decay, still clearly above 0 at the right edge ; straight solid tangent at the origin ('Slope = $H/I_L$') ; solid guides at $\alpha_{Xm}$ and $t_m$","sketch: no numeric scale; shape from eq (40) with $\tau_1$, $\tau_2$ from (25); marks from (43a), (43b); $\tau_1/\tau_2$ ($\zeta$) and time scale to match",Slope = $\frac{H}{I_L}$ ; $\alpha_{Xm}$ ; 0 ; $t_m$ ; $\alpha_X$ (rad) ; t (sec) ; formulas below: $\alpha_{Xm} = \frac{H\tau_1\tau_2}{I_L(\tau_1-\tau_2)}\left[\left(\frac{\tau_1}{\tau_2}\right)^{-\frac{\tau_2}{\tau_1-\tau_2}} - \left(\frac{\tau_1}{\tau_2}\right)^{-\frac{\tau_1}{\tau_1-\tau_2}}\right]$ ; $t_m = \frac{\tau_1\tau_2\ln(\tau_1/\tau_2)}{\tau_1-\tau_2}$,"caption chapters/ch2-sec3b.tex:187-191 (maximum occurs sooner and is smaller than in the critically damped case; return more gradual) ; text chapters/ch2-sec3b.tex:182 ; formulas are (43a), (43b) at chapters/ch2-sec3b.tex:252-265","The exponent fractions of the alpha_Xm formula are tiny and faint; they read -tau_2/(tau_1-tau_2) and -tau_1/(tau_1-tau_2), agreeing with (43b). 'ln' is lettered as a script l-n with a slashed fraction. To honour the caption, use Fig 22's H/I_L and C_1/I_L with a larger C_2 (the scan's t_m and alpha_Xm are about 0.9 and 0.87 of Fig 22's). Specks at the top are not artwork. Credit: backmatter/figure-credits.tex:50. Hand-lettered subscripts are lowercase in the art (x, x0, xm, y0); transcribed here in the STYLE.md section 13 forms (alpha_X, Omega_{X0}, alpha_{Xm}, M_X)."
ch2-fig24,ch2:fig:24,chapters/ch2-sec3b.tex:467,none,graph,compute,todo,M,"6, all solid: $\zeta = 0$ (phi = 0 along the top edge for beta < 1, vertical drop at beta = 1, then on the bottom axis at -pi), $\zeta$ = .2, .5, $\sqrt{2}/2$, 1, 2 (all through (1, -pi/2)) ; plus a dashed horizontal line at $-\pi/2$","compute: eq (48a) $\varphi = \arctan[2\zeta\beta/(\beta^2-1)]$ taken on the branch running continuously from 0 to $-\pi$ (chapters/ch2-sec3b.tex:456-460), i.e. $\varphi = -\mathrm{atan2}(2\zeta\beta, 1-\beta^2)$; params: $\zeta$ = 0, .2, .5, $\sqrt{2}/2$, 1, 2 (figure's curve labels), beta 0-2.00 (axis)","y title: $\varphi$ (rad) ; y ticks 0, $-\frac{\pi}{4}$, $-\frac{\pi}{2}$, $-\frac{3\pi}{4}$, $-\pi$ labelled, unlabelled minor ticks at odd multiples of $-\pi/8$ ; x title: $\beta$ ; x ticks 0-2.00 step .25 labelled (0, .25, .50, .75, 1.00, 1.25, 1.50, 1.75, 2.00) ; curve labels: $\zeta = 0$ (beside the vertical drop) ; at the right ends, top to bottom: $\zeta = 2$, $\zeta = 1$, $\zeta = \sqrt{2}/2$, $\zeta = .5$, $\zeta = .2$ (short leaders)","caption chapters/ch2-sec3b.tex:468-469 ; text chapters/ch2-sec3b.tex:455-462 (arctan extended to run from 0 to $-\pi$; phi negative for every nonzero beta; passes $-\pi/2$ at beta = 1.0) ; chapters/ch2-sec3b.tex:483-485 (lighter damping, more abrupt transition; discontinuous for zero damping) ; chapters/ch2-sec3d.tex:419-422 (Figs 30 and 31 are 'identical to' Figs 24 and 25)","Spot-checked the scan against (48a) (zeta = .2 and 2 at beta = 2): agrees within drawing accuracy. Curves are unlabelled for beta < 1: zeta = .2 is nearest 0 and zeta = 2 the lowest there. No frame on top or right; the top segment from beta = 0 to 1 is the zeta = 0 curve. Fig 30 (same curves with zeta_c, beta_c, phi_c) can reuse this plot definition. Credit: backmatter/figure-credits.tex:53."
ch2-fig25,ch2:fig:25,chapters/ch2-sec3b.tex:475,none,graph,compute,todo,M,"6, all solid: $\zeta = 0$ (leaves the top at beta about 0.82, returns at about 1.15: clipped at 3/C_1), $\zeta = .2$ (peak about 2.55/C_1 at beta 0.96), $\zeta = .5$ (peak about 1.15/C_1 at 0.71), $\zeta = \sqrt{2}/2$, 1, 2 (monotone decreasing) ; plus a dashed horizontal line at $1/C_1$ and a dashed vertical line at beta = 1.00","compute: eq (48b) $\mathit{AR} = 1/\bigl(C_1\sqrt{(\beta^2-1)^2+(2\zeta\beta)^2}\bigr)$, plotted in units of $1/C_1$; params: $\zeta$ = 0, .2, .5, $\sqrt{2}/2$, 1, 2 (curve labels), beta 0-2.00 and AR 0-3/C_1 (axes); peaks check against (49a), (50)","y title: $\mathit{AR}$ [rad/(dyn-cm)] ; y ticks 0, $\frac{1}{C_1}$, $\frac{2}{C_1}$, $\frac{3}{C_1}$ labelled, unlabelled minor ticks at $0.5/C_1$, $1.5/C_1$, $2.5/C_1$ ; x title: $\beta$ ; x ticks 0-2.00 step .25 labelled ; curve labels $\zeta = 0$ (right of the peak, near the top), $\zeta = .2$, $\zeta = .5$ (above its curve), $\zeta = \sqrt{2}/2$, $\zeta = 1$, $\zeta = 2$ (on or beside their curves between beta 0.3 and 1.0)","caption chapters/ch2-sec3b.tex:476-479 (resonance for $\zeta < \sqrt{2}/2$, none above) ; text chapters/ch2-sec3b.tex:485-490 (a range of beta about 1 where AR exceeds $1/C_1$, its value at beta = 0: the dashed $1/C_1$ line) ; chapters/ch2-sec3d.tex:419-422","Digitized the scan against (48b): peaks and beta < 1.5 agree within about 0.05/C_1, but the tails are drawn high. At beta about 1.95 the scan gives 0.46, 0.42, 0.35, 0.29, 0.24, 0.16 (x 1/C_1) against computed 0.36, 0.34, 0.29, 0.25, 0.21, 0.12 for zeta = 0 to 2, and zeta = 2 is drawn low near beta = 0.5 (0.38 against 0.47). So the computed redraw will differ visibly from the 1973 art beyond beta about 1.6. Fig 31 (AR_c against beta_c) can reuse this plot definition. Credit: backmatter/figure-credits.tex:56."
ch2-fig26,ch2:fig:26,chapters/ch2-sec3c.tex:711,"upper: $\alpha_X$ against t ; lower: $\alpha_Y$ against t (stacked, aligned time axes, no panel letters)",sketch-graph,sketch,todo,M,"2, one per plot, solid: upper $\alpha_X(t)$ from $\alpha_{X0}$: small hump, dip, second hump, then a deep trough and a tall peak, ending just below 0 ; lower $\alpha_Y(t)$ from $\alpha_{Y0}$: tall first peak, deep trough, two humps, then falling off the bottom ; each with a straight line at t = 0 ('Slope = $\Omega_{X0}$' / 'Slope = $\Omega_{Y0}$')","sketch: qualitative, no numeric scale; shape from eq (60a), (60b) (eq (51) with $D_1 = D_2 = 0$), $\omega_1$, $\omega_2$ from (56a), (56b) with $C_2 = 0$ (unnumbered display chapters/ch2-sec3c.tex:681-687), $\varphi_1$, $\varphi_2$ from (58a), (58b) and $A_1$, $A_2$ from (59a), (59b); $I_R\omega_Z/I_L$, $C_1/I_L$, $\alpha_{X0}$, $\alpha_{Y0}$, $\Omega_{X0}$, $\Omega_{Y0}$ not stated: choose one set for both plots and match the scan",upper: Slope = $\Omega_{X0}$ ; $\alpha_{X0}$ ; 0 ; $\alpha_X$ (rad) ; t (sec) ; lower: Slope = $\Omega_{Y0}$ ; $\alpha_{Y0}$ ; 0 ; $\alpha_Y$ (rad) ; t (sec),caption chapters/ch2-sec3c.tex:712-717 (initial-condition relations illustrated; the pattern repeats itself periodically for all time) ; text chapters/ch2-sec3c.tex:698-701 (sum of two simple harmonic motions persisting at undiminished amplitude),"Both plots must come from one parameter set (alpha_X and alpha_Y are the sine and cosine projections of the same two modes); the hand drawing need not satisfy this. For the caption's 'repeats itself periodically' pick a rational omega_1/omega_2. In the upper plot the slope line is steeper than the curve's initial slope (not tangent); the lower one is about tangent. Same two-plot layout as Fig 27 (the damped case): share the code. Specks right of the lower plot are not artwork. Credit: after Mandell, Nov 1968 (backmatter/figure-credits.tex:59). Hand-lettered subscripts are lowercase in the art (x, x0, xm, y0); transcribed here in the STYLE.md section 13 forms (alpha_X, Omega_{X0}, alpha_{Xm}, M_X)."
ch2-fig27,ch2:fig:27,chapters/ch2-sec3c.tex:749,"none (two stacked plots without panel letters: upper $\alpha_X$ vs t, lower $\alpha_Y$ vs t)",sketch-graph,sketch,todo,M,upper: 1 solid response curve $\alpha_X(t)$ starting at $\alpha_{X0}>0$ + 1 solid straight tangent line at t=0 (slope $\Omega_{X0}$); lower: 1 solid response curve $\alpha_Y(t)$ starting at $\alpha_{Y0}>0$ + 1 solid tangent line (slope $\Omega_{Y0}$); t axes solid,"sketch: qualitative, no numeric scale; shape from eq (51) (two exponentially damped modes) with $\mathscr{F}$ from eq (55), $\omega_1,\omega_2$ from eq (56), $D_1,D_2$ from eq (57), $\varphi_1,\varphi_2$ from eq (58), $A_1,A_2$ from eq (59) (chapters/ch2-sec3c.tex:21-28, 467-497, 624-658); $I_L$, $I_R$, $C_1$, $C_2$, $\omega_Z$ and the four initial conditions are not stated - to be matched to the scan (as drawn $\alpha_{X0},\alpha_{Y0},\Omega_{X0},\Omega_{Y0}$ all > 0, positively-stable case of ch2-sec3c.tex:728-741)","Slope = $\Omega_{X0}$ ; $\alpha_{X0}$ (tick label at the initial value, upper plot) ; 0 ; $\alpha_X$ (rad) (rotated axis title) ; t (sec) ; Slope = $\Omega_{Y0}$ ; $\alpha_{Y0}$ (tick label, lower plot) ; 0 ; $\alpha_Y$ (rad) (rotated) ; t (sec)","caption chapters/ch2-sec3c.tex:750-754: ""relation of the initial conditions to the properties of the response"" (the Slope tangent lines and the $\alpha_{X0}$/$\alpha_{Y0}$ intercepts), both oscillations decay to zero; text chapters/ch2-sec3c.tex:741-742 ""representative case of coupled, positively-stable motion""","Same two-plot layout (upper alpha_X, lower alpha_Y, shared unscaled t axis, vertical axes extending well below zero, rotated axis titles) as Fig 26 and Figs 27-29 - build one pgfplots template for Figs 26-29. Hand-lettered subscripts read x/y/o; set $\alpha_{X0}$, $\Omega_{X0}$ per STYLE.md section 13. The upper curve has a flat shoulder (beat of the fast and slow modes) before it crosses zero, then a trough and a small positive hump; the lower curve has a large peak, a deep trough, a broad positive hump and crosses zero near the right end. A parameter set must reproduce these features; if none does convincingly, digitize. vectorize-todo row correct apart from subscript case."
ch2-fig28,ch2:fig:28,chapters/ch2-sec3d.tex:149,"none (two stacked plots: upper $\alpha_X$ vs t, lower $\alpha_Y$ vs t)",sketch-graph,sketch,todo,M,"upper: 1 solid step response $\alpha_X(t)$ from 0 (zero initial slope) overshooting and settling on 1 dashed horizontal asymptote at $M_s/C_1$; lower: 1 solid decaying oscillation $\alpha_Y(t)$ from 0 (zero initial slope, first lobe positive)","sketch: qualitative, no numeric scale; shape from eqs (62a)/(62b) with $\omega_1,\omega_2$ from eq (56), $D_1,D_2$ from eq (57), $\varphi_1,\varphi_2$ from eq (63), $A_1,A_2$ from eq (64) (chapters/ch2-sec3d.tex:50-136); $I_L$, $I_R$, $C_1$, $C_2$, $\omega_Z$, $M_s$ not stated - match to the scan (only the asymptote $M_s/C_1$, eq (61), is fixed)",$\dfrac{M_s}{C_1}$ (stacked-fraction tick label at the dashed asymptote) ; 0 ; $\alpha_X$ (rad) (rotated) ; t (sec) ; 0 ; $\alpha_Y$ (rad) (rotated) ; t (sec),"caption chapters/ch2-sec3d.tex:150-153: both yawing and pitching oscillations; pitching ($\alpha_Y$, lower) decays to zero while the yaw angle (upper) approaches $M_s/C_1$ (the dashed line); text chapters/ch2-sec3d.tex:140-141","Same two-plot layout (upper alpha_X, lower alpha_Y, shared unscaled t axis, vertical axes extending well below zero, rotated axis titles) as Fig 26 and Figs 27-29 - build one pgfplots template for Figs 26-29. Caption treats $\alpha_X$ as yaw and $\alpha_Y$ as pitch. Upper curve overshoots once, dips slightly below the asymptote and returns to it at the right edge. vectorize-todo row correct."
ch2-fig29,ch2:fig:29,chapters/ch2-sec3d.tex:233,"none (two stacked plots: upper $\alpha_X$ vs t, lower $\alpha_Y$ vs t)",sketch-graph,sketch,todo,M,upper: 1 solid impulse response $\alpha_X(t)$ from the origin + 1 solid tangent line at the origin (slope $H/I_L$); lower: 1 solid response $\alpha_Y(t)$ from 0 with zero initial slope,"sketch: qualitative, no numeric scale; shape from eq (67) with $\omega_1,\omega_2$ from eq (56), $D_1,D_2$ from eq (57), $\varphi$ from eq (65a), $A$ from eq (66a) (initial conditions $\alpha_{X0}=\alpha_{Y0}=\Omega_{Y0}=0$, $\Omega_{X0}=H/I_L$, chapters/ch2-sec3d.tex:163-170); $I_L$, $I_R$, $C_1$, $C_2$, $\omega_Z$, $H$ not stated - match to the scan",Slope = $\dfrac{H}{I_L}$ ; 0 ; $\alpha_X$ (rad) (rotated) ; t (sec) ; 0 ; $\alpha_Y$ (rad) (rotated) ; t (sec),"caption chapters/ch2-sec3d.tex:234-237: yawing motion (upper) begins with angular velocity $H/I_L$ (the tangent line), initial pitch rate zero (lower curve starts flat); text chapters/ch2-sec3d.tex:226-229","Same two-plot layout (upper alpha_X, lower alpha_Y, shared unscaled t axis, vertical axes extending well below zero, rotated axis titles) as Fig 26 and Figs 27-29 - build one pgfplots template for Figs 26-29. Upper curve: tall first peak, shallow double-dipped negative stretch, small positive hump returning to the axis at the right end; lower: positive lobe, deeper negative trough, positive hump, ends slightly below the axis. vectorize-todo row correct."
ch2-fig30,ch2:fig:30,chapters/ch2-sec3d.tex:426,none,graph,compute,todo,S,"6 solid curves for $\zeta_c$ = 0, .2, .5, $\sqrt{2}/2$, 1, 2 (the $\zeta_c=0$ curve is the step: along $\varphi_c=0$ for $\beta_c<1$, a vertical line at $\beta_c=1$ from 0 to $-\pi$, then along the $-\pi$ axis); 1 dashed horizontal reference line at $-\pi/2$ running past $\beta_c=2$","compute: eq (73a) $\varphi=\arctan[2\zeta_c\beta_c/(\beta_c^2-1)]$ with the arctangent extended to run continuously from 0 to $-\pi$ (convention stated for Fig 24 at chapters/ch2-sec3b.tex:456-459; i.e. $-\mathrm{atan2}(2\zeta_c\beta_c,\,1-\beta_c^2)$); params: $\zeta_c$ values from the curve labels in the figure, $\beta_c$ 0-2 from the ticks","0 ; $-\dfrac{\pi}{4}$ ; $-\dfrac{\pi}{2}$ ; $-\dfrac{3\pi}{4}$ ; $-\pi$ (y tick labels, stacked fractions; unlabelled minor ticks midway, i.e. y ticks 0 to $-\pi$ step $\pi/8$) ; $\varphi_c$ (rad) (rotated y title) ; x ticks 0-2.00 step .25 printed 0, .25, .50, .75, 1.00, 1.25, 1.50, 1.75, 2.00 ; $\beta_c$ (x title) ; $\zeta_c = 0$ (beside the vertical line, near $-\pi/4$) ; right-end curve labels top to bottom $\zeta_c = 2$ ; $\zeta_c = 1$ ; $\zeta_c = \sqrt{2}/2$ ; $\zeta_c = .5$ ; $\zeta_c = .2$","text chapters/ch2-sec3d.tex:419-422: variation of $\varphi$ with $\beta_c$ for several $\zeta_c$, ""identical to those illustrated in Figures 24 and 25""; caption chapters/ch2-sec3d.tex:427-429","Same curves and layout as Fig 24 with c subscripts added (the text says so): one shared pgfplots template for Figs 24/30. Axis title is $\varphi_c$ but eq (73a) and the text (ch2-sec3d.tex:405, 419) write $\varphi$ with no subscript. Curves left of $\beta_c=1$ are unlabelled (ordering: $\zeta_c=.2$ stays nearest 0 longest, $\zeta_c=2$ falls fastest). The x axis is drawn at $-\pi$; the top line from (0,0) to (1,0) is the $\zeta_c=0$ curve, not a frame. Leading-dot decimals as printed. vectorize-todo row correct."
ch2-fig31,ch2:fig:31,chapters/ch2-sec3d.tex:435,none,graph,compute,todo,S,"6 solid curves for $\zeta_c$ = 0, .2, .5, $\sqrt{2}/2$, 1, 2 (the $\zeta_c=0$ curve leaves the top of the plot on both sides of $\beta_c=1$); 2 dashed reference lines: horizontal at $1/C_1$ (to past 2.00) and vertical at $\beta_c=1.00$ (full height)","compute: eq (73b) $\mathit{AR}_c = 1/(C_1\sqrt{(\beta_c^2-1)^2+(2\zeta_c\beta_c)^2})$ plotted in units of $1/C_1$; params: $\zeta_c$ values from the curve labels, $\beta_c$ 0-2 and $\mathit{AR}_c$ 0-$3/C_1$ from the ticks (clip at $3/C_1$); peak check eq (75)","0 ; $\dfrac{1}{C_1}$ ; $\dfrac{2}{C_1}$ ; $\dfrac{3}{C_1}$ (y tick labels, stacked fractions; unlabelled minor ticks at half steps) ; $\mathit{AR}_c$ [rad/(dyn-cm)] (rotated y title) ; x ticks 0-2.00 step .25 printed 0, .25, .50, .75, 1.00, 1.25, 1.50, 1.75, 2.00 ; $\beta_c$ ; $\zeta_c = 0$ ; $\zeta_c = .2$ ; $\zeta_c = .5$ ; $\zeta_c = \sqrt{2}/2$ ; $\zeta_c = 1$ ; $\zeta_c = 2$",text chapters/ch2-sec3d.tex:419-422 (variation of $\mathit{AR}_c$ with $\beta_c$; identical to Figs 24/25); caption chapters/ch2-sec3d.tex:436-438,"Same curves and layout as Fig 25 with c subscripts: share its template. Labels $\zeta_c=\sqrt{2}/2$, 1 and 2 are set into gaps cut in their curves; $\zeta_c$ = 0, .2, .5 sit beside theirs. Scan agrees with eq (73b) (e.g. $\zeta_c=.2$ peak about $2.5/C_1$, $\zeta_c=.5$ peak about $1.15/C_1$). vectorize-todo row correct."
ch2-fig32,ch2:fig:32,chapters/ch2-sec4.tex:171,none,rocket,draw,todo,M,n/a,n/a,Z = 0 (datum line at the nose tip) ; +Z (with arrow) ; $\bar{Z}_n$ ; $\bar{Z}_{CS}$ ; $\bar{Z}_{CB}$ ; $\bar{Z}$ ; $\bar{Z}_{T(B)}$ (five dimension lines from the datum to extension lines at each C.P.) ; C.P.$_n$ ; C.P.$_{CS}$ ; C.P.$_{CB}$ ; C.P. ; C.P.$_{T(B)}$ (leader callouts to circle-and-dot C.P. symbols on the centreline),"text chapters/ch2-sec4.tex:146-155: tip of the nose is Z = 0, Z increases toward the tail; components nosecone, conical shoulder, conical boattail, constant-diameter body sections, fins; caption chapters/ch2-sec4.tex:172-173","Side view, nose left: ogive nose, short forward tube with a joint line, conical shoulder, main tube, conical boattail, aft tube, swept trapezoidal fins (upper and lower shown), dash-dot centreline. This outline recurs in Figs 37, 38 and 39 (overall lengths agree within about 3%): draw it once as a TikZ pic. C.P. symbol = circle with centre dot (the C.G. symbol in Figs 37-41 is a quartered circle). Eq (92) writes $\bar{Z}_T$ for the fin C.P. where the figure has $\bar{Z}_{T(B)}$. C.P. positions are schematic (no values given)."
ch2-fig33,ch2:fig:33,chapters/ch2-sec4.tex:225,"(a) Conical, (b) Tangent ogive, (c) Paraboloidal, (d) Ellipsoidal: each a nose-cone outline, tip up, with its C.P. located by a dimension from the tip",rocket,draw,todo,M,n/a,n/a,"$\tfrac{2}{3}L$ ; C.P.$_n$ ; (a) ; Conical ; .466L ; C.P.$_n$ ; (b) ; Tangent ogive (two lines) ; $\tfrac{1}{2}L$ ; C.P.$_n$ ; (c) ; Paraboloidal ; $\tfrac{1}{3}L$ ; C.P.$_n$ ; L (overall nose length, dimensioned on (d) only) ; (d) ; Ellipsoidal",text chapters/ch2-sec4.tex:208-213 (lists the C.P. locations of four shapes; hemisphere a special ellipsoid) and eq (80a)-(80d) chapters/ch2-sec4.tex:214-222 repeating the listings; caption chapters/ch2-sec4.tex:226,"Drawn C.P. positions match eq (80a)-(80d) (measured 0.66, 0.47, 0.50, 0.33 L). Outlines can be generated exactly from the shape definitions (cone, tangent ogive, paraboloid, half-ellipsoid) at the scan fineness L/d about 2.4-2.5 (measure); dash-dot centrelines run past tip and base. Panel letters in plain parentheses (not circled) with the shape names below, inside the artwork. vectorize-todo row correct."
ch2-fig34,ch2:fig:34,chapters/ch2-sec4.tex:259,none,rocket,draw,todo,S,n/a,n/a,$Z_1$ ; $\bar{Z}_{CS}$ ; C.P.$_{CS}$ ; $r_1$ ; $r_2$ ; L,"caption chapters/ch2-sec4.tex:260-264 defines $Z_1$ and $\bar{Z}_{CS}$; text chapters/ch2-sec4.tex:231-233 with eqs (81), (82) using $r_1$, $r_2$, $r_r$, $L$, $Z_1$; ednote chapters/ch2-sec4.tex:243-244 reads the notation of Figs 34-35 as $r_1$ forward end, $r_2$ aft end","Component outline (conical shoulder frustum), nose direction up: $Z_1$ reference line at the small forward end, $r_1$ dimensioned centreline-to-edge above, $r_2$ below, L at right, $\bar{Z}_{CS}$ line from the left to the C.P. symbol on the dash-dot centreline. Drawn C.P. sits about 0.59L below $Z_1$ with $r_1/r_2$ about 0.63; eq (82) gives about 0.32L for that ratio (the ednote Barrowman formula about 0.54L) - the placement is schematic; decide whether to copy the scan or place by eq (82). Mirror companion of Fig 35 (one macro)."
ch2-fig35,ch2:fig:35,chapters/ch2-sec4.tex:288,none,rocket,draw,todo,S,n/a,n/a,$Z_1$ ; $\bar{Z}_{CB}$ ; C.P.$_{CB}$ ; $r_1$ ; $r_2$ ; L,"caption chapters/ch2-sec4.tex:289-293 defines $Z_1$ and $\bar{Z}_{CB}$; text chapters/ch2-sec4.tex:268-270 and eqs (83), (84) (chapters/ch2-sec4.tex:272-284) with ""$r_2$ is smaller than $r_1$"" (ch2-sec4.tex:276-277)","Component outline (conical boattail frustum), nose direction up: large $r_1$ at the forward end ($Z_1$), small $r_2$ aft. Drawn C.P. about 0.42L below $Z_1$ with $r_2/r_1$ about 0.64; eq (84) gives about 0.68L (ednote Barrowman formula about 0.46L) - schematic placement, same decision as Fig 34. Reuse the Fig 34 macro."
ch2-fig36,none: unlabelled 1973 form in the supplement chapter supp:ch2-fig36 (backmatter/supplement/s-ch2-1994.tex:136); the chapter figure ch2:fig:36 (chapters/ch2-sec4.tex:318) shows the 1994 replacement figures/supplement/ch2-fig36-1994.png,backmatter/supplement/s-ch2-1994.tex:156,none,rocket,draw,todo,M,n/a,n/a,"$\AR = \dfrac{2s}{c_r + c_t}$ (hand-lettered at left, $\AR$ ligature) ; $Z_T$ ; $\bar{Z}_{T(B)}$ ; $\dfrac{c_r}{2}$ ; $c_r$ ; C.P.$_{T(B)}$ ; $\Gamma_c$ (angle arc between the horizontal at the root mid-chord and the mid-chord line) ; C.P.$_T$ ; $\bar{Y}_T$ ; s ; $\dfrac{c_t}{2}$ ; $c_t$ ; $r_t$ ; Rocket centerline","1973 caption backmatter/supplement/s-ch2-1994.tex:159-164 ($Z_T$ to root-leading-edge intersection, $\bar{Z}_{T(B)}$ to fin-assembly C.P., $\AR$ of a single fin); s-ch2-1994.tex:183-184 ($\bar{Y}_T$, s, $c_r$, $r_t$, $c_t$ ""illustrated in Figure 36 on page 194"", the 1973 page); editorial note chapters/ch2-sec4.tex:327-336 and 359-361 (1973 drawing gave $2s/(c_r+c_t)$, no $\ell$). Chapter cites ch2-sec4.tex:303-308, ch2-sec6.tex:441 and s-ch2-2022.tex:100 point to the 1994 form","Inventoried as the 1973 form. Fin planform (swept trapezoid, root on the body surface at $r_t$) with a strip of body tube topped by a zigzag break line, dash-dot vertical rocket centreline, dashed vertical through C.P.$_T$ (spanwise station $\bar{Y}_T$), mid-chord line solid with a short dashed stretch near C.P.$_T$. Redraw together with the 1994 replacement (same geometry; 1994 adds the $\ell$ dimension along the mid-chord line and has $\AR = 4s/(c_r+c_t)$): one TikZ base with a switch. C.P.$_T$ could be placed by eqs (89), (90) (ch2-sec4.tex:428-434), but eq (89) needs $x_t$ (tip leading-edge sweep distance), which neither drawing marks; eqs (89), (92) write $\bar{Z}_T$ for the figure's $\bar{Z}_{T(B)}$. vectorize-todo row describes the 1994 form (4s); the 1973 formula is 2s."
ch2-fig37,ch2:fig:37,chapters/ch2-sec4.tex:514,none,rocket,draw,todo,S,n/a,n/a,W = 0 (datum at the nose tip) ; +W (with arrow) ; $\bar{W}_n$ ; $\bar{W}_S$ ; $\bar{W}$ ; $\bar{W}_B$ ; $\bar{W}_T$ (dimension lines from the datum) ; C.G.$_n$ ; C.G.$_S$ ; C.G. ; C.G.$_B$ ; C.G.$_T$ (leader callouts to quartered-circle C.G. symbols),"text chapters/ch2-sec4.tex:478-484 (coordinate renamed from Z to W, measured from the nose tip, increasing aft); caption chapters/ch2-sec4.tex:515-520 (tube sections forward of the boattail omitted, tail section - tube, engine, fins - taken as a unit, i.e. C.G.$_T$)","Side view, nose left: ogive nose, short forward tube with a joint line, conical shoulder, main tube, conical boattail, aft tube, swept trapezoidal fins (upper and lower shown), dash-dot centreline. Same outline as Fig 32 (reuse the pic). Figure subscripts S, B, T (capitals in the lettering) while eq (94) (ch2-sec4.tex:541-543) uses lowercase $\bar{W}_s$, $\bar{W}_b$ and $\bar{W}_t$ = body tube, so figure T (tail unit) is not eq (94) t; keep the figure lettering. The omitted tube sections are still drawn, just not given a C.G."
ch2-fig38,ch2:fig:38,chapters/ch2-sec4.tex:588,none,rocket,draw,todo,S,n/a,n/a,$A_r = \pi r_r^2$ (first line above the drawing) ; Static stability margin in calibers = $\dfrac{\bar{Z} - \bar{W}}{d_{\max}}$ (second line) ; $\bar{Z}$ ; $\bar{W}$ (dimension lines from the nose tip to the C.P. and C.G.) ; $r_r$ (rotated; arrow pair at the tube just aft of the nose) ; $d_{\max}$ (rotated; arrow pair across the main tube) ; C.G. ; C.P.,"text chapters/ch2-sec4.tex:575-584 (static stability margin $\bar{Z}-\bar{W}$, nondimensionalised by the maximum body diameter, in calibers; ""notation ... explained in Figure 38""); eqs (95), (96) use $A_r$ (ch2-sec4.tex:567-572); caption chapters/ch2-sec4.tex:589-590","Side view, nose left: ogive nose, short forward tube with a joint line, conical shoulder, main tube, conical boattail, aft tube, swept trapezoidal fins (upper and lower shown), dash-dot centreline. Same outline as Fig 32. The two formula lines are artwork to be typeset (vectorize-todo row correct). $r_r$ is the radius at the nose base (reference area, cf. s-ch2-1994.tex:181-182)."
ch2-fig39,ch2:fig:39,chapters/ch2-sec4.tex:669,none,rocket,draw,todo,S,n/a,n/a,"$\bar{Z}_{T(B)}$ ; $\bar{Z}_{CB}$ ; $\bar{W}$ ; $\bar{Z}_{CS}$ ; $\bar{Z}_n$ (dimension lines from the nose tip, longest on top) ; C.P.$_n$ ; C.P.$_{CS}$ ; C.G. ; C.P.$_{CB}$ ; C.P.$_{T(B)}$","text chapters/ch2-sec4.tex:663-665 (notation for the aerodynamic damping contribution); eqs (97), (98) (ch2-sec4.tex:599-611) use the lever arms $[\bar{Z}_x - \bar{W}]$; caption chapters/ch2-sec4.tex:670-671","Side view, nose left: ogive nose, short forward tube with a joint line, conical shoulder, main tube, conical boattail, aft tube, swept trapezoidal fins (upper and lower shown), dash-dot centreline. Same outline as Fig 32; C.G. quartered circle, C.P. circle-dot. Eqs (97)/(98) write $\bar{Z}_T$ where the figure has $\bar{Z}_{T(B)}$. No overall $\bar{Z}$ in this figure."
ch2-fig40,ch2:fig:40,chapters/ch2-sec4.tex:677,none,rocket,draw,todo,M,n/a,n/a,"$L_{ne}$ ; $\bar{W}$ ; C.G. ; $\dot{m}$ g/sec expelled from nozzle (three lines, leader to the jet)","text chapters/ch2-sec4.tex:614-617 (nozzle exit at distance $L_{ne}$ from the nose tip), eqs (99), (100) (ch2-sec4.tex:620-650) with $\dot{m}$, $L_{ne}$, $\bar{W}$; ch2-sec4.tex:663-665; caption chapters/ch2-sec4.tex:678-679","A simpler rocket than Fig 32 (ogive nose, one body tube, swept fins upper and lower) - not the Fig 32 outline. Exhaust jet behind the nozzle drawn as a ragged bundle of wavy streaks: needs a stylised texture (decorated random paths). $L_{ne}$ ends at the aft end/nozzle exit."
ch2-fig41,ch2:fig:41,chapters/ch2-sec4.tex:764,none,rocket,draw,todo,M,n/a,n/a,"$\bar{W}_{ch}$ ; $\bar{W}$ ; $\bar{W}_{cs}$ ; $\bar{W}_n$ (dimension lines from the nose tip) ; R (rotated, radius of the solid cylinder) ; Solid cylinder ; $L_{cs}$ ; C.G.$_n$ ; C.G.$_{cs}$ ; C.G. ; Hollow cylinder (two lines) ; $R_o$ (rotated) ; $R_i$ (rotated) ; C.G.$_{ch}$ ; $L_{ch}$","text chapters/ch2-sec4.tex:758-760; eqs (102), (103a), (103b) (ch2-sec4.tex:704-731: $M_c$, $L$, $R$, $\bar{W}_c$, $R_o$, $R_i$); caption chapters/ch2-sec4.tex:765-768 (nosecone as point mass, NAR payload as solid cylinder, engine casing as hollow cylinder)","Body tube and fins drawn in phantom (long-dash double-dot) lines as context; nose cone (with a small square shoulder behind it), payload (thin solid cylinder) and engine casing (hollow cylinder, inner wall dashed as hidden lines) drawn solid. Figure uses subscripts cs/ch and $L_{cs}$, $L_{ch}$ where eq (103) has $\bar{W}_c$ and $L$; the text says ""inner radius $R_1$"" (ch2-sec4.tex:727, also 819) where eq (103b) and the figure have $R_i$. Not the Fig 32 outline."
ch2-fig42,ch2:fig:42,chapters/ch2-sec4.tex:886,none,rocket,draw,todo,M,n/a,n/a,R of ellipsoidal nose ; R of solid cylinder ; Hollow cylinder ; Planform area of one fin = $A_f$ (three lines) ; $r_o$ (rotated) ; $r_i$ (rotated) ; $r_t$ (rotated) ; s (rotated) ; $c_t$ ; $c_r$,"text chapters/ch2-sec4.tex:866-869; eqs (105a), (105b), (106), (107) ($R$, $R_o$, $R_i$) and (108a) ($M_f$, $A_f$, $r_t$, $s$, $c_r$, $c_t$) at ch2-sec4.tex:815-866; caption chapters/ch2-sec4.tex:887-890 (ellipsoidal nosecone, nosecone shoulder, body tube, four fins)","Exploded side view: ellipsoidal nose with its shoulder (solid cylinder), a gap, then the body tube (hollow cylinder, inner walls dashed) carrying two fins (caption says a set of four; the side view shows two). The subscript of $A_f$ is faint (reads f or t; text has $A_f$). Figure letters $r_o$, $r_i$ lowercase vs $R_o$, $R_i$ in eq (105b) and Fig 41. vectorize-todo row correct."
ch2-fig43,ch2:fig:43,chapters/ch2-sec5.tex:61,"(a) rocket suspended horizontally from the torsion wire at mid-body (longitudinal moment of inertia); (b) rocket hanging vertically, nose down, wire attached at the tail (radial moment of inertia); panels divided by a vertical double rule",perspective,draw,todo,L,n/a,n/a,circled a ; circled b (no other lettering),"text chapters/ch2-sec5.tex:48-52 (""Illustration A ... illustration B""); ""Figure 43A"" at ch2-sec5.tex:83 (reference rod hung axis-parallel-to-floor as in A), 113, 135, 144; ""Figure 43B"" at 136, 150; caption chapters/ch2-sec5.tex:62-65 (a)/(b)","Text cites the panels as uppercase A/B (""Figure 43A"") while the artwork has circled lowercase a/b and the caption (a)/(b). Each panel: an overhanging beam (two-by-four) drawn in perspective with a C-clamp and knurled screw holding the upper ""T"" fitting, a long vertical wire, and a rocket in perspective (ogive nose, tube, four fins, tape bands at the attachment). Beam/clamp identical in both panels."
ch2-fig44,ch2:fig:44,chapters/ch2-sec5.tex:192,none,perspective,draw,todo,L,n/a,n/a,Test rocket forebody ; Mounting plug ; Angle indicator assembly ; Panel ; Pulley wheel ; Test rocket afterbody ; Ball bearing in bearing mount ; Shaft ; Counterweight ; Bearing support plate ; Balance pan,"text chapters/ch2-sec5.tex:180-186 (pulley wheel on a steel shaft through ball bearings to an aluminium plug; rocket in two sections on the plug), 208-210 (pointer-and-protractor angle indicator shown), 219-224 (balance pan on a cord round the pulley, counterweighted); caption chapters/ch2-sec5.tex:193-198 (pulley, counterweight and pan removable; bolt holes in the bearing support plate nearest the rocket); chapters/ch2-sec6.tex:76-78 (Plate 1 balance similar to Fig 44 without the pulley)","Exploded pictorial of the moment balance: box of two bearing support plates joined by top and bottom panels, graduated dial and pointer on the near plate, shaft with bearings, pulley wheel with cord to counterweight and a cone of strings to the balance pan, forebody and afterbody shown slid apart from the mounting plug. One bolt hole visible, on the plate nearest the rocket (the bolt holes of the caption). Most complex drawing in this set."
ch2-fig45,ch2:fig:45,chapters/ch2-sec5.tex:270,none,schematic,draw,todo,M,n/a,n/a,Deflection angle (rad) = $\dfrac{\alpha^\circ}{57.3}$ ; Moment (dyn-cm) = M $\times$ 980 $\times$ R ; R (cm) (leader to the pulley rim) ; $\alpha^\circ$ ; Wind axis ; M (g) (leader to the weight in the pan),"text chapters/ch2-sec5.tex:258-265 (degrees divided by 57.3; grams times 980 times pulley radius in cm; ""illustrated in Figure 45""); caption chapters/ch2-sec5.tex:271-275","Side view: pulley wheel (circle with dash-dot centre lines) with the rocket (ogive nose, tube, fins) pivoted at its centre, nose up by $\alpha^\circ$ from the horizontal dash-dot wind axis (arc at far left between the extended rocket axis and the wind axis); cords hang from both sides of the wheel: counterweight left, balance pan with a weight right. Two formula lines at top are artwork (vectorize-todo row correct)."
ch2-fig46,ch2:fig:46,chapters/ch2-sec5.tex:305,"(a) data table, two columns, 11 rows; (b) graph of the table points with a smooth faired curve; (c) same axes with a graduated straightedge laid tangent at the origin, the linear-approximation line and the $C_1$ construction; panels separated by horizontal double rules, letters circled",mixed,compute+digitize+table,todo,M,"(b): 10 data points (x marks) + 1 solid faired curve from the origin; (c): x marks along the straightedge edge and two beyond it, the upper part of the solid faired curve beyond the straightedge, 1 dash-dot ""Linear approximation"" line continuing the straightedge edge, 2 dashed construction lines (vertical at 0.1 rad up to the line, horizontal from there to 5 on the moment axis), straightedge drawn as a graduated rectangle","table-in-figure: the plotted points are panel (a)'s table; the faired curve is hand-drawn - digitize (or fit a smooth monotone spline through the table); linear-approximation line compute: slope $C_1 = 5\times10^6$ dyn-cm (50 in the plot units, 10$^5$ dyn-cm per rad) through the origin, printed in panel (c)","(a): Moment (10$^5$ dyn-cm) ; Deflection angle (rad) (underlined column heads) ; rows Moment / Deflection: 0.0 / .0000 ; 1.250 / .0240 ; 2.500 / .0490 ; 3.750 / .0770 ; 4.375 / .0875 ; 5.000 / .1000 ; 5.625 / .1135 ; 6.250 / .1340 ; 6.875 / .1610 ; 7.500 / .1852 ; 8.125 / .2315 ; circled a ; (b): y ticks 0, 5, 10 ; Moment (10$^5$ dyn-cm) (rotated) ; x ticks 0.0-0.3 step 0.1 ; Deflection angle (rad) ; circled b ; (c): y ticks 0, 5, 10 ; Moment (10$^5$ dyn-cm) (rotated) ; x ticks 0.1, 0.2, 0.3 (0.0 hidden under the straightedge) ; Deflection angle (rad) ; Linear approximation ; $C_1 = \dfrac{5\times10^5}{0.1} = 5\times10^6$ dyn-cm ; circled c","caption chapters/ch2-sec5.tex:306-313 ((a) table compiled, (b) points transferred and smooth curve drawn, (c) straightedge tangent at the origin, slope = corrective moment coefficient); text chapters/ch2-sec5.tex:279-299 (points marked with a small x or dot, straightedge tangent at the origin, $C_1$ = moment/deflection of a point on the line); frontmatter/about-this-edition.tex:257-258 (""the table of measurements in Figure 46"")","Kinds: (a) table-figure, (b) graph, (c) graph. Point (0.1610, 6.875) lies visibly below the faired curve and (0.2315, 8.125) above its end - preserve. The 10$^5$ exponent in the column head is faint. A speck right of the formula in (c) is a scanner mark, not artwork. vectorize-todo row correct."
ch2-fig47,ch2:fig:47,chapters/ch2-sec5.tex:366,none,schematic,draw,todo,M,n/a,n/a,Position at greatest overshoot (three lines) ; $\alpha_1$ ; $\alpha_0$ ; Wind axis (two lines) ; Original deflected position (three lines),"text chapters/ch2-sec5.tex:348-356 (rocket released at $\alpha_0$ overshoots to $\alpha_1$ on the opposite side of zero; both signs taken as positive, shown in Fig 47); caption chapters/ch2-sec5.tex:367-368","Two superimposed rocket outlines pivoting about one point on the horizontal dash-dot wind axis: the original deflected position (nose below the axis) drawn solid, the greatest-overshoot position (nose above) drawn in dash-dot phantom lines; hidden parts of the fins dashed. $\alpha_0$ and $\alpha_1$ are arcs at the left between the extended rocket centrelines and the wind axis. Crop stops above the caption line (manifest)."
ch2-fig48,ch2:fig:48,chapters/ch2-sec6.tex:64,"none (side elevation, nose up, with an end view below it)",rocket,draw,todo,M,n/a,n/a,"Estes BNC-50X ; Estes BT-50 ; C.G. ; Flight Systems 21 $\times$ 70-mm casing (two lines) ; C.P. ; dimensions (rotated where vertical): 37.25 (overall length) ; 8.27 (nose, tip to tube) ; 1.27 (nose shoulder inside the tube, dashed) ; 28.98 (body tube) ; 7.00 (engine casing, dashed) ; 5.08 (vertical, fin root chord) ; 5.08 (horizontal, fin span) ; 2.54 (fin tip chord) ; 0.16 (fin thickness, end view) ; 2.48 ; 2.41 ; 2.10 (diameters in the end view) ; Scale (cm) ; 0 2 4 6 8 (two-row checkered scale bar) ; DTV-1 (underlined title)","text chapters/ch2-sec6.tex:46-47 (typical configuration DTV-1 built and tested); caption chapters/ch2-sec6.tex:65-67 (dimensions in cm, engine casing specifications in mm); ch2-sec6.tex:105 (static stability margin of three calibers)","The meaning of 1.27, 7.00, 0.16, 2.48/2.41/2.10 is inferred from the geometry (BT-50 OD 2.48, ID 2.41; casing 21 mm) - the drawing does not name them. Drawing is to scale at about 14.2 px/cm on the crop (37.25 cm = 528 px), but its scale bar measures about 15.0 px/cm (about 6% long): draw the bar at the true scale. C.G. (about 24.8 cm) and C.P. (about 32.5 cm from the tip) are not dimensioned; their separation, about 3.1 calibers, agrees with the text's three. End view: body circle with dashed inner circle, four fins, centre lines."
ch2-fig49,ch2:fig:49,chapters/ch2-sec6.tex:161,none,graph,compute,todo,S,"1 solid curve $\mathit{AR}_{\mathrm{res}}(\zeta)$, clipped at the top of the axis","compute: eq (50) $\mathit{AR}_{\mathrm{res}} = 1/(2C_1\zeta\sqrt{1-\zeta^2})$ (chapters/ch2-sec3b.tex:517-519) in units of $1/C_1$ (coupled form eq (75) identical, per caption); params: $\zeta$ 0-0.7 and 0-$8/C_1$ from the ticks; clip at $8/C_1$ ($\zeta \approx 0.063$)","0 ; $\dfrac{2}{C_1}$ ; $\dfrac{4}{C_1}$ ; $\dfrac{6}{C_1}$ ; $\dfrac{8}{C_1}$ (upright stacked fractions; unlabelled minor ticks at odd multiples of $1/C_1$) ; $\mathit{AR}_{\mathrm{res}}$ [rad/(dyn-cm)] (rotated y title) ; x ticks 0-0.7 step 0.1 printed 0, 0.1, ... 0.7, unlabelled minor ticks every 0.05 ; $\zeta$ (x title)","text chapters/ch2-sec6.tex:151-153 (rise of resonant amplitude ratio as damping ratio falls); ch2-sec6.tex:547-549 (at $\zeta$ = 0.3 the resonant deflection is 1.746 times the static, ""see Figure 49""); caption chapters/ch2-sec6.tex:162-164 (same curve for the coupled quantities)","vectorize-todo says the tick fractions are ""rotated with the axis"": they are upright. The drawn curve departs from eq (50) at small $\zeta$: it reaches $8/C_1$ at $\zeta \approx 0.052$ where eq (50) gives about $9.6/C_1$ (about 7.4 vs 8.4 at 0.06); elsewhere it agrees within the line width. The text (ch2-sec6.tex:551-553) quotes ten times at $\zeta$ = 0.05, i.e. eq (50), so compute rather than copy."
ch2-fig50,ch2:fig:50,chapters/ch2-sec6.tex:170,"(a)-(f), circled, each a side-view rocket outline with C.G. and C.P. symbols and a hand-lettered sub-caption: (a) long heavy rocket; (b) short stubby rocket with large fins; (c) very large fins far aft of the C.G.; (d) small fins, C.P. forward of C.G.; (e) very large swept fins plus small forward fins; (f) small fins close to the C.G.",rocket,draw,todo,M,n/a,n/a,circled a ; $I_L$ too large: ; $\zeta$ too small ; resonance severe ; too heavy ; circled b ; $I_L$ too small: ; easily disturbed ; $\zeta$ too large ; too light ; circled c ; $C_1$ too large: ; weathercocking severe ; circled d ; $C_1$ negative: ; statically unstable ; circled e ; $C_2$ too large: ; $\zeta$ too large ; drag excessive ; circled f ; $C_2$ too small: ; $\zeta$ too small ; resonance severe,"text chapters/ch2-sec6.tex:155 (Rocket A), 192 (rocket B), 224 (illustration C), 258 (illustration D, statically unstable), 273 (Rocket E), 287 (illustration F, fins too near the C.G.); caption chapters/ch2-sec6.tex:171-172","Text cites uppercase A-F; artwork has circled lowercase a-f. C.G. symbol quartered circle, C.P. circle-dot; their order matters (C.P. ahead of C.G. only in (d)). Six outlines share one rocket macro with varied length and fins; the sub-captions are artwork (manifest)."
ch2-fig51,ch2:fig:51,chapters/ch2-sec6.tex:447,"three unlettered sub-drawings, each a vertical rocket (nose up) with a roll device on the fins: Airfoiled fins | Canted fins | Spinnerons",rocket,draw,todo,S,n/a,n/a,Airfoiled fins ; Canted fins ; Spinnerons,"text chapters/ch2-sec6.tex:363-366 (airfoiled fins, canted fins and spinnerons, i.e. fin tabs, ""as illustrated in Figure 51""); backmatter/supplement/s-ch2-2022.tex:28-30 (same sentence) and :45 (Fig 52 added below Fig 51); caption chapters/ch2-sec6.tex:448","Identical outlines except the fin detail: the edge-on front fin shows a curved airfoil section, a slanted canted fin, or bent tabs at the trailing edges. Draw one rocket and vary. Fig 52 (2022 chart) sits directly below it in the chapter."
sup-ch2-fig36-1994,"ch2:fig:36 (chapters/ch2-sec4.tex:337); supplement Part, no label (s-ch2-1994.tex:139, under chapter heading supp:ch2-fig36)",chapters/ch2-sec4.tex:318 ; backmatter/supplement/s-ch2-1994.tex:139,none,schematic,draw,todo,M,n/a,n/a,"$\AR = \dfrac{4s}{c_r + c_t}$ (at left) ; $Z_T$ (level of root leading edge) ; $\bar{Z}_{T(B)}$ (level of the fin-set CP) ; $\dfrac{c_r}{2}$ (dimension from $Z_T$ to mid-root) ; $c_r$ (root-chord dimension) ; $s$ (span dimension, top) ; $\Gamma_c$ (angle at mid-root between the horizontal and the mid-chord line) ; $\ell$ (dash-dot mid-chord line with arrowheads, mid-root to mid-tip) ; $\dfrac{c_t}{2}$ ; $c_t$ (tip-chord dimensions at right) ; $\bar{Y}_T$ (dimension from rocket centreline to the dashed line through the fin CP) ; $r_t$ (dimension from centreline to body surface) ; C.P.$_{T(B)}$ (with leader to a circle-dot symbol on the centreline) ; C.P.$_T$ (with leader to a circle-dot symbol on the fin) ; Rocket centerline (with leader arrow to the dash-dot centreline)","text ch2-sec4.tex:303-308: notation for fin normal force curve slope and CP; Barrowman method applies strictly to the fin form shown; caption ch2-sec4.tex:319-326: $Z_T$ nose tip to root/leading-edge intersection, $\bar{Z}_{T(B)}$ nose tip to fin-assembly CP, $\ell$ mid-root-chord to mid-tip-chord, $\AR$ of a two-fin wing of span 2s; eq (86) $\AR = 4s/(c_r + c_t)$ ch2-sec4.tex:380-382 and eq (87) $\ell = s/\cos\Gamma_c$ ch2-sec4.tex:385-387 match the art; s-ch2-1994.tex:184-185 ($\bar{Y}_T$, s, c_r, r_t, c_t illustrated in Fig 36); ch2-sec6.tex:440-443 and s-ch2-2022.tex:100-102 (notation for eqs 115-117); caption credit backmatter/figure-credits.tex:94 (after J.S. Barrowman)","Half-body view: body tube between the dash-dot centreline and the body surface, broken off at the top by a zigzag break symbol; one trapezoidal swept fin with vertical tip chord. Dashed vertical line through C.P._T; dash-dot mid-chord line for ell. Eq (89) (ch2-sec4.tex:428-430) needs $x_t$ (root-to-tip leading-edge offset) and gives $\bar{Z}_T$, neither of which is marked in the art (nor in the 1973 drawing) - keep faithful, but a consistent redraw can place C.P._T with eqs (89)/(90). Differences from the 1973 Fig 36 (figures/ch2/fig36.png): AR formula 4s instead of 2s, ell marked. A stray mark near the top left (above the Z_T line, x~37%) is scanner dirt. LeRoy lettering; capital-looking C in c_r, c_t and S in s are the lettering style, typeset as lowercase per the text."
sup-ch2-fig52-2022,"ch2:fig:52 (chapters/ch2-sec6.tex:459); supplement Part, no label (s-ch2-2022.tex:49)",chapters/ch2-sec6.tex:454 ; backmatter/supplement/s-ch2-2022.tex:49,none,graph,compute,todo,S,"1: boundary of the region to avoid (thin solid grey line, Excel smoothed scatter with small point markers at about every 0.05 of zeta_c on each branch and at the peak), an arch from (beta_c~0.447, 0) up to a peak ~(0.775, 0.447) and down to (~1.342, 0)","compute: eq (73b) $\mathit{AR}_c = 1/[C_1\sqrt{(\beta_c^2-1)^2 + (2\zeta_c\beta_c)^2}]$ (chapters/ch2-sec3d.tex:406) set equal to $1.25/C_1$ (caption ch2-sec6.tex:455-456), i.e. $\zeta_c = \sqrt{0.64 - (\beta_c^2-1)^2}/(2\beta_c)$ for $\beta_c^2 \in [0.2, 1.8]$; peak from eqs (74a)/(75): $\zeta_c = \sqrt{0.2} = 0.4472$ at $\beta_c = \sqrt{0.6} = 0.7746$ (matches the 0.4472 of s-ch2-2022.tex:57); params: all in the caption. Checked against the art: feet at 0.447/1.342, zeta=0.2 at beta 0.472/1.272, peak 0.445 at 0.77 (within reading error)","x ticks 0.000-2.500 step 0.500 (three decimals) ; y ticks 0.000-0.500 step 0.050 (three decimals) ; x title: Coupled Frequency Ratio $\beta_c = (\omega_z/\omega_{nc})$ ; y title (rotated): Coupled Damping Ratio $\zeta_c$ ; light grey gridlines: vertical at every 0.5 in beta_c, horizontal at every 0.05 in zeta_c ; the chart title line (caption) is excluded from the crop","caption ch2-sec6.tex:455-456 (AR_c from exceeding 1.25/C_1); text ch2-sec6.tex:476-479 (range of beta_c to avoid so that roll does not amplify pitch and yaw angles more than 25%) and ch2-sec6.tex:483-488 (rule of thumb: omega_Z < 0.44 omega_nc, or > 1.35 omega_nc but not over 2.0 omega_nc, read off the curve feet 0.447/1.342); supplement s-ch2-2022.tex:51, 55-58 (region bounded by the curve to be avoided; for zeta_c >= 0.4472 no amplification over 25%), 116-124","NOT from eqs (115)-(117): those give the roll rate omega_z; the plotted boundary comes from the amplitude-ratio eq (73b) of Section 3 (ch2-sec3d.tex). Excel chart (2022): sans-serif lettering, thin grey curve with tiny markers, no axis box. Axis title uses lowercase omega_z (as the 2022 supplement) while Chapter 2 writes omega_Z. The note under the figure in the supplement (s-ch2-2022.tex:55-58) is not in the chapter. The rule of thumb 1.35 is slightly above the foot 1.3416 and 2.0 is not on the chart; the redrawer could shade the avoided region but the original has no shading. Crop is from the larger copy on PDF 687 (PDF 684 has a smaller one)."
ch3-fig01,ch3:fig:1,chapters/ch3-intro-sec2a.tex:161,none,rocket,draw,todo,M,n/a,n/a,$\bar{V}$ (overbar; at the tip of the velocity line drawn from the C.G.) ; $\alpha$ (arc between the velocity line and the rocket axis) ; C.G. (beside a quartered-circle CG symbol) ; C.P. (beside a circle-with-dot CP symbol) ; $\bar{D}$ (overbar; at the tip of the drag line drawn from the C.P.) ; Drag is determined by: (underlined heading) ; • rocket size ; • rocket shape ; • airspeed ; • finish smoothness ; • angle of attack ($\alpha$) ; • density of air ; • viscosity of air ; • speed of sound,"drag considered to originate at the center of pressure (C.P.) and the list of factors determining it: chapters/ch3-intro-sec2a.tex:154-157 ; caption repeats the factor list (size, shape, finish, airspeed, angle of attack under the designer's control; density, viscosity, sound speed properties of the medium)","Rocket drawn tilted about 30 deg from vertical, nose up-right; long dash-dot centreline extended beyond nose and tail; nose joint line; two trapezoidal fins visible. V-bar line starts at the C.G. and points up-left of the axis; D-bar line starts at the C.P. and points down, roughly opposite to V-bar. Neither vector line shows an arrowhead; the letters carry overbars, not arrows (STYLE s.14: \vec only where an arrow is drawn) - decide the house vector style. The hand-lettered factor list should be typeset as an itemized list beside the drawing."
ch3-fig02,ch3:fig:2,chapters/ch3-intro-sec2a.tex:265,none,graph,digitize,todo,S,"1 solid curve, rho/rho_o vs altitude, nearly straight: 1.00 at 0 m to about 0.786 at 2500 m ; grid: vertical every 500 m, horizontal every .05","digitize: U.S. Standard Atmosphere 1962 values (ref. 19; figure credit 'After U.S. Standard Atmosphere, 1962'); the book prints no density-altitude law (the only relation, rho = rho_std T_std/T at chapters/ch3-intro-sec2a.tex:281, is a temperature correction). Recommended instead of digitizing: regenerate from the external USSA-1962 troposphere formulas T = 288.15 - 0.0065h, rho/rho_o = (T/288.15)^4.2559 - verified against the print (0.9761 vs 0.9762 at 250 m; 0.8439 vs 0.8425 at 1750 m; 0.788 vs 0.785 at 2450 m)","y axis title $\dfrac{\rho}{\rho_o}$ ; y ticks .70, .80, .90, 1.00 (labelled every .10; grid every .05) ; x ticks 0-2500 step 500 (grid every 500) ; x axis title Altitude (meters) ; in-plot note $\rho_o = 1.225014\ \mathrm{kg/m^3}$ (below the .80 grid line, which is broken from about 300 m to 1500 m around it)","density departures read off the graph: just under 3% at 300 m, just over 9% at 1000 m, 25.6% at 3000 m (chapters/ch3-intro-sec2a.tex:253-257) ; density graph based on the temperature relation of Fig 3 (chapters/ch3-intro-sec2a.tex:271-273) ; sea-level density 1.225 of Fig 2 used in an ednote (chapters/ch3-intro-sec2a.tex:318)","The 3000 m value quoted in the text lies beyond the plotted range (axis ends at 2500 m): not a figure error. Figs 2, 3, 4, 7 and 8 share the same frame and altitude axis (0-2500 m, grid 500): build one axis style and reuse it. rho_o subscript is the letter o (STYLE s.14)."
ch3-fig03,ch3:fig:3,chapters/ch3-intro-sec2a.tex:293,none,graph,compute,todo,S,"1 solid straight line, T vs altitude: 288.15 K at 0 m (just below the 290 line) to about 272 K at 2500 m ; grid: vertical every 500 m, horizontal every 5 K",compute: linear lapse rate 'about 1 deg C for each 154 meters' (chapters/ch3-intro-sec2a.tex:273-275) from the sea-level 15 C / 288 K (chapters/ch3-intro-sec2a.tex:237-238): T = 288.15 - h/154 (identical to USSA-1962 T = 288.15 - 0.0065h); verified against the print within 0.15 K,"y axis title T (°K) ; y ticks 270, 280, 290 (labelled every 10; grid every 5) ; x ticks 0-2500 step 500 (grid every 500) ; x axis title Altitude (meters)","'linear lapse rate' of about 1 deg C per 154 m, as 'can be seen from the graph' (chapters/ch3-intro-sec2a.tex:273-275) ; Fig 2 density based on this temperature relation (chapters/ch3-intro-sec2a.tex:271-273)","Printed unit '(°K)' is 1973 usage; keep or modernize to K per house style. Shared altitude-axis layout with Figs 2, 4, 7, 8. Figure credit: After U.S. Standard Atmosphere, 1962."
ch3-fig04,ch3:fig:4,chapters/ch3-intro-sec2a.tex:408,none,graph,compute,todo,S,"1 solid curve (very slightly curved), c vs altitude: 340 m/s at 0 m to about 330.3 m/s at 2500 m ; grid: vertical every 500 m, horizontal every 2.5 m/s","compute: eq. (213) c = c_std sqrt(T/T_std) (chapters/ch3-sec7.tex:30-32) with sea-level c = 340 m/s (chapters/ch3-intro-sec2a.tex:390-392; chapters/ch3-sec7.tex:42-44), T_std = 288 K (chapters/ch3-intro-sec2a.tex:237-238) and T(h) from the Fig 3 lapse rate (chapters/ch3-intro-sec2a.tex:275): c = 340 sqrt(T(h)/288.15); verified: matches the print within 0.03 m/s (the USSA sqrt(gamma R T) curve, starting at 340.29, would sit about 0.3 m/s higher)","y axis title c (m/sec) (rotated) ; y ticks 330, 335, 340 (labelled every 5; grid every 2.5) ; x ticks 0-2500 step 500 (grid every 500) ; x axis title Altitude (meters)","sea-level sound speed about 340 m/s read from Fig 4 (chapters/ch3-intro-sec2a.tex:390-392) ; ednote: 340 m/s 'plotted in Figure 4' (chapters/ch3-intro-sec2a.tex:318-320) ; variation of c with altitude for the standard atmosphere, 'only slightly - a few percent at most' (chapters/ch3-sec7.tex:25-40)","Eq. (213) is stated for a non-standard temperature at a given altitude; applied with the sea-level c_std and T_std it reproduces the printed curve. Known v1 ednote D9 (isothermal E in eq. (5) gives 288 m/s) does not affect the figure. Shared altitude-axis layout with Figs 2, 3, 7, 8. Figure credit: After U.S. Standard Atmosphere, 1962."
ch3-fig05,ch3:fig:5,chapters/ch3-intro-sec2a.tex:447,"(a) front face of an elastic cube under shearing forces F on its four lateral faces, face area A_c, right angle pi/2 at the lower-left corner, formula tau = F/A_c above ; (b) the same face sheared into a rhomboid, angle theta at the lower-left corner, formula gamma = pi/2 - theta above",schematic,draw,todo,S,n/a,n/a,"(a): $\tau = \dfrac{F}{A_c}$ ; F (top, arrow pointing right) ; F (right side, arrow up) ; F (bottom, arrow pointing left) ; F (left side, arrow down) ; Face area $= A_c$ ; $\dfrac{\pi}{2}$ (corner arc with arrowhead) ; circled a ; (b): $\gamma = \dfrac{\pi}{2} - \theta$ ; F (four arrows parallel to the tilted sides, same senses as in (a)) ; $\theta$ (corner arc) ; circled b","forces applied parallel to four faces 'in the manner shown in Figure 5a' (chapters/ch3-intro-sec2a.tex:416-419) ; deformation into a rhomboidal parallelepiped 'as shown in Figure 5b', angle theta less than 90 deg (chapters/ch3-intro-sec2a.tex:424-427) ; tau = F/A_c and gamma = pi/2 - theta defined in the text (chapters/ch3-intro-sec2a.tex:421-433)",In (b) all four sides are tilted (the face is slightly rotated as well as sheared). Circled panel letters sit under each drawing. The hand gamma is the looped glyph (STYLE s.14: gamma = shear strain).
ch3-fig06,ch3:fig:6,chapters/ch3-intro-sec2a.tex:464,none,schematic,draw,todo,S,n/a,n/a,"U (above the upper plate, with an arrow pointing right) ; u (beside the linear profile line) ; h (vertical dimension with arrowheads between the plates) ; y (short vertical axis arrow at left)","lower plate fixed, upper plate at height h moving right at velocity U (chapters/ch3-intro-sec2a.tex:456-460) ; velocity increasing linearly from zero at the lower plate to U at the upper (chapters/ch3-intro-sec2a.tex:487-489) ; caption: u = Uy/h","Two long parallel plates, hatched on their outer sides; linear velocity profile (triangle) from zero at the lower plate to U at the upper, 9 evenly spaced horizontal arrows. Draw exactly u = Uy/h. Figure credit: After H. Schlichting (text also cites ref. 15). Hatched-wall style shared with Figs 13, 16, 17, 18, 25."
ch3-fig07,ch3:fig:7,chapters/ch3-intro-sec2a.tex:529,none,graph,digitize,todo,S,"1 solid curve (nearly straight), mu/mu_o vs altitude: 1.000 at 0 m to about 0.957 at 2500 m ; grid: vertical every 500 m, horizontal every .0125","digitize: U.S. Standard Atmosphere 1962 (ref. 19; credit 'After U.S. Standard Atmosphere, 1962'); the book gives no viscosity-temperature law. Recommended: regenerate from the external USSA-1962 Sutherland law mu = 1.458e-6 T^1.5/(T + 110.4) with T(h) of Fig 3, normalized by mu_o = 1.7894e-5 - verified against the print (0.9868 vs 0.9866 at 750 m; 0.9565 vs 0.957 at 2450 m)","y axis title $\dfrac{\mu}{\mu_o}$ ; y ticks .950, .975, 1.000 (labelled every .025; grid every .0125) ; x ticks 0-2500 step 500 (grid every 500) ; x axis title Altitude (meters) ; in-plot note $\mu_o = 1.78943 \times 10^{-5}\ \mathrm{kg/(m\text{-}sec)}$ (just below the .9625 grid line, which is broken around it)",mu decreases steadily with increasing altitude (chapters/ch3-intro-sec2a.tex:522-525),"Shared altitude-axis layout with Figs 2, 3, 4, 8. mu_o subscript is the letter o."
ch3-fig08,ch3:fig:8,chapters/ch3-intro-sec2a.tex:551,none,graph,digitize,todo,S,"1 solid curve (slightly concave up), nu/nu_o vs altitude: 1.0 at 0 m to about 1.22 at 2500 m ; grid: vertical every 500 m, horizontal every 0.05","digitize: U.S. Standard Atmosphere 1962 (ref. 19). nu = mu/rho (chapters/ch3-intro-sec2a.tex:535-536), so the curve is Fig 7 divided by Fig 2: regenerate with the same external USSA-1962 formulas (verified: 1.0611 vs 1.0615 at 750 m; 1.2183 vs 1.2179 at 2450 m); nu_o = mu_o/rho_o = 1.4608e-5 agrees with the printed 1.461e-5","y axis title $\dfrac{\nu}{\nu_o}$ ; y ticks 1.0, 1.1, 1.2, 1.3 (labelled every 0.1; grid every 0.05) ; x ticks 0-2500 step 500 (grid every 500) ; x axis title Altitude (meters) ; in-plot note $\nu_o = 1.461 \times 10^{-5}\ \mathrm{m^2/sec}$ (in the band between the 1.20 and 1.25 grid lines; the 500 m and 1000 m verticals are broken around it)",nu increases relatively slowly with altitude; only about 2.4% above sea level at 300 m (chapters/ch3-intro-sec2a.tex:539-543),"The text's working value nu = 1.495e-5 (chapters/ch3-intro-sec2a.tex:544-545) is an average, not a mismatch with nu_o. A small dot inside the plot near 1100 m, 1.28 is a scanner speck. Shared altitude-axis layout with Figs 2, 3, 4, 7."
ch3-fig09,ch3:fig:9,chapters/ch3-sec2b.tex:35,none (two unlettered parts side by side),mixed,draw,todo,M,n/a,n/a,"u(y) (beside the profile) ; $\tau + \dfrac{\partial\tau}{\partial y}\,dy$ (at the arrow from the top-face centre, pointing +x) ; dy (vertical edge) ; dz (receding edge) ; dx (bottom front edge) ; $\tau$ (at the arrow from the bottom-face centre, pointing -x)","fluid element moving parallel to x with u a function of x and y (chapters/ch3-sec2b.tex:22-24) ; net shear on the upper and lower y-faces, (tau + dtau/dy dy)dx dz - tau dx dz, giving eq. (13) (chapters/ch3-sec2b.tex:83-88) ; caption: variation of u with y and shear on the upper and lower y-faces","kind mixed: left = schematic velocity profile (18 evenly spaced arrows from a vertical base line to a concave profile, longer at the top); right = perspective (oblique) box element with hidden edges dashed, face diagonals drawn on the top face (solid) and bottom face (dashed) to locate the face centres (dots), from which the two shear arrows start. Figure credit: After H. Schlichting."
ch3-fig10,ch3:fig:10,chapters/ch3-sec2b.tex:74,none,rocket,draw,todo,M,n/a,n/a,"V (inline on the uppermost free-stream arrow, between two vertical bounding lines) ; Boundary layer (with a brace) ; Free stream (with a brace whose lower leg runs down to an arrowhead at the bottom edge)",free-stream velocity V seen by an observer moving with the rocket at points far enough from the surface to be undisturbed (chapters/ch3-sec2b.tex:61-66) ; caption: boundary-layer thickness greatly exaggerated (actual 1e-2 to 1e-3 cm),"Horizontal rocket side view, nose left (ogive nose with joint line, body tube, trapezoidal fins top and bottom), long dash-dot centreline extended beyond both ends. Velocity profiles above and below the body at about the nose-joint station: about 8 arrows each side from a vertical base line, curved inside the boundary layer, uniform outside; below the body the boundary-layer edge is a dashed horizontal line. Rocket outline style can be shared with Figs 1 and 12."
ch3-fig11,ch3:fig:11,chapters/ch3-sec2b.tex:340,none,perspective,draw,todo,M,n/a,n/a,$\bar{n}$ (overbar; unit normal arrow at the element) ; $\bar{t}$ (overbar; unit tangent arrow) ; dS (small rectangular surface element) ; $\bar{V}$ (overbar; free-stream arrow on the body axis ahead of the nose),"notation of the surface integrals (26)-(27): n, t, dS and the angles to V (chapters/ch3-sec2b.tex:329-336) ; 'refresh your memory ... by consulting Figure 11' (chapters/ch3-sec3c-sec4a.tex:129-131) ; symbol-list ednote on the unit tangent vector (chapters/ch3-symbols.tex:148) ; caption: n perpendicular, t tangent, both from the centre of dS","Oblique view of an ogive/paraboloid nose body truncated at its base: base ellipse with the hidden half dashed; three lines through the base centre (the long-dashed body axis, extended ahead of the nose, plus two transverse axes). Caption and text write the vectors with \vec (arrows); the artwork letters carry overbars while the vector lines themselves have arrowheads - unify with the house vector style."
ch3-fig12,ch3:fig:12,chapters/ch3-sec3a.tex:39,none,rocket,draw,todo,L,n/a,n/a,pressure foredrag ; laminar boundary layer ; transition ; turbulent boundary layer ; fin-body interference drag ; drag due to angle of attack ; $\alpha$ ; $\bar{V}$ ; skin friction drag ; parasitic pressure drag due to launch lug ; base drag ; fin tip vortex,'summarizes diagrammatically the important topics in model rocket drag' (chapters/ch3-sec2b.tex:429-430) ; caption: constituents discussed later; boundary-layer thickness greatly exaggerated,"Rocket side view, nose left, with a thin laminar boundary layer thickening at transition into a turbulent layer rendered by short freehand dashes; launch lug on the near side just ahead of the fins (elongated shape on the centreline) with its wake behind it; fins top and bottom; recirculating base wake and fin-tip vortex trailing aft (dashed turbulence texture). alpha is marked between the axis extended ahead of the nose and the inclined V-bar direction line. All 11 callouts use right-angled hand leaders. A stray dot under the first t of 'attack' and a dark blob on the upper body line near the nose joint look like scanner specks [uncertain]. The figure environment sits in ch3-sec3a although first cited in ch3-sec2b (see source comment)."
ch3-fig13,ch3:fig:13,chapters/ch3-sec3a.tex:220,none,schematic,draw,todo,M,n/a,n/a,"$U_\infty$ (above the upstream uniform profile) ; $U_\infty$ (above the second boundary-layer profile) ; y (axis arrow up from the leading edge) ; x (axis arrow below the plate) ; u(x,y) (beside the first boundary-layer profile) ; $\delta(x)$ (vertical dimension from the plate to the boundary-layer edge)","velocity profiles similar at all x-stations: u/U_inf a function of y/delta, delta growing with x (chapters/ch3-sec3a.tex:206-216)","Uniform upstream profile plus three developing profiles (about 16 arrows each), dash-dot boundary-layer edge growing like sqrt(x) from the leading edge (small open circle), plate hatched below. Although a schematic, the profile shapes and edge can be generated from Table 1 (f'(eta)) and eq. (54) delta = 5 sqrt(nu x/U_inf) instead of freehand. Figure credit: After Schlichting, Boundary Layer Theory."
ch3-fig14,ch3:fig:14,chapters/ch3-sec3a.tex:465,none,graph,compute,todo,S,"1 solid curve f'(eta) = u/U_inf with eta vertical, from the origin to about eta = 6 where it meets the u/U_inf = 1.0 border ; 1 dashed horizontal line at eta = 1.73 (displacement thickness) ; grid: x every 0.1, y every 1","compute: Table 1 (f' vs eta, chapters/ch3-sec3a.tex:392-439); dashed line at the printed 1.73 (Table 1 gives lim(eta - f) = 8.8 - 7.07923 = 1.7208); verified: print matches Table 1 within about 0.01","y axis title $\eta = y\sqrt{\dfrac{U_\infty}{\nu x}}$ (rotated) ; y ticks 0-8 step 1 ; x axis title $f'(\eta) = \dfrac{u}{U_\infty}$ ; x ticks 0, 0.2, 0.4, 0.6, 0.8, 1.0 (grid every 0.1) ; 1.73 (on the dashed line near the left, in a gap) ; $\delta^{*}\sqrt{\dfrac{U_\infty}{\nu x}}$ (label of a vertical dimension along the u/U_inf = 0.8 grid line from eta = 0 up to the dashed line, set in a gap of the eta = 1 grid line)","velocity distribution from Table 1 plotted in Fig 14; near-wall linearity then steepening toward U_inf (chapters/ch3-sec3a.tex:456-461) ; Fig 21a 'identical to that of Figure 14, except for a scale factor of two in the vertical coordinate' (chapters/ch3-sec3b.tex:675-676) ; caption: eta on the vertical axis; delta* approximately delta/3","Printed 1.73 vs the Table-1 value 1.7208 (Schlichting prints 1.72): minor, keep as printed (corrections file only, per user policy). The asterisk of delta* prints like a raised dot. Same eta axis (0-8) and x range as Fig 15. Figure credit: After Schlichting."
ch3-fig15,ch3:fig:15,chapters/ch3-sec3a.tex:546,none,graph,compute,todo,S,"1 solid curve (v/U_inf)sqrt(U_inf x/nu) vs eta (eta vertical), from the origin to about (0.86, 5.8), then vertical at 0.865 up to eta = 8 ; 1 dashed vertical asymptote at 0.865 from eta about 5.8 down to eta = 0 ; grid: x every 0.1, y every 1","compute: eq. (46) (chapters/ch3-sec3a.tex:335): (v/U_inf)sqrt(U_inf x/nu) = (eta f' - f)/2 with f, f' from Table 1; asymptote at the printed 0.865 of eq. (56) (chapters/ch3-sec3a.tex:524-526) - Table 1 gives (1/2)lim(eta - f) = 0.8604","y axis title $\eta = y\sqrt{\dfrac{U_\infty}{\nu x}}$ (rotated) ; y ticks 0-8 step 1 ; x axis title $\dfrac{v}{U_\infty}\sqrt{\dfrac{U_\infty x}{\nu}}$ ; x ticks 0, 0.2, 0.4, 0.6, 0.8, 1.0 (grid every 0.1) ; 0.865 (label of a horizontal dimension along the eta = 7 grid line from the axis to the asymptote, arrowhead at the asymptote)",nondimensional transverse velocity vs eta plotted in Fig 15; v tends to the asymptotic value v_inf = 0.865 U_inf sqrt(nu/(x U_inf)) (chapters/ch3-sec3a.tex:519-526),"Do not digitize: the printed curve lies up to about 0.04 left of the Table 1 / eq. (46) values for eta 1 to 3.5 (e.g. eta = 1.8: printed 0.21, computed 0.25; eta = 3.2: 0.59 vs 0.62). Asymptote: printed 0.865 (also eq. (56)); Table 1 gives 0.8604 (Schlichting 0.8604) - minor, keep the printed label; the computed curve tends to 0.860. A small dot left of the x-axis title is a speck. Same axes as Fig 14. Figure credit: After Schlichting."
ch3-fig16,ch3:fig:16,chapters/ch3-sec3a.tex:572,none,schematic,draw,todo,M,n/a,n/a,"U(x) (at the top of the local profile) ; u(y) (at the profile curve) ; $\tau_o$ (at the end of the line tangent to the surface at the element) ; ds (surface element with a small dimension) ; $\phi$ (angle between the dashed extension of the surface tangent and the axis, arc with arrowheads) ; $U_\infty$ (with arrow, upstream on the axis) ; x (axis arrow downstream)","notation of eq. (58): tau_o, phi, ds (and span b, length l around the profile) 'explained pictorially in Figure 16' (chapters/ch3-sec3a.tex:557-565)","Hatched teardrop (airfoil-like) body with dash-dot axis; local boundary-layer profile standing normal to the surface at ds, drawn with about 12 arrows. PDF 360: the angle is \phi, not \varphi (STYLE s.14). Span b and length l from the text are not lettered in the figure. A scanner speck lies at the upper right, outside the drawing. Figure credit: After Schlichting."
ch3-fig17,ch3:fig:17,chapters/ch3-sec3b.tex:163,none,schematic,draw,todo,M,n/a,n/a,"control surface (leader to the hatched boundary) ; $A_1$ (upper left corner) ; A (left, at plate level) ; $B_1$ (upper right corner) ; B (right, at plate level) ; O (at the plate trailing edge, small open circle) ; y (axis arrow at the leading edge) ; x (dimension arrow from the leading edge) ; $\ell$ (plate-length dimension) ; $\tau_o$ (over a short horizontal stroke on the plate, arrowhead not visible) ; h (vertical dimension, height of the control surface) ; $\delta$ (vertical dimension, boundary-layer thickness at the trailing edge) ; u(x,y) (wake profile) ; $U_\infty$ (under each of the three profiles)",control surface identified by its corner points A A_1 B_1 B; A_1B_1 in the undisturbed U_inf; AB contributes nothing by symmetry (chapters/ch3-sec3b.tex:118-128) ; Table 2 caption refers to the control surface of Fig 17 (chapters/ch3-sec3b.tex:136-139),"Flat plate (hatched) at mid-height; dash-dot boundary-layer edges above and below from the leading edge, continuing downstream as solid wake lines; three velocity profiles (about 15-18 arrows each): uniform upstream at AA_1 (extends above and below the plate), full profile at the trailing edge O with a dashed vertical at U_inf, and the wake-defect profile u(x,y) at BB_1 with a dashed vertical at U_inf. Control-surface sides A_1B_1 and B_1B drawn hatched; two curved streamline arrows leave through A_1B_1. A dashed vertical drops from the leading edge to the x and l dimension lines. Figure credit: After Schlichting."
ch3-fig18,ch3:fig:18,chapters/ch3-sec3b.tex:413,"(a) inflected (unstable) boundary-layer profile, with the point of inflection marked ; (b) full, convex (stable) profile",schematic,draw,todo,S,n/a,n/a,"(a): y ; $U_\infty$ ; u(y) ; $\delta$ (vertical dimension from the wall to the boundary-layer edge, where a small circle marks the profile meeting U_inf) ; Point of inflection (leader to a small circle on the profile) ; circled a ; (b): y ; $U_\infty$ ; u(y) ; circled b",Rayleigh: profiles with a point of inflection are unstable; Fig 18 compares one with a stable profile (chapters/ch3-sec3b.tex:382-386) ; favorable gradient: full profiles without inflection 'as in Figure 18b' (chapters/ch3-sec3b.tex:396-400) ; adverse gradient: inflection points 'as in Figure 18a' (chapters/ch3-sec3b.tex:400-403),"About 24 evenly spaced arrows per profile from the y axis to the profile curve; hatched walls; small open circles mark the boundary-layer edge in both panels and the inflection point in (a). Arrow-profile style shared with Figs 13, 17, 25."
ch3-fig19,ch3:fig:19,chapters/ch3-sec3b.tex:591,none,graph,compute,todo,S,"1 solid curve eta_2-D vs (R_k/sqrt(R_x))_2-D, from the origin (vertical tangent) to about 2.96 at 6 ; grid: x every 1, y every 0.4","compute: eqs. (91), (92), (94)-(96) with u/U_inf = f'(eta_B) from Table 1: for each eta_k, R_k/sqrt(R_x) = 2 eta_k f'(2 eta_k) (flat plate, incompressible). The relation is not printed as an equation but is fully determined by these; verified against the print within drawing accuracy and against the text example ((R_k)_t/sqrt(R_x) = 1.73 gives eta_k = 1.19, text 1.20)","y axis title $\eta_{2\text{-}D}$ ; y ticks 0-3.2 step 0.4 ; x axis title $(R_k/\sqrt{R_x})_{2\text{-}D}$ [numerator subscript indistinct in the 150 ppi scan, prints like x; caption and text: R_k] ; x ticks 0-6 step 1","eta_k as a function of R_k/sqrt(R_x) for the flat plate, from Ref. 3 (chapters/ch3-sec3b.tex:569-575) ; read eta_k for the computed (R_k)_t/sqrt(R_x) (chapters/ch3-sec3b.tex:581-584) ; example: 1.73 -> two-dimensional eta_k = 1.20 read from the graph (chapters/ch3-sec3b.tex:618-620) ; Figures 19-21 taken from Ref. 3 (chapters/ch3-sec3b.tex:660-662)","Axes identical to Fig 20. A small stray stroke inside the plot near x = 3.2, eta = 2.5 is a scanner speck. Figure credit: After NACA TN 4363 (ref. 3, Braslow and Knox)."
ch3-fig20,ch3:fig:20,chapters/ch3-sec3b.tex:602,none,graph,compute+compute-partial+digitize,todo,S,"1 solid curve eta_3-D vs (R_k/sqrt(R_x))_3-D, from the origin to about 3.0 at 6 ; grid: x every 1, y every 0.4","compute-partial: same construction as Fig 19 (eqs. (91), (92), (94)-(96), Table 1) but with the laminar cone profile; missing: the cone velocity profile, not given in the book. Mangler's transformation (external) gives u/U_inf = f'(2 sqrt(3) eta), i.e. R_k/sqrt(R_x) = 2 eta_k f'(2 sqrt(3) eta_k), which reproduces the print (eta = 1.0: computed 1.82, printed 1.77; eta = 2.0: 4.19 vs 4.23) and the text example (1.73 -> 0.96). Otherwise digitize (ref. 3)","y axis title $\eta_{3\text{-}D}$ ; y ticks 0-3.2 step 0.4 ; x axis title $(R_k/\sqrt{R_x})_{3\text{-}D}$ [numerator subscript indistinct, prints like x; caption: R_k] ; x ticks 0-6 step 1",cone case from Ref. 3 (chapters/ch3-sec3b.tex:569-575) ; reading eta_k (chapters/ch3-sec3b.tex:581-584) ; example three-dimensional eta_k = 0.96 read from the graph (chapters/ch3-sec3b.tex:618-620) ; Figures 19-21 from Ref. 3 (chapters/ch3-sec3b.tex:660-662),Axes identical to Fig 19. Figure credit: After NACA TN 4363.
ch3-fig21,ch3:fig:21,chapters/ch3-sec3b.tex:655,(a) laminar velocity profile over a flat plate: eta_2-D vs u/U ; (b) laminar velocity profile over a cone: eta_3-D vs u/U,graph,compute+compute-partial,todo,S,"one solid curve per panel ((a) reaches u/U = 1 near eta = 2.6; (b) near eta = 1.5) ; grid: x every 0.1, y every 0.5 (both panels)",(a) compute: Table 1 with eq. (96) eta_B = 2 eta_3: u/U = f'(2 eta_2-D) - verified within 0.015 ; (b) compute-partial: missing the cone profile (not in the book); Mangler's sqrt(3) scaling (external) u/U = f'(2 sqrt(3) eta_3-D) reproduces the print within about 0.03,"(a): y axis title $\eta_{2\text{-}D}$ ; y ticks 0-4 step 1 (grid every 0.5) ; x axis title $\dfrac{u}{U}$ ; x ticks 0, 0.5, 1.0 (grid every 0.1) ; circled a (inside the plot at eta = 3, grid lines broken around it) ; (b): y axis title $\eta_{3\text{-}D}$ ; y ticks 0-4 step 1 (grid every 0.5) ; x axis title $\dfrac{u}{U}$ ; x ticks 0, 0.5, 1.0 (grid every 0.1) ; circled b (inside the plot at eta = 3)","profiles of Figures 21a and 21b used to check that the eta_k values lie well within the boundary layer (chapters/ch3-sec3b.tex:648-651) ; Figures 19-21 from Ref. 3 (chapters/ch3-sec3b.tex:660-662) ; Fig 21a identical to Fig 14 except for a factor two in the vertical coordinate (chapters/ch3-sec3b.tex:664-676, eqs. (94)-(96))",The x-axis label prints U without the infinity subscript. Both panels share one layout; (a) is the Fig 14 curve with eta halved. Figure credit: After NACA TN 4363.
ch3-fig22,ch3:fig:22,chapters/ch3-sec3c-sec4a.tex:25,none,graph-log,compute,todo,M,"3 solid curves, identified by circled letters: A laminar, 1000 x 1.328/sqrt(R_l), over 1e4-1e7 ; B turbulent, 1000 x 0.074 R_l^(-1/5), from 5e5 to 1e7 ; C transition curve, from R_l = 5e5 (springing from A) to 1e7, approaching B ; grid: log-log, each decade ruled at 1, 1.5, 2, 2.5, 3, 3.5, 4, 5, 6, 7, 8, 9 on both axes","compute: A eq. (63) (chapters/ch3-sec3a.tex:604-606); B eq. (86) (chapters/ch3-sec3b.tex:294-296); C eq. (101) (chapters/ch3-sec3b.tex:762-764) with B from eqs. (100), (102a-b) at R_crit = 5e5; params: R_crit = 5e5 (caption; chapters/ch3-sec3b.tex:788); B = 1700 in the text and tabulation (chapters/ch3-sec3b.tex:773-789), 1740 in the caption; eqs. (100)/(102) give 1742.6","y axis title 1000 $C_f$ (rotated) ; y log axis 0.2-20: labels .2, .3, .4, .6, .8, 1.0, 2, 3, 4, 6, 8, 10.0, 20 ; x axis title $R_\ell = \dfrac{U_\infty \ell}{\nu}$ ; x log axis 1e4-1e7 (3 decades): decade labels $10^4$, $10^5$, $10^6$, $10^7$, minor labels 2, 3, 4, 6, 8 in each decade ; circled A ; circled B ; circled C (each set in a gap of a horizontal grid line)","transition curve for B = 1700 'plotted as function C in Figure 22', with the pure laminar (eq. 63, function A) and pure turbulent (eq. 86, function B) curves; figure usable directly for skin-friction coefficients (chapters/ch3-sec3b.tex:794-799) ; fin skin-friction coefficient may be read from Fig 22 (chapters/ch3-sec6a.tex:170-174, 180) ; caption: R_crit = 5e5, B = 1740","Known mismatch: caption B = 1740 vs text/tabulation 1700 (formula 1742.6); corrections/ch3.md F1/D30 record it as a minor slip with no note (user decision). With B = 1742 curve C starts exactly on A at 5e5, as printed; with B = 1700 C would start about 0.08 (in 1000 C_f) above A - pick one deliberately. Do not digitize: the printed minor grid is not logarithmic on either axis (the '2' line sits at 0.43 of a decade instead of 0.30, '5' at 0.75 instead of 0.70; same ruling as Fig 26), and curve A lies about 0.1 decade above 1.328/sqrt(R_l). Redraw on a true log grid. y range 0.2-20 is not a whole number of decades. No figure credit listed."
ch3-fig23,ch3:fig:23,chapters/ch3-sec3c-sec4a.tex:193,none,schematic,draw,todo,M,n/a,n/a,"$U_\infty$ (set in a gap of a streamline upstream) ; A (front stagnation point) ; B (top of the cylinder) ; C (rear point) ; S (separation point, marked by a dot)","flow accelerated from A to B and decelerated from B to C, with the corresponding pressure fall and rise (chapters/ch3-sec3c-sec4a.tex:174-178) ; Fig 24 caption relates A, B, C to phi = 0, 90, 180 deg (chapters/ch3-sec3c-sec4a.tex:211-214) ; caption: inflection due to the adverse gradient between B and C, separation at S","Cylinder (white disc with crosshair through the centre) inside a hatched boundary-layer/dead-water region that thickens aft of S into two recirculation lobes with curved reverse-flow arrows; a boundary-layer velocity profile (horizontal hatch lines) stands on the cylinder at B; 9 streamlines (4 above, the stagnation/wake centreline, 4 below) with small arrowheads near the left edge, bent around the hatched region. Upstream streamlines could be approximated from potential flow psi = U(r - a^2/r) sin(theta) (not in the book). Figure credit: After Schlichting."
ch3-fig24,ch3:fig:24,chapters/ch3-sec3c-sec4a.tex:205,none,graph,compute+digitize,todo,M,"3 curves: theory C_p = 1 - 4 sin^2(phi), solid, 1 at 0 deg to -3 at 90 deg to 1 at 180 deg ; R_d = 3e5 (supercritical), short-dashed, minimum about -2.1 near 78 deg, recovering to a plateau about -0.4 beyond about 130 deg ; R_d = 6e4 (subcritical), long-dashed near 0-40 deg, nearly continuous through its dip (minimum about -1.35 near 70 deg), then dash-dot plateau about -1.1 from about 78 deg to 180 deg ; grid: x every 20 deg, y every 1","compute: theory curve C_p = 1 - 4 sin^2(phi) (unnumbered; figure lettering and chapters/ch3-sec3c-sec4a.tex:184-186, 289-290) ; digitize: the two experimental curves (average experimental data at R_d = 6e4 and 3e5; after Hoerner, ref. 9 - figure credit)","y ticks 1, 0, -1, -2, -3 (no y-axis title) ; x ticks 0°, 60°, 120°, 180° (grid every 20°) ; x axis title $\varphi$ ; curve labels $R_d = 3 \times 10^{5}$ ; $R_d = 6 \times 10^{4}$ (set in a gap of the -1 grid line) ; $C_p = 1 - 4\sin^2\varphi$","region of minimum pressure near the shoulder; phi = 0 and 180 deg are the front and rear stagnation points (chapters/ch3-sec3b.tex:422-426) ; theoretical curve C_p = 1 - 4 sin^2 phi (chapters/ch3-sec3c-sec4a.tex:184-186) ; theory vs experiment: pressure over the rear never regains its phi = 0 value, incomplete recovery (chapters/ch3-sec3c-sec4a.tex:289-298) ; supercritical recovery more complete than subcritical (chapters/ch3-sec3c-sec4a.tex:327-331) ; caption: subcritical 6e4 and supercritical 3e5, phi measured from point A, B = 90 deg, C = 180 deg","The experimental curves' dash patterns are irregular in the print (the 6e4 curve changes pattern along its length): choose two clearly distinct styles and direct labels. The axis carries no C_p title; consider adding one. phi is \varphi (STYLE s.14, PDF 398). Relates to Fig 23 (points A, B, C)."
ch3-fig25,ch3:fig:25,chapters/ch3-sec3c-sec4a.tex:247,none,schematic,draw,todo,L,n/a,n/a,Undisturbed outer flow (with arrows) ; $U_\infty$ (over a short horizontal arrow stroke) ; u (over a short horizontal arrow stroke) ; $\delta$ (vertical dimension from the wall to the dashed boundary-layer edge) ; a ; b ; c ; d ; e (profile stations on the wall) ; Positive pressure gradient (with an arrow parallel to the wall) ; vortex (with leader),"full, stable profile at point a, upstream of the separation point c; at c an inflection point and zero wall gradient, eq. (110) (chapters/ch3-sec3c-sec4a.tex:232-243) ; reversal and thickening downstream at d and e (chapters/ch3-sec3c-sec4a.tex:254-256) ; photographs compared with the profile at c and points d and e (chapters/ch3-sec3c-sec4a.tex:270-275)","Convex hatched wall curving downward; five tilted velocity profiles a-e (a full, b fuller-to-thinner, c with zero wall slope, d and e with reversed flow near the wall drawn as short reversed arrows); dashed boundary-layer edge rising downstream; dash-dot dividing streamline leaving the wall at c; closed streamlines around the vortex with arrowheads; reverse-flow arrows along the wall downstream. Figure credit: After Hoerner, Fluid Dynamic Drag."
ch3-fig26,ch3:fig:26,chapters/ch3-sec3c-sec4a.tex:315,(a) circular cylinder: C_D (0-1.4) vs R_D ; (b) sphere: C_D (0-0.8) vs R_D,graph-log,digitize,todo,M,"one solid curve per panel (average experimental C_D): (a) about 1.0 at 1e3, minimum about 0.95 near 2.5e3, plateau about 1.14-1.16 over 2e4-1.3e5, peak about 1.19 near 1.5-2e5, drop to about 0.27 near 5e5, rising to about 0.33 at 1e6 ; (b) about 0.45 at 1e3, about 0.40 over 2.5e3-1.2e4, about 0.445 near 3-4e4, about 0.39 near 2.7e5, drop to about 0.08 near 4e5, about 0.12 at 1e6 ; grid: x log 1e3-1e6 ruled at 1, 1.5, 2, 2.5, 3, 3.5, 4, 5, 6, 7, 8, 9 per decade; y every 0.2","digitize: average experimental data (caption), after Schlichting, Boundary Layer Theory (figure credit; ref. 15); no equation in the book","(a): y axis title $C_D$ ; y ticks 0-1.4 step 0.2 ; x axis title $R_D = \dfrac{U_\infty D}{\nu}$ ; x log axis $10^3$-$10^6$ (3 decades), minor labels 2, 3, 4, 6, 8 per decade ; circled a (right of the plot) ; (b): y axis title $C_D$ ; y ticks 0-0.8 step 0.2 ; x axis title $R_D = \dfrac{U_\infty D}{\nu}$ ; x log axis $10^3$-$10^6$, minor labels 2, 3, 4, 6, 8 per decade ; circled b (right of the plot)","variation of the drag coefficient of a sphere or cylinder with Reynolds number (chapters/ch3-sec3c-sec4a.tex:303-311) ; sudden decrease at about 3e5 for a sphere and 5e5 for a cylinder, read from the figure (chapters/ch3-sec3c-sec4a.tex:322-324) ; rounding-radius behaviour 'analogous to its behavior at the critical Reynolds number' (chapters/ch3-sec4b.tex:169-171) ; caption: (a) cylinders, (b) spheres, averages of many experiments","Same non-logarithmic minor ruling as Fig 22 ('2' at 0.43 of a decade, '5' at 0.75): when digitizing, map the curves piecewise through the drawn grid lines at their nominal values, not by a true-log pixel scale, then replot on a true log axis; cross-check with Schlichting's standard cylinder and sphere C_D curves. Both panels share the x axis; each carries its own x-axis title. R_D and D capital as printed."
ch3-fig27,ch3:fig:27,chapters/ch3-sec4b.tex:44,none,schematic,draw,todo,S,n/a,n/a,$p_1$ ; $u_1$ (with arrow) ; $A_1$ (leader to the upstream face of the control surface) ; $p_2$ ; $A_2$ (leader to the body cross-section at the slot) ; $u_2$ (with arrow),"slot at a distance from the nose into which the surrounding pressure penetrates (chapters/ch3-sec4b.tex:36-39) ; half-body enclosed in a wide hollow cylinder, cylindrical control surface 'as indicated by the dotted line', areas A_1 and A_2 (chapters/ch3-sec4b.tex:51-57) ; caption: A_1 frontal area of the control surface, A_2 frontal area of the half-body",Text says 'dotted line' but the control surface is printed dashed; choose deliberately. Tube walls are heavy horizontal lines; the half-body has a round nose and is cut by a narrow slot at the downstream face of the control surface; the body continues right to a cylinder break symbol. Same half-body as Fig 28. Figure credit: After Prandtl and Tietjens.
ch3-fig28,ch3:fig:28,chapters/ch3-sec4b.tex:110,"(a) streamlines about the half-body (lower half: body contour plus four streamlines; upper half: body contour) with the surface pressure p/((rho/2)u_o^2) plotted against the dash-dot axis as zero line, on a short vertical scale at the nose ; (b) half-body outline with the surface pressure drawn as hatching normal to the surface: positive lobe ahead of the nose (dashed envelope) and suction lobes over the after part of the nose (solid envelope fading into a dashed tail)",mixed,compute+digitize,todo,M,"(a): 1 solid pressure curve: 1.0 at the stagnation point, falling through 0 to a minimum of about -0.40 just aft of the nose, recovering asymptotically to 0 far downstream; streamlines solid; no grid ; (b): n/a","digitize: after Prandtl and Tietjens (ref. 12; figure credit); the potential flow of the source half-body is not printed in the book (external theory for the axisymmetric source half-body gives C_p,min = -1/3; the print reads about -0.40), so digitize, or recompute from external potential theory and accept the difference","(a): $\dfrac{p}{(\rho/2)u_o^2}$ (ordinate title) ; ordinate ticks 1.0, 0.8, 0.6, 0.4, 0.2 ; $u_o$ (with arrow, on the axis upstream) ; circled a ; (b): circled b","streamlines convex toward the body near the stagnation point (excess pressure), concave further downstream (suction) (Fig 28a, chapters/ch3-sec4b.tex:95-101) ; equilibrium between positive pressures and suction giving zero pressure drag (Fig 28b, chapters/ch3-sec4b.tex:101-104) ; caption: (a) streamlines and ratio of local static pressure to free-stream dynamic pressure, (b) pressure distribution over the surface",kind mixed: (a) streamline schematic with an overlaid pressure graph that has a numeric ordinate; (b) schematic. The o subscript is the letter o (STYLE s.14). Dash-dot axis in both panels. Radial hatch strokes in (b) are normal to the surface. Same half-body as Fig 27.
ch3-fig29,ch3:fig:29,chapters/ch3-sec4b.tex:145,"none (seven unlettered nose shapes in a row, numbered #1-#7 left to right only in the text)",schematic,draw,todo,S,n/a,n/a,"$\CDo=$ (row label at left of the value row) ; values under the shapes, left to right: $-.05$ ; $+.01$ ; $.20$ ; $.20$ ; $.34$ ; $.90$ ; $1.0$ ; $U$ (at the lower end of a plain vertical line left of the shapes: the flow indicator; no arrowhead visible)","caption sec4b:146-148 (rounded shapes have very low drag) ; ""first two shapes ... near zero"" chapters/ch3-sec4b.tex:135-136 ; bluntness increases ""from left to right in the diagram"" with rising value ch3-sec4b.tex:137-138 (errata ednote 138-141) ; ""the first shape"" ellipsoid/conic section, negative value ch3-sec4b.tex:152-156 ; ""shapes #3 and #6"" ch3-sec4b.tex:165 ; ""all seven of the shapes"" ch3-sec4b.tex:188-189 ; ""first shape in Figure 29"" ch3-sec4b.tex:196-197","Bodies drawn nose DOWN (flow U from below): each a cylinder broken off at the top (hatched elliptical cut section) with a dash-dot centreline running beyond both ends. Shapes: 1 elongated ellipsoidal nose; 2 hemisphere; 3 flat face with small corner radius; 4 pointed cone, half-angle about 22 deg; 5 shorter cone, half-angle about 40 deg; 6 flat face, sharp corners; 7 flat face with a dashed rectangular internal cavity (hollow/cup). Keep the left-to-right order (text numbers #1-#7 and the errata fix depend on it). STYLE.md s14 and about-this-edition.tex:258 count this figure among those with a table in the artwork (the $\CDo$ value row): typeset the row in v2. ""+.01"" carries an explicit plus. Source Hoerner (figure-credits.tex:207). The text says Mercer tested ""all seven"" shapes, but Fig 31 names only six non-catalogue shapes and its cones are ""60 deg""/""45 deg"" while these cones measure about 44 deg and 80 deg included: do not try to make the two figures agree."
ch3-fig30,ch3:fig:30,chapters/ch3-sec4b.tex:180,none (two inset profile sketches with leader lines to their curves),graph,digitize,todo,M,"2 curves: solid = 2-D half-streamlined section, R = 10^5 (1.15 at r/h = 0, knee near r/h 0.07-0.08 at about 0.65, about 0.17 at 0.5) ; dashed = 3-D streamlined body, R = 10^6 (1.03 at 0, steep drop between r/h 0.04 and 0.08 to about 0.15, about 0.05 at 0.5). No grid: left and bottom axes with tick marks only (y every 0.2, x every 0.1).","digitize: averages of experimental data (caption), after Hoerner (ref. 9; figure-credits.tex:210); no equation in the book","y title $\CDo$ (horizontal, left of axis) ; y ticks 0-1.2 step 0.2, labelled 0, 0.2, 0.4, 0.6, 0.8, 1.0, 1.2 ; x title $\frac{r}{h}$ (stacked) ; x ticks 0-0.5 step 0.1, labelled 0, 0.1, 0.2, 0.3, 0.4, 0.5 ; label ""2-D half-streamlined section, $R=10^{5}$"" ; inset 1: $U$ (flow arrow from left), $r$ (leader to the front corner radius), $h$ (thickness, vertical dimension with arrows at right) ; label ""3-D streamlined body, $R=10^{6}$"" ; inset 2: $U$ (flow arrow from left)","caption sec4b:181-184 (2-D curve applies to fins, 3-D curve to nosecones; both averages of experimental data) ; ""At a value of r/h ~= 0.1 for three-dimensional shapes, C_D declines sharply"" chapters/ch3-sec4b.tex:168-170 ; ""critical radius ratio r/h = 0.1"" ch3-sec4b.tex:173","Which curve is 2-D and which 3-D is shown only by leader lines from the inset labels (2-D label -> solid curve near r/h 0.19; 3-D label -> dashed curve near r/h 0.43): keep the leaders or add a legend. Inset 1: 2-D section, blunt front with small corner radius r, semicircular rounded rear, thickness h. Inset 2: body of revolution, blunt front with rounded corners, long taper to a pointed tail, dash-dot axis. The y title is lettered C_Do (zero-lift) while the caption says ""drag coefficient""."
ch3-fig31,ch3:fig:31,chapters/ch3-sec4b.tex:208,"none (full-page ruled table, 4 columns x 12 rows, with a small nose drawing in each row of the first column)",table-figure,draw,todo,M,n/a,n/a (values transcribed in lettering),"column heads: ""Nosecone shape"" ; ""Nosecone designation"" ; ""$\CD$ of Javelin with airfoiled fins"" ; ""$\CD$ of Javelin with square edged fins"" ; rows (designation | airfoiled | square edged): BC-70 | 0.41 | 2.10 ; BC-78 | 0.41 | 2.13 ; BC-72 | 0.42 | 2.12 ; BC-76 | 0.42 | 2.14 ; BC-74 | 0.43 (0.70) | 2.15 (2.35) [2.76] ; BC-79 | 0.51 | 2.14 ; Hemisphere | 0.51 | 2.16 ; $60\dg$ cone | 0.59 | 2.24 ; $45\dg$ cone | 0.61 | 2.24 ; Slightly rounded (two lines) | 0.87 | 2.51 ; Flat | 1.32 | 2.77 ; Plug | 1.75 | 3.26","caption sec4b:209-219 (columns; parentheses = with launch lug; brackets = unsanded, unpainted, lug, no airfoiling) ; five lowest-drag shapes BC-70, BC-78, BC-72, BC-76, BC-74 chapters/ch3-sec4b.tex:194-198 ; C_D 0.70 -> 2.35 with square fins, 236% ch3-sec4b.tex:244-249 ; lug adds about 0.28 / 67% ch3-sec4b.tex:273-275 ; blunt-finned lug increment about 0.21 ch3-sec4b.tex:286-288 ; Datcom .524 ""about 25% greater"" than Mercer BC-74 ch3-sec6b.tex:157-159","Printed as a ruled grid: vertical rules between the 4 columns, a rule under every row, a double rule under the header (v2: decide booktabs vs ruled). Nose drawings, all pointing right: BC-70 short blunt ogive/elliptical (L/d about 1.4, round tip); BC-78 long ogive with a joint line about 40% from the base and a double line at the base; BC-72 ogive, pointed; BC-76 long elliptical, round tip; BC-74 long pointed ogive; BC-79 long slender cone, double line at base; Hemisphere = cylinder stub + hemispherical end; 60 deg cone = stub + cone of half-angle about 30 deg; 45 deg cone = stub + blunter cone of half-angle about 45 deg (so ""60"" reads as included and ""45"" as half-angle, as drawn); Slightly rounded = stub with small corner radii; Flat = plain stub; Plug = stub with an open recessed cavity at the front (C-shaped end). Source Malewicki/Centuri TIR-100 (figure-credits.tex:213). Text increments 0.28/67% and 0.21 against 0.27/63% and 0.20 read here are recorded in corrections D35 (no note)."
ch3-fig32,ch3:fig:32,chapters/ch3-sec4b.tex:233,none (inset dimensioned paraboloidal nose),graph,digitize,todo,S,"1 solid curve: 1.5 at L/d = 0 (flat start), steep drop centred near L/d 0.4, about 0.3 at 0.75, 0.25 at 1, about 0.12 at 2, about 0.04 at 4. No grid; left/bottom axes with ticks (y labelled every 0.5, unlabelled minor ticks every 0.25; x labelled every 1, minor ticks at 0.5).","digitize: after Stine, Handbook of Model Rocketry (ref. 18; figure-credits.tex:217); no equation in the book","y title $\CD$ ; y ticks labelled 0, 0.5, 1.0, 1.5, 2.0 (minor ticks at 0.25 steps) ; x title $\frac{L}{d}$ ; x ticks labelled 0, 1, 2, 3, 4 (minor ticks at 0.5 steps) ; inset: $L$ (length, tip to base, dimension below) ; $d$ (base diameter, vertical dimension at right)","""pressure drag coefficient is reduced significantly as the ratio L/d ... is increased up to about 2.0; further extension ... only slightly"" chapters/ch3-sec4b.tex:224-229 ; caption sec4b:234-235 (fineness ratio L/d)","Inset: paraboloidal nose, tip at left on a dash-dot centreline, blunt base at right. The y title is plain C_D although the text calls it the pressure drag coefficient. The steep part of the curve is at L/d 0.3-0.6; the text's ""up to about 2.0"" is qualitative."
ch3-fig33,ch3:fig:33,chapters/ch3-sec4b.tex:410,none,schematic,draw,todo,M,n/a,n/a,"$\epsilon$ (boattail angle, arc between the upper boattail surface and a horizontal extension line) ; $\delta$ (boundary-layer thickness, dimension between the lower boattail surface and the outer boundary-layer line) ; $p_b$ (twice, one in each circulation loop; hand letter looks like a capital P) ; $R$ (reattachment/convergence point on the axis)","caption sec4b:411-417 (epsilon boattail angle, delta boundary-layer thickness, base pressure p_b, reattachment at point R, circulation pattern) ; dead-air region, free shear layer, convergence point chapters/ch3-sec4b.tex:399-406 ; boattail tapered section ch3-sec4b.tex:474-476 ; epsilon ""as defined in Figure 33"" ch3-sec4b.tex:520-521","Aft end of a rocket with a conical boattail: body broken off at left (hatched elliptical cut section), a vertical line where the boattail starts, flat base; two swept (clipped-delta) fins, one above and one below, crossing the outer flow lines; outer boundary-layer / free-shear-layer lines above and below, curving in and then running downstream; the dead-air region is bounded by lines from the base corners converging to R on the dash-dot axis; inside it two rounded-triangle circulation loops (no arrowheads visible); a small velocity-profile sketch (horizontal hatch lines) in the shear layer just above the base. p_b: STYLE s14 lowercase p (corrections D8 set the caption to p_b)."
ch3-fig34,ch3:fig:34,chapters/ch3-sec4b.tex:460,none (inset body sketch with note),graph,compute,todo,S,"1 solid curve C_Db = .029/sqrt(C_fb), entering at the top (0.30) at C_fb about 0.009 and falling to about 0.032 at 0.8. Full grid: x every 0.1, y every 0.05 (grid blanked behind the inset and labels).",compute: eq. (125) $C_{Db}=0.029/\sqrt{C_{fb}}$ (chapters/ch3-sec4b.tex:450-452); params: none; plotted range C_fb from about 0.0093 (where it reaches 0.30) to 0.8,"y title $C_{Db}$ ; y ticks 0-0.30 step 0.05, all labelled (0, 0.05, 0.10, 0.15, 0.20, 0.25, 0.30) ; x title $C_{fb}$ ; x ticks labelled 0, 0.2, 0.4, 0.6, 0.8 (grid every 0.1) ; formula on the curve: $C_{Db}=\dfrac{.029}{\sqrt{C_{fb}}}$ ; inset: $U$ (flow arrow) ; note ""$C_{Db}$ calculated using base area"" with leader to the body base","""determined from a plot of experimental data, as in Figure 34"" and eq. (125) chapters/ch3-sec4b.tex:446-452 ; caption sec4b:461-464 (curve and semiempirical function, best fit to experimental data)","Caption and text speak of experimental data, but only the fit curve is drawn (no data points). Inset: slender streamlined body of revolution, pointed nose, truncated blunt base at right, dash-dot axis. The formula label sits on a white patch beside the curve, no leader. Source Hoerner (figure-credits.tex:221)."
ch3-fig35,ch3:fig:35,chapters/ch3-sec5a.tex:138,none,graph,digitize,todo,S,"1 solid curve from l_b/d = 4 (about 0.78, starting with a near-vertical tangent) to 20 (about 0.98). Grid: x every 2, y every 0.1.","digitize: Munk apparent-mass factor from the Datcom/Hopkins (ref. 6; figure-credits.tex:224); the book gives no formula. NB Lamb's prolate-spheroid inertia coefficients (k1 = a0/(2-a0), k2 = b0/(2-b0)) reproduce the curve within reading accuracy: 0.778 at 4, 0.872 at 6, 0.915 at 8, 0.954 at 12, 0.971 at 16, 0.980 at 20 (external formula; editorial decision)","y title $(k_2-k_1)$ (rotated 90 deg) ; y ticks labelled 0.6, 0.8, 1.0 (grid every 0.1) ; x title $\frac{\ell_b}{d}$ ; x ticks labelled 0, 4, 8, 12, 16, 20 (grid every 2)","""(k2 - k1) ... given in Figure 35 as a function of body fineness ratio"" chapters/ch3-sec5a.tex:115-116 ; value read off: l_b/d = 16 gives (k2 - k1) = 0.97 ch3-sec5a.tex:221-222",Same abscissa and frame style as Fig 36. The curve starts at l_b/d = 4; nothing is drawn below it.
ch3-fig36,ch3:fig:36,chapters/ch3-sec5a.tex:178,none,graph,digitize,todo,S,"1 solid curve from l_b/d = 2 (about 0.56) to 24 (about 0.775), concave down. Grid: x every 2, y every 0.05.",digitize: cross-flow drag ratio eta from the Datcom (ref. 6; figure-credits.tex:226); no formula in the book,"y title $\eta$ ; y ticks labelled 0.5, 0.6, 0.7, 0.8, 0.9, 1.0 (grid every 0.05) ; x title $\frac{\ell_b}{d}$ ; x ticks labelled 0, 4, 8, 12, 16, 20, 24 (grid every 2)","eta defined, ""given in Figure 36"" chapters/ch3-sec5a.tex:167-169 ; value read off: eta = 0.74 (at l_b/d = 16) ch3-sec5a.tex:233",Companion of Fig 35 (same style).
ch3-fig37,ch3:fig:37,chapters/ch3-sec5a.tex:215,"(a) dimensioned side view of the trial rocket (tangent-ogive nose, body tube, four rectangular fins) ; (b) the same rocket, smaller, inclined at angle of attack alpha to a horizontal flow-direction line",rocket,draw,todo,M,n/a,n/a,"(a): $x$ (short arrow from the nose-tip station pointing aft) ; ""Tangent ogive"" (leader to the nose) ; 8.9 (nose length) ; 33.0 (overall length) ; 2.06 (body diameter, leader) ; $x_o=.51\ell_b$ (leader to a station tick on the body) ; 2.54 (fin root chord, horizontal) ; 2.54 (fin span from body surface to tip, vertical, lettered sideways) ; circled (a) ; (b): $\alpha$ ; ""Flow direction"" ; circled (b)","angle of attack alpha ""as seen in Figure 37"" chapters/ch3-sec5a.tex:46-47 ; length 33 cm, diameter 2.06 cm ch3-sec5a.tex:200-201 ; caption sec5a:216-217 (dimensions in cm) ; l_b/d = 16, x_1 = 8.9 cm at the nose-body junction ch3-sec5a.tex:221-224 ; x_o = 16.8 cm ch3-sec5a.tex:226 ; r = 1.03 ch3-sec5a.tex:234 ; S_F uses 7.14 x 2.54 ch3-sec5a.tex:332 ; span b = 7.14, d = 2.06 ch3-sec5b.tex:38-39 ; Fig 41 curve and caption ch3-sec5b.tex:86, 93 ; used again in Chapter 4: ch4-sec4.tex:451, 460, 519","Four fins: two in the drawing plane (rectangles above and below the tube at the aft end) and the other pair edge-on as a thin sliver on the centreline. x_o = .51 l_b agrees with the text (16.8/33 = 0.509). Panel (b): a small circle on the axis near mid-body (unlabelled pivot/CG). 7.14 = 2.06 + 2 x 2.54. Rocket-drawing conventions shared with Figs 43, 48, 50; dimension style (value inside the dimension line) as in Fig 48."
ch3-fig38,ch3:fig:38,chapters/ch3-sec5a.tex:269,none,schematic,draw,todo,S,n/a,n/a,"$\vec{D}_i$ ; $\vec{L}$ ; $\vec{F}$ ; $\alpha_i$ (arc between L and F; the subscript is an undotted stroke, caption has alpha_i) ; $\alpha$ (angle at left between the chord-line extension and a horizontal line) ; ""Flow direction"" (horizontal arrow to the right)","caption sec5a:270-273 (alpha, F through the centre of pressure, tilted back at alpha_i, resolved into L and D_i) ; lift/side force ""as shown in Figure 38"", normal force turned back by alpha_i, induced drag ch3-sec5a.tex:258-265 ; ""profile of a well-streamlined model rocket fin is illustrated in Figure 38"" ch3-sec4b.tex:263-264","Hatched streamlined fin section (rounded LE at upper left, long taper to a sharp TE at lower right) inclined at alpha; centre of pressure = small circle on the section; heavy vectors L (vertical) and F (tilted back), D_i horizontal from the tip of L to the tip of F. The text (sec5a:261) calls the total force the ""normal force N""; the figure and caption letter it F."
ch3-fig39,ch3:fig:39,chapters/ch3-sec5a.tex:371,(a) perspective of a rectangular wing shedding helical trailing vortices from its tips ; (b) six tip shapes numbered 1-6: end-view tip sections (top row) and plan views of the tips with the vortex-core path (dashed) and the Delta-AR value of each,mixed,draw,todo,L,n/a,n/a (values transcribed in lettering),"(a): $\bar{U}$ (overbar, on a hollow double-line flow arrow) ; circled (a) ; (b): tip numbers 1, 2, 3, 4, 5, 6 ; $y$ (dimension on tip 3 between the tip line and the core line) ; $\Delta\AR=+0.04$ (1) ; $\Delta\AR=-0.18$ (2) ; $\Delta\AR=-0.20$ (3) ; $\Delta\AR=-0.19$ (4) ; $\Delta\AR\cong 0.0$ (5) ; $\Delta\AR\cong 0.0$ (6) ; circled (b) (each Delta-AR label in two lines: ""$\Delta\AR=$"" / value)","trailing vortices near the tips ""(see Figure 39a)"" chapters/ch3-sec5a.tex:345-347 ; tip shapes with Delta-AR and vortex-core location, ""numbers 1, 5, and 6"" preferred ch3-sec5a.tex:350-354 ; caption sec5a:372-383 (left vortex clockwise, right counterclockwise seen from behind; vortices descend and tuck in; vortex core position ""(dotted line)""; wings of AR = 3.0)","MIXED: (a) perspective, (b) schematic. (a): thin rectangular slab wing with rounded tips seen from above; from each tip a helical ""spring"" line coiled round a dash-dot axis trailing diagonally down-right; curved rotation arrows (opposite senses) on both vortices; a double horizontal rule separates (a) from (b). (b) top row, end-view tip sections each broken at right: 1 square; 2 small-radius rounded; 3 full semicircle; 4 pointed (lens tapering to mid-height); 5 flat top, lower surface sloped up to a sharp upper edge; 6 symmetric pointed lens. Bottom row, plan views (flow downward), wing cut at right with a hatched airfoil section: 1 square tip; 2 slightly rounded LE corner; 3 large LE radius with a step at the TE corner; 4-6 increasingly rounded/raked tips; solid vertical line = tip edge carried downstream, dashed = vortex core. Caption says ""dotted line""; the print is dashed. Tips 5 and 6 are lettered with the congruence sign (tilde over two bars), 1-4 with ""="". STYLE s14 lists 39b among figures with a table drawn in the artwork. Source Hoerner (figure-credits.tex:228)."
ch3-fig40,ch3:fig:40,chapters/ch3-sec5b.tex:32,none,graph,digitize,todo,S,"2 solid curves: K_F(B) from 1.0 at d/b = 0 rising, nearly straight, to 2.0 at 1.0 (about 1.45 at 0.5) ; K_B(F) from 0 at 0, slightly concave up, to 2.0 at 1.0 (about 0.8 at 0.5). Grid: x every 0.05, y every 0.1.","digitize: after the Datcom (figure-credits.tex:231); the book defines K_F(B) and K_B(F) only in words (chapters/ch3-sec5b.tex:23-24) and prints no formula. NB slender-body theory (Pitts, Nielsen & Kaattari, NACA TR 1307), with tau = d/b: K_F(B) = (2/pi)[(1+tau^4)(0.5 atan(0.5(1/tau - tau)) + pi/4) - tau^2((1/tau - tau) + 2 atan tau)]/(1-tau)^2, K_B(F) = (1+tau)^2 - K_F(B), reproduces both curves (1.24/0.42 at .289 against the text's 1.25/0.44; 1.45/0.80 at 0.5): computable only with this external formula","y title ""$K_{F(B)}$ or $K_{B(F)}$"" (three lines) ; y ticks 0-2.0 labelled step 0.2 (grid every 0.1) ; x title $\frac{d}{b}$ ; x ticks 0-1.0 labelled step 0.1 (grid every 0.05) ; curve labels $K_{F(B)}$ and $K_{B(F)}$ (on white patches in the grid)","""both given in Figure 40"" chapters/ch3-sec5b.tex:28 ; caption sec5b:33-34 (d body diameter, b span of an opposed pair) ; values read off at d/b = .289: K_B(F) = 0.44, K_F(B) = 1.25 ch3-sec5b.tex:38-40","Both curves meet at (1.0, 2.0). The brief suggested these were computable from chapter formulas; they are not (see data)."
ch3-fig41,ch3:fig:41,chapters/ch3-sec5b.tex:91,none,graph,compute+digitize,todo,S,"2 curves: solid = Stine Aerobee-Hi experiment (0.75 at 0 deg, about 1.53 at 10 deg) ; dashed = trial rocket of Fig 37, semiempirical (0.75 at 0, 1.31 at 10). They coincide up to about 1-2 deg. Grid: x every 1 deg, y every 0.1 (blanked behind the two label blocks).","dashed: compute: C_D = 0.75 + (149) = 0.75 + 16.83 a^2 + 8.9 a^3, a in radians (eq. (149) chapters/ch3-sec5b.tex:72-74; zero-lift 0.75 ch3-sec5b.tex:77-78); Table 4 total column (ch3-sec5b.tex:145-158) gives the increments at 0.5-10 deg ; solid: digitize: Stine's Aerobee-Hi measurements (ref. 18; figure-credits.tex:233)","y title $\CD$ ; y ticks 0-1.6 labelled step 0.2 (grid every 0.1) ; x title ""$\alpha$ (deg)"" ; x ticks 0-10 labelled step 1 ; label ""Stine Aerobee-HI experiment"" (three lines, leader to the solid curve; final letter lettered as a dotless I, caption has Aerobee-Hi) ; label ""Rocket of Figure 37 semiempirical"" (three lines, leader to the dashed curve)","plotted comparison, both assumed zero-lift 0.75, ""surprisingly close"" chapters/ch3-sec5b.tex:75-83 ; caption sec5b:92-94 ; ""For the Aerobee-Hi model, the drag coefficient is doubled at an incidence of ten degrees"" (read off the solid curve) ch3-sec5b.tex:163-165","The label ""Figure 37"" inside the artwork is a cross-reference: set it with \ref in v2. Dashed endpoint 0.75 + .559 = 1.309 at 10 deg matches the print."
ch3-fig42,ch3:fig:42,chapters/ch3-sec5b.tex:219,none,graph,digitize,todo,S,"1 solid curve, 0.20 at u/U = 0 rising (concave up) to about 0.29 at 1, 0.45 at 2, 0.665 at 3. Grid: x every 0.5, y every 0.1.",digitize: finless projectile data after Hoerner (figure-credits.tex:235); no equation in the book,"y title $\CD$ ; y ticks 0-0.8 labelled step 0.1 ; x title $\frac{u}{U}$ ; x ticks labelled 0, 1, 2, 3 (grid every 0.5)","""estimated by examining Figure 42"" chapters/ch3-sec5b.tex:200 ; u/U = 0.0172 ""too small to be read from the curve"" ch3-sec5b.tex:210-214 ; caption sec5b:220-222 (u tangential surface velocity, U free-stream)",Simple; no labels on the curve.
ch3-fig43,ch3:fig:43,chapters/ch3-sec6a.tex:77,none,rocket,draw,todo,M,n/a,n/a,"$\ell_n$ (nose length) ; $\ell_s$ (cylinder length) ; $\ell_t$ (boattail length; hand t, equations use $\ell_T$) ; $\ell_b$ (overall body length) ; $d_m$ (body diameter, leader) ; $d_b$ (base diameter, leader) ; $c_r$ (fin root chord) ; $c_t$ (fin tip chord) ; $b$ (span of one fin, root to tip) ; $t$ (fin thickness, leader to the edge-on fin)","""Figure 43 explains most of the notation ... used in equations (159) through (162)"" chapters/ch3-sec6a.tex:69-70 ; caption sec6a:78-82 (b here is the span of a single fin, root to tip)","Side view: ogive nose, cylinder, short conical boattail, two clipped-delta (trapezoidal) fins in plane (upper drawn fully, lower partly) straddling the boattail, the other pair edge-on on the centreline (thickness t). Chain dimension l_n / l_s / l_t under the body, l_b below it. Lettering l_n, l_t against the l_N, l_T of eqs (181)-(188): kept as printed (as corrections D36 does for Fig 50). Drawing close to the main GCR drawing of Fig 50; rocket style as Figs 37, 48."
ch3-fig44,ch3:fig:44,chapters/ch3-sec6a.tex:129,"none (six boxed cells in a 2 x 3 ruled grid, each named: Delta, Rectangular, Swept / Trapezoidal, Aerobee-HI, Python-2)",schematic,draw,todo,M,n/a,n/a,Delta ; Rectangular ; Swept ; Trapezoidal ; Aerobee-HI (as lettered; text/caption style Aerobee-Hi) ; Python-2,gross area sigma_F: extend the LE and TE to the body axis; Python-2: lines from the root LE and TE parallel to the base to the centreline chapters/ch3-sec6a.tex:116-125 ; caption sec6a:130-131 (shapes after G. Harry Stine),"Each cell: vertical body-tube stub (wavy break line at the top), centreline, fin to the right; the gross planform (exposed fin plus the buried part up to the centreline) is diagonally hatched; dashed lines inside the tube continue the LE/TE to the centreline. Python-2: horizontal dashed line from the root LE to the centreline, and the fin runs aft past the base with a wavy broken lower end. STYLE s14 and about-this-edition.tex:259 count Fig 44 among figures with a table drawn in the artwork (the ruled grid). Hatch and tube style reused in Fig 49."
ch3-fig45,ch3:fig:45,chapters/ch3-sec6a.tex:232,"none (four boxed cells in a 2 x 2 ruled grid: Closed body, Nose, Blunt base I, Blunt base II)",schematic,draw,todo,M,n/a,n/a,"Closed body: $\ell_b$, $d_m$ ; Nose: $\ell_n$, $d_n$ ; ""Blunt base I"" ""$(d_m=d_b)$"": $\ell_b$, $d_m$, $d_b$ ; ""Blunt base II"" ""$(d_m\ne d_b)$"": $\ell_b$, $d_m$, $d_b$ (roman numerals I and II; II drawn as a serifed double bar)","""fineness ratio l_b/d_m for several body configurations is defined in Figure 45"" chapters/ch3-sec6a.tex:220-221 ; caption sec6a:233-235 (l_n/d_n for the nose, l_b/d_m for the other three)","Closed body: teardrop (round nose at left, pointed tail at right); Nose: ogive-like nose with flat base; Blunt base I: ogive + cylinder, flat base; Blunt base II: round nose, bulged body tapering to a smaller flat base. Each has a dash-dot axis, a length dimension above and diameter leaders. STYLE s14 counts Fig 45 among figures with a table drawn in the artwork (ruled grid)."
ch3-fig46,ch3:fig:46,chapters/ch3-sec6a.tex:280,none,graph,compute,todo,S,"4 solid straight lines: Cylinder from (0,0) to (4,16) ; Ellipsoid from about (1.5, 4.7) to about (5.1, 16) ; Ogive from (1.5, 4.0) to (6, 16) ; Cone from (1.5, 3.0) to (6, 12). Grid: x every 0.5, y every 1.","compute: Cylinder eq. (170) 4 l/d_m (chapters/ch3-sec6a.tex:253-256) ; Ogive eq. (171c) 2.67 l/d_m (ch3-sec6a.tex:269-270) ; Cone eq. (171e) 2 l/d_m (ch3-sec6a.tex:273-274) ; lower limit 1.5 from (171c) and the caption. Ellipsoid: MISMATCH - the plotted line is pi l/d_m (measured 4.71 at 1.5, 5.3 at 1.7, 6.9 at 2.2, 8.48 at 2.7, 15.5 at 4.94), whereas eq. (171b) as printed gives 1 + pi l/d_m (one unit higher throughout); exact eq. (171a) lies 0.07-0.21 above the line (4.92 at 1.5, 15.78 at 5). Redraw needs an editorial choice: plot pi l/d_m as printed, or (171a)","y title $\frac{S_s}{S_m}$ ; y ticks 0-16 labelled step 2 (grid every 1) ; x title $\frac{\ell}{d_m}$ ; x ticks 0-6 labelled step 1 (grid every 0.5) ; line labels ""Cylinder"", ""Ellipsoid"", ""Ogive"", ""Cone"" (lettered along the lines on white patches)","""S_s/S_m is plotted as a function of component fineness ratio for the cylinder ... ellipsoidal, conical, and tangent-ogive"" chapters/ch3-sec6a.tex:257-260 ; caption sec6a:281-285 (approximate functions terminated at their lower limit) ; ""Figure 46 or equation (171c) gives 2.7 l/d_m"" (value read off) ch3-sec6b.tex:69-71","Finding for the corrections step: the large-fineness asymptote of (171a) is pi l/d_m (asin e ~ pi/2 - 1/(2 l/d_m)), not the 1 + pi l/d_m printed in (171b); the figure follows pi l/d_m. Not in corrections/ch3.md. Source Datcom (figure-credits.tex:240)."
ch3-fig47,ch3:fig:47,chapters/ch3-sec6a.tex:315,"(a) ellipse from an inclined plane through a cone -> ellipsoidal nose ; (b) parabola (plane parallel to a generator) -> paraboloidal nose ; (c) hyperbola (steeper plane) -> hyperboloidal nose ; (d) circle with chord, hatched half-segment -> tangent ogive ; (e) right triangle -> cone. Five ruled cells side by side.",perspective,draw,todo,L,n/a,n/a,"circled (a), (b), (c), (d), (e) ; no other lettering","text construction of ellipsoid, paraboloid, hyperboloid, tangent ogive, cone chapters/ch3-sec6a.tex:291-311 ; caption sec6a:316-328 ((a)-(e); (d) ""the shaded half-segment is revolved about the chord line"")","Top of each cell: (a)-(c) a cone (dashed hidden generators and base ellipse) cut by a rectangular plane at three inclinations, section hatched; (d) circle with centre cross (horizontal diameter and vertical line), a chord near the top, left half of the small segment hatched; (e) right triangle with right-angle box. (a) only: middle drawing of the ellipse divided along its minor axis, upper half hatched. Bottom of each cell: the resulting nose on a vertical axis, visible half-profile solid, the other half dashed, dashed base ellipse, curved rotation arrow round the axis. Text (sec6a:303-306) and caption (d) word the ogive construction differently (diameter + half-chord vs chord + radial bisector); the drawing follows the caption."
ch3-fig48,ch3:fig:48,chapters/ch3-sec6b.tex:16,none,rocket,draw,todo,M,n/a,n/a,"31.75 (overall length) ; 9.14 (nose length) ; 1.93 (body diameter, leader) ; 3.30 (fin root LE to base) ; 4.19 (fin span, vertical, lettered sideways) ; 0.68 (height of the root chamfer at the TE, vertical, lettered sideways) ; 1.91 (LE sweep, horizontal) ; 2.07 (tip chord)","""shown in Figure 48"" chapters/ch3-sec6b.tex:11-12 ; caption sec6b:17-18 (BC-74 nose, dimensions in cm) ; l_b = 31.75 ch3-sec6b.tex:42, 53 ; 22.61 (= 31.75 - 9.14) and 9.14 ch3-sec6b.tex:67, 71 ; root chord 3.97, tip 2.07 ch3-sec6b.tex:105 ; regions 1.90 x 4.19, 2.07 x 4.19, 3.21 x 0.965 ch3-sec6b.tex:125-127 ; d = 1.93 ch3-sec6b.tex:136, ch3-sec4b.tex:301","Javelin: ogive nose, body tube, four swept fins (two in plane, pair edge-on on the centreline) whose TE runs a little past the base with a chamfer down to the body. Text/figure mismatch recorded as corrections D26 (text 3.97, 1.90, 3.21, 0.965 vs labels 1.91, 3.30, 4.19, 0.68, 2.07; user decision: no note): keep the labels as printed. Source Barrowman/Centuri TIR-33 (figure-credits.tex:242). Rocket style as Figs 37, 43, 50; fin reused in plan in Fig 49."
ch3-fig49,ch3:fig:49,chapters/ch3-sec6b.tex:145,"(a) standard method: gross fin area to the centreline, hatched ; (b) approximate method: gross area split into regions I (triangle), II (rectangle), III (rectangle inside the tube)",schematic,draw,todo,S,n/a,n/a,circled (a) ; circled (b) ; I ; II ; III,"""resolving the Javelin fin into rectangles and right triangles, as shown in Figure 49b ... the standard method (shown in Figure 49a)"" chapters/ch3-sec6b.tex:119-123 ; region areas I, II, III ch3-sec6b.tex:125-127 ; caption sec6b:146-148 ((b) more conservative, larger sigma_F)","Tube stub with wavy break at the top and centreline, as Fig 44. (a): hatched area bounded by the LE and the TE chamfer extended (dashed) to the centreline. (b): I = triangle above a dashed spanwise line, II = rectangle below it that fills in the chamfered corner (dashed outline), III = rectangle from the centreline to the tube wall; each region hatched in a different direction."
ch3-fig50,ch3:fig:50,chapters/ch3-sec6c.tex:56,none (one dimensioned GCR drawing plus three unlabelled variations below it),rocket,draw,todo,M,n/a,n/a,"$\ell_n$ ; $\ell_s$ ; $\ell_t$ ; $\ell_b$ ; $d_m$ ; $d_b$ ; $t$ (fin thickness, edge-on fin) ; $b$ (tip-to-tip span of an opposed pair) ; $c$ (fin chord) ; ""Ogive"" (leader) ; ""Conical boattail"" (leader)","""the configuration shown in Figure 50: ... ogive nosecone, circular cylindrical body, rectangular fins, and a conical boattail"" chapters/ch3-sec6c.tex:40-47 ; ""variations depicted in Figure 50"" ch3-sec6c.tex:50-51 ; caption sec6c:57-58","Main drawing: ogive, cylinder, conical boattail, rectangular fins (b measured across both fins, consistent with eq. (189) S_F = 2cb). Variations: (1) short body, no visible boattail, small rectangular fins; (2) thicker body with a long boattail and large fins; (3) long slender body with a short boattail. Lettering l_n and l_t vs l_N, l_T in eqs (181)-(188): corrections D36, kept as printed, no note. The inset rocket of Fig 51 is the GCR-x version of this drawing (l_N/d_m 3.5, l_s/d_m 11.5, l_T/d_m 3, d_b/d_m .8, c/d_m 1.75, b/d_m 5, sec6c:243-246)."
ch3-fig51,ch3:fig:51,chapters/ch3-sec6c.tex:327,none (inset GCR-x sketch; region markers),graph-log,compute,todo,M,"4 curves: (C_Do)_FB solid (3.08 at 1e4, off scale; enters at 1.6 near 4e4; 1.00 at 1e5; minimum 0.473 at 5e5, nearly flat to about 1e6, then down to 0.370 at 5e6, kink, up to 0.396 at 1e7) ; (C_Do)_F short-dashed (enters at 1.6 near 1.4e4; 0.279 at 5e5; minimum 0.089 at 5e6; up to 0.135 at 1e7) ; (C_Do)_B long-dashed (1.11 at 1e4; minimum 0.194 at 5e5, kink, up to 0.293 at 2e6, then slowly down to 0.261) ; C_Db long-dash / dash-dot line near the axis (0.014 to 0.038). Grid: y every 0.1; x ruled per decade (see notes) over 3 decades.","compute: GCR-x equations chapters/ch3-sec6c.tex:259-282 [(C_Df)_b = 82.8(C_f)_B ; C_Db = .0149/sqrt((C_Df)_b) ; (C_Do)_B = sum ; (C_Do)_F = 46.4(C_f)_F ; (C_f)_B = 1.328/sqrt(R) below 5e5, .074/R^(1/5) - 1735/R above ; (C_f)_F = 4.25/sqrt(R) below 5.14e6, .118/R^(1/5) - 17,900/R above] and (205); Table 6 (ch3-sec6c.tex:289-323) tabulates all four at 23 Reynolds numbers; params: all in the text","y title $\CD$ ; y ticks 0-1.6 labelled step 0.2 (grid every 0.1) ; x title $R_\ell$ ; x log axis 3 decades: $10^{4}$ ; 2 ; 3 ; 4 ; 6 ; 8 ; $10^{5}$ ; 2 ; 3 ; 4 ; 6 ; 8 ; $10^{6}$ ; 2 ; 3 ; 4 ; 6 ; 8 ; $10^{7}$ ; curve labels $(\CDo)_F$ ; $(\CDo)_{FB}$ ; $(\CDo)_B$ ; $C_{Db}$ ; inset: $U_\infty$ (flow arrow) ; ""GCR - x"" ; region markers: circled 2 (bar-to-bar line from 5e5 to 5e6) ; circled 3 (from 5e6, line continuing to the right edge)","caption sec6c:328-335 (the four curves; laminar below 5e5; region (2) body transition zone 5e5-5e6; region (3) fin transition zone above 5e6) ; three phases chapters/ch3-sec6c.tex:284-287 ; 3.08 at 1e4 ch3-sec6c.tex:340-341 ; ""body transition zone on the graph of Figure 51"", (C_Do)_B rises 5e5 to 2e6 ch3-sec6c.tex:349-365 ; 5.14e6 fin transition, ""fin transition zone in Figure 51"" ch3-sec6c.tex:370-376 ; base drag nearly constant, max at 5e5, about 7% ch3-sec6c.tex:384-388 ; shape general ch3-sec6c.tex:390-400 ; abscissa to velocity ch3-sec6c.tex:409-411 ; also ch3-sec6c.tex:256, 419, 449, 548, 564","NON-STANDARD LOG RULING (same paper as Figs 51, 52, 55): each decade is ruled at 1, 1.5, 2, 2.5, 3, 3.5, 4, 5, 6, 7, 8, 9, 10 placed at about 0, .25, .43, .51, .57, .63, .68, .75, .82, .87, .92, .96 of the decade instead of the logarithmic 0, .18, .30, .40, .48, .54, .60, .70, .78, .85, .90, .95; the labelled minor ticks 2, 3, 4, 6, 8 sit on these non-log lines, and the curves were plotted against this printed ruling (checked by pixel measurement). Do not digitize assuming true log spacing; recompute and plot on a true log axis (the look will change: e.g. the 1-2 interval shrinks). The printed curves use the coefficient 82.8 (ednote sec6c:251, corrections D21): recompute with the printed equations to match Table 6. Caption says fin transition at 5e6, the equations switch at 5.14e6 (D35, no note). Inset: GCR-x sketch (see Fig 50) with a U_infty flow arrow, grid blanked behind it and behind the region markers. Manifest: hand-lettered curve labels kept in v1."
ch3-fig52,ch3:fig:52,chapters/ch3-sec6c.tex:511,none (legend inside the plot),graph-log,compute,todo,S,"2 curves: D_e solid (""exact"") and D_a dashed (approximate, constant 0.473); both near zero up to about 3e5, rising steeply and leaving the top (0.8 N) near R = 2.2-2.4e6; D_a slightly above D_e beyond about 1e6. Grid: y every 0.1; x ruled per decade (see notes), 3 decades.",compute: D_e eq. (210) D = 3.33e-13 C_D R^2 (chapters/ch3-sec6c.tex:454-456) with C_D = (C_Do)_FB from the GCR-x equations / Table 6 ; D_a eq. (211) D = 1.58e-13 R^2 (ch3-sec6c.tex:532-534) ; Table 7 (ch3-sec6c.tex:468-507) lists both at 26 Reynolds numbers; params: all in the text,"y title ""$D$ (N)"" ; y ticks 0-0.8 labelled step 0.1 ; x title $R_\ell$ ; x log axis $10^{4}$ ; 2 ; 3 ; 4 ; 6 ; 8 ; $10^{5}$ ; 2 ; 3 ; 4 ; 6 ; 8 ; $10^{6}$ ; 2 ; 3 ; 4 ; 6 ; 8 ; $10^{7}$ ; legend: solid sample ""$D_e$"", dashed sample ""$D_a$""","caption sec6c:512-514 (D_e exact, D_a with 0.473) ; below 1e5 no visible distinction chapters/ch3-sec6c.tex:459-466 ; D_a plotted with D_e, constant 0.473, eq. (211) ch3-sec6c.tex:524-535 ; within 10% from 4e5 to 2.2e6 ch3-sec6c.tex:537-556 ; axis conversion ch3-sec6c.tex:564-566","NON-STANDARD LOG RULING (same paper as Figs 51, 52, 55): each decade is ruled at 1, 1.5, 2, 2.5, 3, 3.5, 4, 5, 6, 7, 8, 9, 10 placed at about 0, .25, .43, .51, .57, .63, .68, .75, .82, .87, .92, .96 of the decade instead of the logarithmic 0, .18, .30, .40, .48, .54, .60, .70, .78, .85, .90, .95; the labelled minor ticks 2, 3, 4, 6, 8 sit on these non-log lines, and the curves were plotted against this printed ruling (checked by pixel measurement). Do not digitize assuming true log spacing; recompute and plot on a true log axis (the look will change: e.g. the 1-2 interval shrinks). Legend box at lower right with the grid blanked behind it. Same x axis as Fig 51 (reuse). Curves inherit the 82.8 coefficient (D21) through Table 6."
ch3-fig53,ch3:fig:53,chapters/ch3-sec7.tex:189,"(a) experimental C_D/C_Ds vs Mach number for the pictured finned body with ogive and half-round noses (inset rocket) ; (b) the analytical approximations (214) and (215). Stacked vertically, same axes.",graph,compute+digitize,todo,M,"Each panel 2 curves: Ogive solid, Half-round dashed; both 1.0 from M = 0 to 0.9 (drawn as one solid line). (a): ogive rises to 1.70 at M 1.05, falls to about 1.27 at 2.0; half-round leaves the ogive near M 1.0, peaks about 2.17 at 1.2, falls to 2.0. (b): sharp peaks, ogive 1.80 at 1.05 then decaying to 1.27; half-round 2.30 at 1.2 then decaying to 2.0. Grid both panels: x every 0.2, y every 0.4.","(a) digitize: Hoerner's experimental curves (ref. 9; figure-credits.tex:247); Table 8 [C_D/C_Ds]_e (chapters/ch3-sec7.tex:262-310) gives 10 points per curve at M = 0.90-2.00 as anchors; flat 1.0 below 0.9 ; (b) compute: eqs (214a)-(214b) ogive and (215a)-(215b) half-round (ch3-sec7.tex:235-251), 1.0 for M < 0.9; params: none","(a): y title $\frac{\CD}{C_{Ds}}$ ; y ticks 0-2.4 labelled step 0.4 ; x title $M$ ; x ticks 0-2.0 labelled step 0.2 ; ""Half-round"" ; ""Ogive"" ; circled (a) ; (b): same y title, x title and ticks ; ""Half-round"" ; ""Ogive"" ; circled (b)","""As shown in Figure 53a ... sharp (ogival or conical) noses ... rounded nose shapes""; values read off: 1.7 C_Ds at M 1.05, about 1.27 C_Ds toward M 2.0, round nose 2.17 C_Ds at M 1.2, 2.0 C_Ds toward 2.0 chapters/ch3-sec7.tex:160-172 ; curves above Mach 1.5 are extrapolation ch3-sec7.tex:212-216 ; ""These approximating functions are displayed in Figure 53b"" ch3-sec7.tex:252 ; caption sec7:190-195","Inset in (a) (grid blanked behind it): finned body of revolution with pointed ogive nose, a hatched band just aft of the nose tip (the nose change region), clipped-delta fins, dash-dot axis. Both panels share one axis frame (reuse). Table 8 [..]_a column checks (b)."
ch3-fig54,ch3:fig:54,chapters/ch3-sec7.tex:201,"(a) sharp (conical) nose: attached shock ; (b) rounded nose: detached bow shock. Both bodies vertical, nose up.",schematic,draw,todo,M,n/a,n/a,circled (a) ; circled (b) ; no other lettering,"attached vs detached shock, shock/expansion pattern near the base ""Figure 54 illustrates"" chapters/ch3-sec7.tex:172-183 ; caption sec7:202-207 (solid lines shocks and compression waves; dotted lines expansion waves or fans; wavy lines wakes; (a) conical nose attached shock, (b) rounded nose detached shock)","(a): straight solid oblique shock lines from the cone tip; three dashed expansion lines curving from the nose-cylinder shoulder on each side. (b): curved solid bow shock standing ahead of the round nose; three dashed curved expansion lines. Both bases: flat base, dashed expansion fans (three lines each side) from the base corners, shear-layer lines converging from the base corners to a short neck, two solid recompression-shock lines diverging from the neck, two straight parallel wake lines on the axis. Dash-dot axes. Caption/figure mismatch: the caption says ""dotted"" (print dashed) and ""wavy lines delineate the wakes"" (wake lines are straight). Source Hoerner (figure-credits.tex:250)."
ch3-fig55,ch3:fig:55,chapters/ch3-sec8.tex:214,none,graph-log,compute,todo,S,"4 solid curves for drop distances 10, 25, 50, 100 m: nearly vertical at the bottom (t about 1.43, 2.27, 3.22, 4.59 s at k/m = 1e-3), bending right toward the top (10 m reaches k/m = 0.1 at t about 1.67 s; 25 m at 3.22; 50 m at 5.75; 100 m leaves the right edge t = 10 at k/m about 0.084). Grid: log-log, ruled per decade (see notes), 1 decade in t, 2 in k/m.","compute: eq. (230) (chapters/ch3-sec8.tex:187-190) solved for t: t = sqrt(m/(g k)) arccosh(exp(x k/m)); params: g = 9.8 m/s^2 (ch3-sec8.tex:113), x = 10, 25, 50, 100 m (caption sec8:216-217 and curve labels), k/m from 1e-3 to 1e-1 m^-1","y title ""$\frac{k}{m}$ ($\mathrm{m}^{-1}$)"" (rotated 90 deg) ; y log axis 2 decades: $10^{-3}$ ; 2 ; 3 ; 4 ; 6 ; 8 ; $10^{-2}$ ; 2 ; 3 ; 4 ; 6 ; 8 ; $10^{-1}$ ; x title ""t (sec)"" ; x log axis 1 decade: 1 ; 2 ; 3 ; 4 ; 5 ; 6 ; 8 ; 10 ; curve labels 10 ; 25 ; 50 ; 100 (on white patches near k/m = 1.2e-2)","""drop chart"" of time vs k/m for various drop distances; about 10 m minimum chapters/ch3-sec8.tex:193-202 ; caption sec8:215-222 (curves for 10, 25, 50, 100 m; curves flatten at the top as terminal velocity is reached; drop time roughly proportional to sqrt(k/m))","NON-STANDARD LOG RULING (same paper as Figs 51, 52, 55): each decade is ruled at 1, 1.5, 2, 2.5, 3, 3.5, 4, 5, 6, 7, 8, 9, 10 placed at about 0, .25, .43, .51, .57, .63, .68, .75, .82, .87, .92, .96 of the decade instead of the logarithmic 0, .18, .30, .40, .48, .54, .60, .70, .78, .85, .90, .95; the labelled minor ticks 2, 3, 4, 6, 8 sit on these non-log lines, and the curves were plotted against this printed ruling (checked by pixel measurement). Do not digitize assuming true log spacing; recompute and plot on a true log axis (the look will change: e.g. the 1-2 interval shrinks). Both axes use this ruling; e.g. the free-fall times 1.43/2.26/3.19/4.52 s land correctly only when read against the printed lines. Manifest: a scanner speck inside the plot left of the 10 curve near k/m = 2e-2 (ignore)."
ch4-fig01,ch4:fig:1,chapters/ch4-intro-sec1.tex:111,"(a) top: rocket at time t with velocity \vec{v} and external force \vec{E} at the CG, plus a four-line state list; (b) bottom: same rocket at t + dt with d\vec{v}, \vec{v} + d\vec{v}, \vec{E}, the expelled mass slice dm_e at the nozzle and the exhaust vector triangle \vec{c}, \vec{v}, \vec{c} + \vec{v}; one crop, circled letters in the artwork",mixed,draw,todo,M,n/a,n/a,"(a): Time = t ; Rocket mass = m(t) ; Rocket velocity = \vec{v} ; Rocket momentum = \vec{p} ; \vec{v} (vertical arrow from CG) ; \vec{E} (long heavy arrow into CG from upper right) ; circled (a) ; (b): Time = t + dt ; Rocket mass = m(t) - dm_e ; Rocket velocity = \vec{v} + d\vec{v} ; Rocket momentum = \vec{p} + d\vec{p} ; d\vec{v} ; \vec{v} + d\vec{v} ; \vec{v} (at CG) ; \vec{E} ; \vec{c} + \vec{v} ; \vec{c} ; \vec{v} (at nozzle, closing the triangle) ; dm_e (leader to hatched slice at nozzle) ; circled (b)","'Figure 1a' rocket at time t, mass m(t), velocity \vec{v}, force \vec{E} ch4-intro-sec1.tex:98-107 ; 'Figure 1b' at t + dt with \vec{v} + d\vec{v} and m(t) - dm_e ch4-intro-sec1.tex:120-125 ; exhaust velocity \vec{c} and \vec{c} + \vec{v} ch4-intro-sec1.tex:150-153 ; caption ch4-intro-sec1.tex:112-114 (panel (a) at t, (b) at t + dt)","Kind = rocket outline (tilted ~30 deg, dashed centreline, CG circle, three fins) + vector schematic. The vector marks are short bars with a small hook at the right end (half-arrows); STYLE.md:309 calls them 'overbars' that stay in the artwork, while the text sets the same quantities with \vec - choose one form for the redraw. The subscript e of dm_e is a blob in both places. Panel (b) repeats panel (a) with d\vec{v} stacked on \vec{v} and a hatched propellant slice; the vector triangle at the nozzle (\vec{c} along the axis backward, \vec{v} vertical, \vec{c} + \vec{v} as resultant) should be drawn geometrically consistent. Text blocks are upper left of each panel."
ch4-fig02,ch4:fig:2,chapters/ch4-intro-sec1.tex:370,none,schematic,sketch,todo,S,n/a,sketch: qualitative (trajectory is a freehand arc; no numbers),"y (vertical axis, arrowhead) ; x (axis drawn oblique, rising ~25 deg to the right, arrowhead) ; Trajectory ; Launch point ; x = y = 0 (dot at origin) ; \theta (arc with arrowhead from the vertical to v) ; v ; \dot{y} = v_y ; \dot{x} = v_x ; small rocket icon on the trajectory","theta = angle between trajectory tangent and y-axis; 'Figure 2 illustrates this componentization' ch4-intro-sec1.tex:351-353 ; \dot{y}, \dot{x} components ch4-intro-sec1.tex:353-359 (eqs (14)-(15)) ; caption ch4-intro-sec1.tex:371-374 (range x, altitude y)","The x-axis is drawn oblique (pseudo-perspective), not perpendicular to y, and the velocity triangle follows it: \dot{x} = v_x is drawn parallel to that oblique axis and \dot{y} = v_y vertical, so v is the diagonal of a skewed triangle. A modern redraw would normally use perpendicular axes with \dot{x} horizontal (editorial decision). STYLE.md:352: the lettered 'V_y' is set v_y; the O of x = y = O is digit 0. The theta arc is at the top of a vertical reference line through the rocket's position."
ch4-fig03,ch4:fig:3,chapters/ch4-sec2b.tex:71,none,schematic,draw,todo,M,n/a,n/a,"Flight apex: ; t = t_1 + t_2 + t_3 + t_c,  v = 0, ; y = y_b + y_c = y_{\max} ; 3rd stage burnout: ; t = t_1 + t_2 + t_3,  v = v_3 = v_b, ; y = y_1 + y_2 + y_3 = y_b ; 2nd stage burnout: ; t = t_1 + t_2,  v = v_2,  y = y_1 + y_2 ; 1st stage burnout: ; t = t_1,  v = v_1,  y = y_1 ; Launch:  t = 0,  v = 0,  y = 0 ; dimension-line labels y_1, y_2, y_3, y_c (inner column) and y_{\max} (outer column)","total altitude = y_c + burnout increments of all stages, total time = t_c + burn times; 'Figure 3 illustrates by example the synthesis ... of a three-staged model rocket' ch4-sec2b.tex:60-67 ; caption ch4-sec2b.tex:72-73","Vertical flight path with a dot at each event and a horizontal leader to each label block at right; two inner dimension columns (y_1, y_2, y_3, y_c with tick marks at the event levels) and an outer y_max dimension line from launch to apex. Spent stages drawn peeling off on curved paths (small fin-can icons) above 1st and 2nd stage burnout; at apex the rocket is drawn horizontal. y_2 and y_3 are altitude increments, consistent with the corrected notation (ch4-sec2a.tex:291-292). Includes small rocket icons, so kind is schematic with icons. O in 't = O' etc. is digit 0."
ch4-fig04,"none (unlabelled 1973 figure in the supplement Part; the chapter label ch4:fig:4 is on the 1994 replacement figures/supplement/ch4-fig04-1994.png, the same drawing)",backmatter/supplement/s-ch4-fig-table.tex:20,none,graph,compute-partial+digitize,todo,M,"2 curves, no grid: (1) solid 'Actual curve' = measured B4 thrust: from 0 rises to a peak ~12.8-13 N at ~0.14 s, falls to ~3.8 N by ~0.25 s, then a slow decline to ~3.5 N at 1.2 s, vertical drop to 0 at t = 1.2 ; (2) dashed 'Approximation' = piecewise-linear 0 -> 13.0 N at 0.14 s -> 3.5 N at 0.22 s -> flat 3.5 N to 1.20 s -> drop to 0","compute-partial: dashed curve from (73a)-(73c) (ch4-sec2b.tex:171-173) with F_m = 13.0 N, F_s = 3.5 N, t_1 = t_m = 0.14 s, t_2 = t_s = 0.22 s, t_b = 1.20 s lettered in the artwork (t_1 = t_m, t_2 = t_s per the 1994 caption ch4-sec2b.tex:214-216 and s-ch4-fig-table.tex:11-13); I_t = 5.0 N-sec checks by (75) (ch4-sec2b.tex:195): 13.0(0.22)/2 + 3.5(1.20 - 0.07 - 0.11) = 5.00 ; missing: the solid 'Actual curve' (measured data, tabulated nowhere) - digitize","F (N) (y title) ; y ticks 0-16 step 2 ; t (sec) (x title) ; x ticks 0-1.2 step 0.2 (labelled 0, 0.2, ..., 1.2) ; legend: solid 'Actual curve', dashed 'Approximation' (top left) ; I_t = 5.0 N-sec ; F_m = 13.0 N ; F_s = 3.5 N ; t_1 = 0.14 sec ; t_2 = 0.22 sec ; t_b = 1.20 sec ; B4","'Figure 4 illustrates by example the application of the piecewise-linear method' ch4-sec2b.tex:206-207 (cites the chapter's 1994 copy) ; 1973 caption s-ch4-fig-table.tex:23-25 ('actual and approximate thrust-time curves' = solid vs dashed; parameters 'are shown') ; 1994 caption ch4-sec2b.tex:212-216 relies on the lettered t_1, t_2 ; the About This Edition note frontmatter/about-this-edition.tex:210-211 ('a larger copy of the same drawing')","The 1994 replacement is 'the same drawing, reproduced larger' (ch4-sec2b.tex:218-219), so one vector drawing can serve both the chapter (ch4:fig:4) and this supplement reproduction - decide whether the supplement's side-by-side 1973/1994 display keeps rasters. The lettered t_1, t_2 differ from the text's t_m, t_s (kept; the 1994 caption explains). The F_s subscript s is a blob. These B4 parameters (with m_f = 8.33 g from Table 1, ch4-sec4.tex:481) exactly reproduce the Table 2 'No disturbance' row (ch4-sec4.tex:553: v_b 111.4, y_b 78.1, t_c 6.46, y_c 265.5, y_max 343.6) by method (83)-(87) with dt = .001 s and g = 9.8, and drive the recomputation of Figs 6, 11 and 16."
ch4-fig05a,ch4:fig:5a,chapters/ch4-sec2b.tex:376,"none (panel (a) of Figure 5, separately captioned; \figurepanel{a})",graph,compute-partial+digitize,todo,M,"4 curves + thin zero line, no grid, x .02-.14: FM k_max solid off-scale (>15) below m_o ~.031, ~7.5 at .045, ~4 at .06, ~1.3 at .09, ~0.3 at .14 ; CB k_max dashed off-scale below ~.025, crosses 0 at ~.042, min ~-4.2 at ~.068, ~-2.5 at .14 ; FM k_min solid ~+0.3 at .02 then ~0 (merges with the zero line) ; CB k_min dashed ~-3.3 at .02, ~-1 at .045, ~-0.2 at .14","compute-partial: exact = second interval method (83)-(87) (ch4-sec2b.tex:281-287), dt = 0.001 s, 'variable mass-time and thrust-time functions', IBM 360/65 (ch4-sec2b.tex:308-320), thrust/mass functions (73)-(74) with c = g I_sp (68)-(69) (ch4-sec2b.tex:101-110,169-192); coast 'entirely analogous' (ch4-sec2b.tex:301-303) at constant burnout mass (ch4-sec2b.tex:26-30,266-270); FM = (20),(21) (ch4-sec2a.tex:55-64); CB = (27),(28) (ch4-sec2a.tex:122-128); both with m = average of liftoff and burnout mass (ch4-sec2a.tex:25-26) and F = average thrust I_t/t_b (ch4-sec2a.tex:39,58); y_max(approx) = y_b + y_c by (67) with m_b and the approximate v_b (ch4-sec2b.tex:56-65); k_min/k_max from the key table (ch4-sec2b.tex:365-369, defined :346-353); 'twenty values of liftoff mass' per engine (ch4-sec2b.tex:314-317) not listed (range = engine-alone mass to max m_o of the Fig 10-14 captions, spacing unknown); percent error = 100(approx - exact)/exact is not stated (inferred: it reproduces Fig 6); g not stated in Ch.4 (9.8 m/s^2 per the 1973 Ch.1 text quoted at ch1-sec2a.tex:476-477) ; params available: F_m = 28.6 N with t_s = t_b and F_s = 0 (triangle) ch4-sec2b.tex:201-205 ; t_b = 0.35 s ch4-sec3.tex:179-180 ; I_t implied 5.0 N-s (= F_m t_b/2 by (75)) ; engine-alone mass 0.020 kg ch4-sec3.tex:177 with :147-148 ; k_min = .00005, k_max = .002 ch4-sec2b.tex:365 ; missing: t_m (time of peak) of the B14 triangle, the propellant mass m_f (or I_sp/c) needed by (74) and by the FM/CB average mass and m_b, and the 20 m_o sample points ; test: t_m = 0.16 s, m_f = 6 g (a fit that reproduces Fig 10) gives v_b and y_b errors unlike the printed panels (e.g. FM y_b error -3..+1% vs printed +5.5..+8.5%), so the book's 'exact' B14 thrust curve is not recoverable - digitize","Percent error in v_b (y title, vertical) ; y ticks -15 to 15 step 5 (labelled -15, -10, -5, 0, 5, 10, 15) ; m_o (kg) (x title) ; x ticks .02-.14 step .02 labelled, unlabelled minor ticks at the odd .01s ; k_{\max} (two leaders) ; k_{\min} (two leaders) ; legend: solid line 'Fehskens-Malewicki' ; dashed line 'Caporaso-Bengen' (lower right)","caption ch4-sec2b.tex:378-379 ; key-table row 5 / B14 ch4-sec2b.tex:365 ; collective: ch4-sec2b.tex:320-330 (percentage errors 'shown in the accompanying graphs, Figures 5 through 9'; accuracy claims: 'well within the limits', max error < 10% total-impulse scatter) ; ch4-sec2b.tex:343-355 (unnumbered collective caption: errors in v_b, y_b, y_max; two k values 'referred to as k_min in the figures' / 'k_max in the figures' :348-351) ; key table ch4-sec2b.tex:356-372 ; 'Figures 5.5-5.9' legend line with ednote ch4-sec2b.tex:336-340","Figs 5-9 share one template (15 panels): open frame (left and bottom axes), y range -15..15 step 5, a thin solid horizontal zero line across the plot, 4 curves (solid = Fehskens-Malewicki, dashed = Caporaso-Bengen, each for k_min and k_max), the words k_max and k_min each with a forked pair of leader lines (one to the solid, one to the dashed curve of that k), and a two-line legend block with line samples. Only the x range, the y-title quantity and the legend position change. STYLE.md:352: the capital-looking K of k_max/k_min and the m_o subscript o stay as in the list (k, m_o). This panel: legend lower right; two curves leave the top of the frame (clip at 15). Text claim (ch4-sec2b.tex:326-330) that the maximum error is below the ~10% total-impulse scatter is contradicted here (k_max curves exceed 15% at light masses). Crop 5a was tightened by hand for a speck (manifest)."
ch4-fig05b,ch4:fig:5b,chapters/ch4-sec2b.tex:385,none (panel (b) of Figure 5; \figurepanel{b}),graph,compute-partial+digitize,todo,M,"4 curves + thin zero line, x .02-.14: FM k_max and FM k_min solid nearly coincident (drawn as one heavy line) ~8.5 at .02, ~6.3 at .05, ~5.5 at .14 ; CB k_min dashed ~6 flat from .02 to ~.05, then merging into the solids ; CB k_max dashed ~2 at .02, ~0 at .03, min ~-0.3 at ~.035, ~0.5 at .06, ~2.7 at .10, ~4 at .14","compute-partial: exact = second interval method (83)-(87) (ch4-sec2b.tex:281-287), dt = 0.001 s, 'variable mass-time and thrust-time functions', IBM 360/65 (ch4-sec2b.tex:308-320), thrust/mass functions (73)-(74) with c = g I_sp (68)-(69) (ch4-sec2b.tex:101-110,169-192); coast 'entirely analogous' (ch4-sec2b.tex:301-303) at constant burnout mass (ch4-sec2b.tex:26-30,266-270); FM = (20),(21) (ch4-sec2a.tex:55-64); CB = (27),(28) (ch4-sec2a.tex:122-128); both with m = average of liftoff and burnout mass (ch4-sec2a.tex:25-26) and F = average thrust I_t/t_b (ch4-sec2a.tex:39,58); y_max(approx) = y_b + y_c by (67) with m_b and the approximate v_b (ch4-sec2b.tex:56-65); k_min/k_max from the key table (ch4-sec2b.tex:365-369, defined :346-353); 'twenty values of liftoff mass' per engine (ch4-sec2b.tex:314-317) not listed (range = engine-alone mass to max m_o of the Fig 10-14 captions, spacing unknown); percent error = 100(approx - exact)/exact is not stated (inferred: it reproduces Fig 6); g not stated in Ch.4 (9.8 m/s^2 per the 1973 Ch.1 text quoted at ch1-sec2a.tex:476-477) ; params available: F_m = 28.6 N with t_s = t_b and F_s = 0 (triangle) ch4-sec2b.tex:201-205 ; t_b = 0.35 s ch4-sec3.tex:179-180 ; I_t implied 5.0 N-s (= F_m t_b/2 by (75)) ; engine-alone mass 0.020 kg ch4-sec3.tex:177 with :147-148 ; k_min = .00005, k_max = .002 ch4-sec2b.tex:365 ; missing: t_m (time of peak) of the B14 triangle, the propellant mass m_f (or I_sp/c) needed by (74) and by the FM/CB average mass and m_b, and the 20 m_o sample points ; test: t_m = 0.16 s, m_f = 6 g (a fit that reproduces Fig 10) gives v_b and y_b errors unlike the printed panels (e.g. FM y_b error -3..+1% vs printed +5.5..+8.5%), so the book's 'exact' B14 thrust curve is not recoverable - digitize","Percent error in y_b (y title) ; y ticks -15 to 15 step 5 (labelled -15, -10, -5, 0, 5, 10, 15) ; m_o (kg) ; x ticks .02-.14 step .02, minor at .01 ; k_{\max} (two leaders: to the top solid near .025 and to the dashed near 0 at ~.035) ; k_{\min} (two leaders: to the solid near .022 and the dashed at ~6) ; legend: solid line 'Fehskens-Malewicki' ; dashed line 'Caporaso-Bengen' (lower right)","caption ch4-sec2b.tex:387-388 ; collective: ch4-sec2b.tex:320-330 (percentage errors 'shown in the accompanying graphs, Figures 5 through 9'; accuracy claims: 'well within the limits', max error < 10% total-impulse scatter) ; ch4-sec2b.tex:343-355 (unnumbered collective caption: errors in v_b, y_b, y_max; two k values 'referred to as k_min in the figures' / 'k_max in the figures' :348-351) ; key table ch4-sec2b.tex:356-372 ; 'Figures 5.5-5.9' legend line with ednote ch4-sec2b.tex:336-340","Figs 5-9 share one template (15 panels): open frame (left and bottom axes), y range -15..15 step 5, a thin solid horizontal zero line across the plot, 4 curves (solid = Fehskens-Malewicki, dashed = Caporaso-Bengen, each for k_min and k_max), the words k_max and k_min each with a forked pair of leader lines (one to the solid, one to the dashed curve of that k), and a two-line legend block with line samples. Only the x range, the y-title quantity and the legend position change. STYLE.md:352: the capital-looking K of k_max/k_min and the m_o subscript o stay as in the list (k, m_o). This panel: the two FM curves overlap almost everywhere; keep them distinguishable (or note the overlap). Legend lower right."
ch4-fig05c,ch4:fig:5c,chapters/ch4-sec2b.tex:394,none (panel (c) of Figure 5; \figurepanel{c}),graph,compute-partial+digitize,todo,M,"4 curves + thin zero line, x .02-.14: FM k_max solid ~11 at .02, ~5 at .045, ~2 at .08, ~0.8 at .14 ; CB k_max dashed ~6 at .02, ~1 at .035, 0 at ~.045, ~-1.5 at .06, ~-2 at .14 ; FM k_min solid ~1 at .02, ~0 from ~.035 on (slightly below 0 at the right) ; CB k_min dashed ~-1.2 at .02, ~-0.5 at .14","compute-partial: exact = second interval method (83)-(87) (ch4-sec2b.tex:281-287), dt = 0.001 s, 'variable mass-time and thrust-time functions', IBM 360/65 (ch4-sec2b.tex:308-320), thrust/mass functions (73)-(74) with c = g I_sp (68)-(69) (ch4-sec2b.tex:101-110,169-192); coast 'entirely analogous' (ch4-sec2b.tex:301-303) at constant burnout mass (ch4-sec2b.tex:26-30,266-270); FM = (20),(21) (ch4-sec2a.tex:55-64); CB = (27),(28) (ch4-sec2a.tex:122-128); both with m = average of liftoff and burnout mass (ch4-sec2a.tex:25-26) and F = average thrust I_t/t_b (ch4-sec2a.tex:39,58); y_max(approx) = y_b + y_c by (67) with m_b and the approximate v_b (ch4-sec2b.tex:56-65); k_min/k_max from the key table (ch4-sec2b.tex:365-369, defined :346-353); 'twenty values of liftoff mass' per engine (ch4-sec2b.tex:314-317) not listed (range = engine-alone mass to max m_o of the Fig 10-14 captions, spacing unknown); percent error = 100(approx - exact)/exact is not stated (inferred: it reproduces Fig 6); g not stated in Ch.4 (9.8 m/s^2 per the 1973 Ch.1 text quoted at ch1-sec2a.tex:476-477) ; params available: F_m = 28.6 N with t_s = t_b and F_s = 0 (triangle) ch4-sec2b.tex:201-205 ; t_b = 0.35 s ch4-sec3.tex:179-180 ; I_t implied 5.0 N-s (= F_m t_b/2 by (75)) ; engine-alone mass 0.020 kg ch4-sec3.tex:177 with :147-148 ; k_min = .00005, k_max = .002 ch4-sec2b.tex:365 ; missing: t_m (time of peak) of the B14 triangle, the propellant mass m_f (or I_sp/c) needed by (74) and by the FM/CB average mass and m_b, and the 20 m_o sample points ; test: t_m = 0.16 s, m_f = 6 g (a fit that reproduces Fig 10) gives v_b and y_b errors unlike the printed panels (e.g. FM y_b error -3..+1% vs printed +5.5..+8.5%), so the book's 'exact' B14 thrust curve is not recoverable - digitize","Percent error in y_{\max} (y title) ; y ticks -15 to 15 step 5 (labelled -15, -10, -5, 0, 5, 10, 15) ; m_o (kg) ; x ticks .02-.14 step .02, minor at .01 ; k_{\max} (two leaders) ; k_{\min} (two leaders) ; legend: solid line 'Fehskens-Malewicki' ; dashed line 'Caporaso-Bengen' (lower right)","caption ch4-sec2b.tex:396-397 ; collective: ch4-sec2b.tex:320-330 (percentage errors 'shown in the accompanying graphs, Figures 5 through 9'; accuracy claims: 'well within the limits', max error < 10% total-impulse scatter) ; ch4-sec2b.tex:343-355 (unnumbered collective caption: errors in v_b, y_b, y_max; two k values 'referred to as k_min in the figures' / 'k_max in the figures' :348-351) ; key table ch4-sec2b.tex:356-372 ; 'Figures 5.5-5.9' legend line with ednote ch4-sec2b.tex:336-340","Figs 5-9 share one template (15 panels): open frame (left and bottom axes), y range -15..15 step 5, a thin solid horizontal zero line across the plot, 4 curves (solid = Fehskens-Malewicki, dashed = Caporaso-Bengen, each for k_min and k_max), the words k_max and k_min each with a forked pair of leader lines (one to the solid, one to the dashed curve of that k), and a two-line legend block with line samples. Only the x range, the y-title quantity and the legend position change. STYLE.md:352: the capital-looking K of k_max/k_min and the m_o subscript o stay as in the list (k, m_o). This panel: the k of k_max/k_min is lettered capital-like (STYLE.md:352). Legend lower right."
ch4-fig06a,ch4:fig:6a,chapters/ch4-sec2b.tex:403,none (panel (a) of Figure 6; \figurepanel{a}),graph,compute,todo,S,"4 curves + thin zero line, x .02-.10 (curves from ~.022): FM k_max solid ~9.2 at .022, ~9.5 at .04, ~8.5 at .06, ~5.5 at .10 ; CB k_max dashed ~8 at .022, 0 at ~.06, ~-2 at .10 ; FM k_min solid ~3.2 at .022, ~1 at .05, ~0.6 at .10 ; CB k_min dashed ~-4.2 at .022, ~-0.5 at .06, ~+0.3 at .10","compute: exact = second interval method (83)-(87) (ch4-sec2b.tex:281-287), dt = 0.001 s, 'variable mass-time and thrust-time functions', IBM 360/65 (ch4-sec2b.tex:308-320), thrust/mass functions (73)-(74) with c = g I_sp (68)-(69) (ch4-sec2b.tex:101-110,169-192); coast 'entirely analogous' (ch4-sec2b.tex:301-303) at constant burnout mass (ch4-sec2b.tex:26-30,266-270); FM = (20),(21) (ch4-sec2a.tex:55-64); CB = (27),(28) (ch4-sec2a.tex:122-128); both with m = average of liftoff and burnout mass (ch4-sec2a.tex:25-26) and F = average thrust I_t/t_b (ch4-sec2a.tex:39,58); y_max(approx) = y_b + y_c by (67) with m_b and the approximate v_b (ch4-sec2b.tex:56-65); k_min/k_max from the key table (ch4-sec2b.tex:365-369, defined :346-353); 'twenty values of liftoff mass' per engine (ch4-sec2b.tex:314-317) not listed (range = engine-alone mass to max m_o of the Fig 10-14 captions, spacing unknown); percent error = 100(approx - exact)/exact is not stated (inferred: it reproduces Fig 6); g not stated in Ch.4 (9.8 m/s^2 per the 1973 Ch.1 text quoted at ch1-sec2a.tex:476-477) ; params: B4 from the Fig 4 lettering (I_t = 5.0 N-sec, F_m = 13.0 N, F_s = 3.5 N, t_m = t_1 = 0.14 s, t_s = t_2 = 0.22 s, t_b = 1.20 s; figures/ch4/fig04.png, mapping ch4-sec2b.tex:214-216) ; propellant mass 8.33 g = Table 1 ch4-sec4.tex:481 (engine unnamed there, but 1.20 s burn and the exact reproduction of Table 2 row ch4-sec4.tex:553 identify it as this B4) ; engine-alone mass 0.021 kg ch4-sec3.tex:189 (with :147-148) ; k_min = .00005, k_max = .002 ch4-sec2b.tex:366 ; x range .021-.10 kg (max m_o = Fig 11 case (c), ch4-sec3.tex:190) ; VERIFIED: a script with c = I_t/m_f, g = 9.8, dt = .001 reproduces all 12 curves within ~1 percentage point (e.g. v_b k_max FM 9.0/9.1/8.0/4.9 at .022/.04/.06/.10 vs printed ~9.2/9.5/8.5/5.5; y_b CB k_max -2.8 -> -13.8 vs printed ~-2.2 -> -13.3); y_max errors run ~0.5-1 point more negative than print - small unexplained offset","Percent error in v_b (y title) ; y ticks -15 to 15 step 5 (labelled -15, -10, -5, 0, 5, 10, 15) ; m_o (kg) ; x ticks .02-.10 step .02, minor at .01 ; k_{\max} (two leaders) ; k_{\min} (two leaders) ; legend: solid line 'Fehskens-Malewicki' ; dashed line 'Caporaso-Bengen' (lower right)","caption ch4-sec2b.tex:405 ; key-table row 6 / B4 ch4-sec2b.tex:366 ; collective: ch4-sec2b.tex:320-330 (percentage errors 'shown in the accompanying graphs, Figures 5 through 9'; accuracy claims: 'well within the limits', max error < 10% total-impulse scatter) ; ch4-sec2b.tex:343-355 (unnumbered collective caption: errors in v_b, y_b, y_max; two k values 'referred to as k_min in the figures' / 'k_max in the figures' :348-351) ; key table ch4-sec2b.tex:356-372 ; 'Figures 5.5-5.9' legend line with ednote ch4-sec2b.tex:336-340","Figs 5-9 share one template (15 panels): open frame (left and bottom axes), y range -15..15 step 5, a thin solid horizontal zero line across the plot, 4 curves (solid = Fehskens-Malewicki, dashed = Caporaso-Bengen, each for k_min and k_max), the words k_max and k_min each with a forked pair of leader lines (one to the solid, one to the dashed curve of that k), and a two-line legend block with line samples. Only the x range, the y-title quantity and the legend position change. STYLE.md:352: the capital-looking K of k_max/k_min and the m_o subscript o stay as in the list (k, m_o). This panel: legend lower right. Compute with the same script as Figs 11 and 16 (Table 2 row as a regression test)."
ch4-fig06b,ch4:fig:6b,chapters/ch4-sec2b.tex:411,none (panel (b) of Figure 6; \figurepanel{b}),graph,compute,todo,S,"4 curves + thin zero line, x .02-.10: FM k_max solid ~2 at .022, 0 at ~.03, ~-9 at .10 ; CB k_max dashed ~-2.2 at .022, ~-13.3 at .10 (steepest) ; FM k_min solid ~-3.2 at .022, ~-11.7 at .10 ; CB k_min dashed ~-7.5 at .022, ~-11.9 at .10 (crosses CB k_max near .05)","compute: exact = second interval method (83)-(87) (ch4-sec2b.tex:281-287), dt = 0.001 s, 'variable mass-time and thrust-time functions', IBM 360/65 (ch4-sec2b.tex:308-320), thrust/mass functions (73)-(74) with c = g I_sp (68)-(69) (ch4-sec2b.tex:101-110,169-192); coast 'entirely analogous' (ch4-sec2b.tex:301-303) at constant burnout mass (ch4-sec2b.tex:26-30,266-270); FM = (20),(21) (ch4-sec2a.tex:55-64); CB = (27),(28) (ch4-sec2a.tex:122-128); both with m = average of liftoff and burnout mass (ch4-sec2a.tex:25-26) and F = average thrust I_t/t_b (ch4-sec2a.tex:39,58); y_max(approx) = y_b + y_c by (67) with m_b and the approximate v_b (ch4-sec2b.tex:56-65); k_min/k_max from the key table (ch4-sec2b.tex:365-369, defined :346-353); 'twenty values of liftoff mass' per engine (ch4-sec2b.tex:314-317) not listed (range = engine-alone mass to max m_o of the Fig 10-14 captions, spacing unknown); percent error = 100(approx - exact)/exact is not stated (inferred: it reproduces Fig 6); g not stated in Ch.4 (9.8 m/s^2 per the 1973 Ch.1 text quoted at ch1-sec2a.tex:476-477) ; params: B4 from the Fig 4 lettering (I_t = 5.0 N-sec, F_m = 13.0 N, F_s = 3.5 N, t_m = t_1 = 0.14 s, t_s = t_2 = 0.22 s, t_b = 1.20 s; figures/ch4/fig04.png, mapping ch4-sec2b.tex:214-216) ; propellant mass 8.33 g = Table 1 ch4-sec4.tex:481 (engine unnamed there, but 1.20 s burn and the exact reproduction of Table 2 row ch4-sec4.tex:553 identify it as this B4) ; engine-alone mass 0.021 kg ch4-sec3.tex:189 (with :147-148) ; k_min = .00005, k_max = .002 ch4-sec2b.tex:366 ; x range .021-.10 kg (max m_o = Fig 11 case (c), ch4-sec3.tex:190) ; VERIFIED: a script with c = I_t/m_f, g = 9.8, dt = .001 reproduces all 12 curves within ~1 percentage point (e.g. v_b k_max FM 9.0/9.1/8.0/4.9 at .022/.04/.06/.10 vs printed ~9.2/9.5/8.5/5.5; y_b CB k_max -2.8 -> -13.8 vs printed ~-2.2 -> -13.3); y_max errors run ~0.5-1 point more negative than print - small unexplained offset","Percent error in y_b (y title) ; y ticks -15 to 15 step 5 (labelled -15, -10, -5, 0, 5, 10, 15) ; m_o (kg) ; x ticks .02-.10 step .02, minor at .01 ; k_{\max} (two leaders) ; k_{\min} (two leaders) ; legend: solid line 'Fehskens-Malewicki' ; dashed line 'Caporaso-Bengen' (upper right)","caption ch4-sec2b.tex:413 ; collective: ch4-sec2b.tex:320-330 (percentage errors 'shown in the accompanying graphs, Figures 5 through 9'; accuracy claims: 'well within the limits', max error < 10% total-impulse scatter) ; ch4-sec2b.tex:343-355 (unnumbered collective caption: errors in v_b, y_b, y_max; two k values 'referred to as k_min in the figures' / 'k_max in the figures' :348-351) ; key table ch4-sec2b.tex:356-372 ; 'Figures 5.5-5.9' legend line with ednote ch4-sec2b.tex:336-340","Figs 5-9 share one template (15 panels): open frame (left and bottom axes), y range -15..15 step 5, a thin solid horizontal zero line across the plot, 4 curves (solid = Fehskens-Malewicki, dashed = Caporaso-Bengen, each for k_min and k_max), the words k_max and k_min each with a forked pair of leader lines (one to the solid, one to the dashed curve of that k), and a two-line legend block with line samples. Only the x range, the y-title quantity and the legend position change. STYLE.md:352: the capital-looking K of k_max/k_min and the m_o subscript o stay as in the list (k, m_o). This panel: legend upper right (differs from 6a). Errors reach ~-13%, beyond the 10% of the text's claim (ch4-sec2b.tex:326-330)."
ch4-fig06c,ch4:fig:6c,chapters/ch4-sec2b.tex:419,none (panel (c) of Figure 6; \figurepanel{c}),graph,compute,todo,S,"4 curves + thin zero line, x .02-.10: FM k_max solid ~2.5 at .022, ~0 at .06, ~-0.9 at .10 ; FM k_min solid ~0.6 at .022, ~-2.2 at .10 ; CB k_max dashed ~-0.8 at .022, ~-6.5 at .06, ~-7.7 at .10 ; CB k_min dashed ~-4.1 at .022, ~-2.5 at .06, ~-2.8 at .10","compute: exact = second interval method (83)-(87) (ch4-sec2b.tex:281-287), dt = 0.001 s, 'variable mass-time and thrust-time functions', IBM 360/65 (ch4-sec2b.tex:308-320), thrust/mass functions (73)-(74) with c = g I_sp (68)-(69) (ch4-sec2b.tex:101-110,169-192); coast 'entirely analogous' (ch4-sec2b.tex:301-303) at constant burnout mass (ch4-sec2b.tex:26-30,266-270); FM = (20),(21) (ch4-sec2a.tex:55-64); CB = (27),(28) (ch4-sec2a.tex:122-128); both with m = average of liftoff and burnout mass (ch4-sec2a.tex:25-26) and F = average thrust I_t/t_b (ch4-sec2a.tex:39,58); y_max(approx) = y_b + y_c by (67) with m_b and the approximate v_b (ch4-sec2b.tex:56-65); k_min/k_max from the key table (ch4-sec2b.tex:365-369, defined :346-353); 'twenty values of liftoff mass' per engine (ch4-sec2b.tex:314-317) not listed (range = engine-alone mass to max m_o of the Fig 10-14 captions, spacing unknown); percent error = 100(approx - exact)/exact is not stated (inferred: it reproduces Fig 6); g not stated in Ch.4 (9.8 m/s^2 per the 1973 Ch.1 text quoted at ch1-sec2a.tex:476-477) ; params: B4 from the Fig 4 lettering (I_t = 5.0 N-sec, F_m = 13.0 N, F_s = 3.5 N, t_m = t_1 = 0.14 s, t_s = t_2 = 0.22 s, t_b = 1.20 s; figures/ch4/fig04.png, mapping ch4-sec2b.tex:214-216) ; propellant mass 8.33 g = Table 1 ch4-sec4.tex:481 (engine unnamed there, but 1.20 s burn and the exact reproduction of Table 2 row ch4-sec4.tex:553 identify it as this B4) ; engine-alone mass 0.021 kg ch4-sec3.tex:189 (with :147-148) ; k_min = .00005, k_max = .002 ch4-sec2b.tex:366 ; x range .021-.10 kg (max m_o = Fig 11 case (c), ch4-sec3.tex:190) ; VERIFIED: a script with c = I_t/m_f, g = 9.8, dt = .001 reproduces all 12 curves within ~1 percentage point (e.g. v_b k_max FM 9.0/9.1/8.0/4.9 at .022/.04/.06/.10 vs printed ~9.2/9.5/8.5/5.5; y_b CB k_max -2.8 -> -13.8 vs printed ~-2.2 -> -13.3); y_max errors run ~0.5-1 point more negative than print - small unexplained offset","Percent error in y_{\max} (y title) ; y ticks -15 to 15 step 5 (labelled -15, -10, -5, 0, 5, 10, 15) ; m_o (kg) ; x ticks .02-.10 step .02, minor at .01 ; k_{\max} (two leaders) ; k_{\min} (two leaders) ; legend: solid line 'Fehskens-Malewicki' ; dashed line 'Caporaso-Bengen' (upper right)","caption ch4-sec2b.tex:421 ; collective: ch4-sec2b.tex:320-330 (percentage errors 'shown in the accompanying graphs, Figures 5 through 9'; accuracy claims: 'well within the limits', max error < 10% total-impulse scatter) ; ch4-sec2b.tex:343-355 (unnumbered collective caption: errors in v_b, y_b, y_max; two k values 'referred to as k_min in the figures' / 'k_max in the figures' :348-351) ; key table ch4-sec2b.tex:356-372 ; 'Figures 5.5-5.9' legend line with ednote ch4-sec2b.tex:336-340","Figs 5-9 share one template (15 panels): open frame (left and bottom axes), y range -15..15 step 5, a thin solid horizontal zero line across the plot, 4 curves (solid = Fehskens-Malewicki, dashed = Caporaso-Bengen, each for k_min and k_max), the words k_max and k_min each with a forked pair of leader lines (one to the solid, one to the dashed curve of that k), and a two-line legend block with line samples. Only the x range, the y-title quantity and the legend position change. STYLE.md:352: the capital-looking K of k_max/k_min and the m_o subscript o stay as in the list (k, m_o). This panel: legend upper right. Recomputed y_max errors are ~0.5-1 point lower than printed; decide whether a recomputed panel may differ that much from the 1973 print."
ch4-fig07a,ch4:fig:7a,chapters/ch4-sec2b.tex:427,none (panel (a) of Figure 7; \figurepanel{a}),graph,digitize,todo,M,"4 curves + thin zero line (extends past the curves to .13), x .03-.13 (curves ~.032-.125): FM k_max solid ~4.8 at .032 rising to ~5.9 at .09-.125 ; CB k_max dashed ~4.5 at .032, ~1 at .095, 0 at ~.105, ~-1.5 at .125 ; FM k_min solid ~3.5 at .032, ~0.3 at .09, ~0 at .125 ; CB k_min dashed ~-4.2 at .032, min ~-5.5 at ~.045, ~-2.8 at .09, ~-1.8 at .125","digitize: the D4 engine model is not in the book - available: t_b = 2.90 s ch4-sec3.tex:201, engine-alone mass 0.032 kg ch4-sec3.tex:199 (:147-148), max m_o 0.125 kg (Fig 12 (c) ch4-sec3.tex:200), casing 21 mm, k_min = .00007, k_max = .0027 ch4-sec2b.tex:367 ; missing: I_t, F_m, F_s, t_m, t_s (thrust curve), propellant mass m_f (or I_sp), the 20 m_o points ; method as for Fig 5: exact = second interval method (83)-(87) (ch4-sec2b.tex:281-287), dt = 0.001 s, 'variable mass-time and thrust-time functions', IBM 360/65 (ch4-sec2b.tex:308-320), thrust/mass functions (73)-(74) with c = g I_sp (68)-(69) (ch4-sec2b.tex:101-110,169-192); coast 'entirely analogous' (ch4-sec2b.tex:301-303) at constant burnout mass (ch4-sec2b.tex:26-30,266-270); FM = (20),(21) (ch4-sec2a.tex:55-64); CB = (27),(28) (ch4-sec2a.tex:122-128); both with m = average of liftoff and burnout mass (ch4-sec2a.tex:25-26) and F = average thrust I_t/t_b (ch4-sec2a.tex:39,58); y_max(approx) = y_b + y_c by (67) with m_b and the approximate v_b (ch4-sec2b.tex:56-65); k_min/k_max from the key table (ch4-sec2b.tex:365-369, defined :346-353); 'twenty values of liftoff mass' per engine (ch4-sec2b.tex:314-317) not listed (range = engine-alone mass to max m_o of the Fig 10-14 captions, spacing unknown); percent error = 100(approx - exact)/exact is not stated (inferred: it reproduces Fig 6); g not stated in Ch.4 (9.8 m/s^2 per the 1973 Ch.1 text quoted at ch1-sec2a.tex:476-477)","Percent error in v_b (y title) ; y ticks -15 to 15 step 5 (labelled -15, -10, -5, 0, 5, 10, 15) ; m_o (kg) ; x ticks .03-.13 step .02 labelled (.03, .05, ..., .13), minor at the even .01s ; k_{\max} (two leaders) ; k_{\min} (two leaders) ; legend: solid line 'Fehskens-Malewicki' ; dashed line 'Caporaso-Bengen' (upper right)","caption ch4-sec2b.tex:429 ; key-table row 7 / D4 ch4-sec2b.tex:367 ; collective: ch4-sec2b.tex:320-330 (percentage errors 'shown in the accompanying graphs, Figures 5 through 9'; accuracy claims: 'well within the limits', max error < 10% total-impulse scatter) ; ch4-sec2b.tex:343-355 (unnumbered collective caption: errors in v_b, y_b, y_max; two k values 'referred to as k_min in the figures' / 'k_max in the figures' :348-351) ; key table ch4-sec2b.tex:356-372 ; 'Figures 5.5-5.9' legend line with ednote ch4-sec2b.tex:336-340","Figs 5-9 share one template (15 panels): open frame (left and bottom axes), y range -15..15 step 5, a thin solid horizontal zero line across the plot, 4 curves (solid = Fehskens-Malewicki, dashed = Caporaso-Bengen, each for k_min and k_max), the words k_max and k_min each with a forked pair of leader lines (one to the solid, one to the dashed curve of that k), and a two-line legend block with line samples. Only the x range, the y-title quantity and the legend position change. STYLE.md:352: the capital-looking K of k_max/k_min and the m_o subscript o stay as in the list (k, m_o). This panel: legend upper right; x labels at odd hundredths."
ch4-fig07b,ch4:fig:7b,chapters/ch4-sec2b.tex:435,none (panel (b) of Figure 7; \figurepanel{b}),graph,digitize,todo,M,"4 curves + thin zero line, x .03-.13: FM k_max solid ~0.7 at .032, 0 at ~.04, ~-5.7 at .125 ; FM k_min solid ~-0.4 at .032, ~-9.7 at .125 ; CB k_max dashed ~-1.8 at .032, ~-6.3 at .065, ~-12 at .125 ; CB k_min dashed ~-7 at .032, ~-8.4 at .065, ~-10.5 at .125 (the two dashed cross near .09)","digitize: the D4 engine model is not in the book - available: t_b = 2.90 s ch4-sec3.tex:201, engine-alone mass 0.032 kg ch4-sec3.tex:199 (:147-148), max m_o 0.125 kg (Fig 12 (c) ch4-sec3.tex:200), casing 21 mm, k_min = .00007, k_max = .0027 ch4-sec2b.tex:367 ; missing: I_t, F_m, F_s, t_m, t_s (thrust curve), propellant mass m_f (or I_sp), the 20 m_o points ; method as for Fig 5: exact = second interval method (83)-(87) (ch4-sec2b.tex:281-287), dt = 0.001 s, 'variable mass-time and thrust-time functions', IBM 360/65 (ch4-sec2b.tex:308-320), thrust/mass functions (73)-(74) with c = g I_sp (68)-(69) (ch4-sec2b.tex:101-110,169-192); coast 'entirely analogous' (ch4-sec2b.tex:301-303) at constant burnout mass (ch4-sec2b.tex:26-30,266-270); FM = (20),(21) (ch4-sec2a.tex:55-64); CB = (27),(28) (ch4-sec2a.tex:122-128); both with m = average of liftoff and burnout mass (ch4-sec2a.tex:25-26) and F = average thrust I_t/t_b (ch4-sec2a.tex:39,58); y_max(approx) = y_b + y_c by (67) with m_b and the approximate v_b (ch4-sec2b.tex:56-65); k_min/k_max from the key table (ch4-sec2b.tex:365-369, defined :346-353); 'twenty values of liftoff mass' per engine (ch4-sec2b.tex:314-317) not listed (range = engine-alone mass to max m_o of the Fig 10-14 captions, spacing unknown); percent error = 100(approx - exact)/exact is not stated (inferred: it reproduces Fig 6); g not stated in Ch.4 (9.8 m/s^2 per the 1973 Ch.1 text quoted at ch1-sec2a.tex:476-477)","Percent error in y_b (y title) ; y ticks -15 to 15 step 5 (labelled -15, -10, -5, 0, 5, 10, 15) ; m_o (kg) ; x ticks .03-.13 step .02, minor at the even .01s ; k_{\max} (two leaders, near .065) ; k_{\min} (two leaders, near .045) ; legend: solid line 'Fehskens-Malewicki' ; dashed line 'Caporaso-Bengen' (upper right)","caption ch4-sec2b.tex:437 ; collective: ch4-sec2b.tex:320-330 (percentage errors 'shown in the accompanying graphs, Figures 5 through 9'; accuracy claims: 'well within the limits', max error < 10% total-impulse scatter) ; ch4-sec2b.tex:343-355 (unnumbered collective caption: errors in v_b, y_b, y_max; two k values 'referred to as k_min in the figures' / 'k_max in the figures' :348-351) ; key table ch4-sec2b.tex:356-372 ; 'Figures 5.5-5.9' legend line with ednote ch4-sec2b.tex:336-340","Figs 5-9 share one template (15 panels): open frame (left and bottom axes), y range -15..15 step 5, a thin solid horizontal zero line across the plot, 4 curves (solid = Fehskens-Malewicki, dashed = Caporaso-Bengen, each for k_min and k_max), the words k_max and k_min each with a forked pair of leader lines (one to the solid, one to the dashed curve of that k), and a two-line legend block with line samples. Only the x range, the y-title quantity and the legend position change. STYLE.md:352: the capital-looking K of k_max/k_min and the m_o subscript o stay as in the list (k, m_o). This panel: legend upper right; errors to ~-12% exceed the text's 10% claim."
ch4-fig07c,ch4:fig:7c,chapters/ch4-sec2b.tex:443,none (panel (c) of Figure 7; \figurepanel{c}),graph,digitize,todo,M,"4 curves + zero line, x .03-.13: two FM solids both ~+1 at .032, ~-0.5 at .065, ending ~-2 (k_max, by elimination) and ~-3.2 (k_min, leader at .10) at .125 ; CB k_max dashed ~-1.3 at .032, ~-4 at .06, ~-9 at .125 ; CB k_min dashed ~-5 at .032, ~-6.3 at .05, ~-5.5 at .125 (dashed curves cross near .08)","digitize: the D4 engine model is not in the book - available: t_b = 2.90 s ch4-sec3.tex:201, engine-alone mass 0.032 kg ch4-sec3.tex:199 (:147-148), max m_o 0.125 kg (Fig 12 (c) ch4-sec3.tex:200), casing 21 mm, k_min = .00007, k_max = .0027 ch4-sec2b.tex:367 ; missing: I_t, F_m, F_s, t_m, t_s (thrust curve), propellant mass m_f (or I_sp), the 20 m_o points ; method as for Fig 5: exact = second interval method (83)-(87) (ch4-sec2b.tex:281-287), dt = 0.001 s, 'variable mass-time and thrust-time functions', IBM 360/65 (ch4-sec2b.tex:308-320), thrust/mass functions (73)-(74) with c = g I_sp (68)-(69) (ch4-sec2b.tex:101-110,169-192); coast 'entirely analogous' (ch4-sec2b.tex:301-303) at constant burnout mass (ch4-sec2b.tex:26-30,266-270); FM = (20),(21) (ch4-sec2a.tex:55-64); CB = (27),(28) (ch4-sec2a.tex:122-128); both with m = average of liftoff and burnout mass (ch4-sec2a.tex:25-26) and F = average thrust I_t/t_b (ch4-sec2a.tex:39,58); y_max(approx) = y_b + y_c by (67) with m_b and the approximate v_b (ch4-sec2b.tex:56-65); k_min/k_max from the key table (ch4-sec2b.tex:365-369, defined :346-353); 'twenty values of liftoff mass' per engine (ch4-sec2b.tex:314-317) not listed (range = engine-alone mass to max m_o of the Fig 10-14 captions, spacing unknown); percent error = 100(approx - exact)/exact is not stated (inferred: it reproduces Fig 6); g not stated in Ch.4 (9.8 m/s^2 per the 1973 Ch.1 text quoted at ch1-sec2a.tex:476-477)","Percent error in y_{\max} (y title) ; y ticks -15 to 15 step 5 (labelled -15, -10, -5, 0, 5, 10, 15) ; m_o (kg) ; x ticks .03-.13 step .02, minor at the even .01s ; k_{\max} (two leaders, near .06) ; k_{\min} (two leaders, near .10) ; legend: solid line 'Fehskens-Malewicki' ; dashed line 'Caporaso-Bengen' (upper right)","caption ch4-sec2b.tex:445 ; collective: ch4-sec2b.tex:320-330 (percentage errors 'shown in the accompanying graphs, Figures 5 through 9'; accuracy claims: 'well within the limits', max error < 10% total-impulse scatter) ; ch4-sec2b.tex:343-355 (unnumbered collective caption: errors in v_b, y_b, y_max; two k values 'referred to as k_min in the figures' / 'k_max in the figures' :348-351) ; key table ch4-sec2b.tex:356-372 ; 'Figures 5.5-5.9' legend line with ednote ch4-sec2b.tex:336-340","Figs 5-9 share one template (15 panels): open frame (left and bottom axes), y range -15..15 step 5, a thin solid horizontal zero line across the plot, 4 curves (solid = Fehskens-Malewicki, dashed = Caporaso-Bengen, each for k_min and k_max), the words k_max and k_min each with a forked pair of leader lines (one to the solid, one to the dashed curve of that k), and a two-line legend block with line samples. Only the x range, the y-title quantity and the legend position change. STYLE.md:352: the capital-looking K of k_max/k_min and the m_o subscript o stay as in the list (k, m_o). This panel: the k_max leader to the FM pair is ambiguous (the two solids are close); the zero line is drawn slightly tilted (rises to ~+0.5 at the right end) - a drafting slip, draw it level. Crop tightened by hand for a speck (manifest)."
ch4-fig08a,ch4:fig:8a,chapters/ch4-sec2b.tex:451,none (panel (a) of Figure 8; \figurepanel{a}),graph,digitize,todo,M,"4 curves + thin zero line, x .10-.50 (curves ~.115-.45): FM k_max solid off-scale below ~.21, ~10 at .25, ~4.3 at .45 ; CB k_max dashed off-scale below ~.18, 0 at ~.27, ~-1.8 at .45 ; FM k_min solid ~8.3 at .115, ~5.3 at .16, drop to ~2.2 by .18, ~2.5 at .45 ; CB k_min dashed ~3.3 at .115, ~3.1 at .16, drop to ~0.2 by .18, ~2 at .45","digitize: the F100 engine model is not in the book - available: t_b = 0.50 s ch4-sec3.tex:211, engine-alone mass 0.110 kg ch4-sec3.tex:209, max m_o 0.453 kg (legal limit) ch4-sec3.tex:152-154,210, casing 27 mm, k_min = .00012, k_max = .0045 ch4-sec2b.tex:368 ; missing: I_t, F_m, F_s, t_m, t_s, propellant mass, the 20 m_o points, AND the transonic drag model evidently used in the 'exact' k_min runs below m_o = 0.17 kg (caption ch4-sec2b.tex:454-455; the k_min curves kink at .17) - Ch.4 treats k as constant ; method as for Fig 5: exact = second interval method (83)-(87) (ch4-sec2b.tex:281-287), dt = 0.001 s, 'variable mass-time and thrust-time functions', IBM 360/65 (ch4-sec2b.tex:308-320), thrust/mass functions (73)-(74) with c = g I_sp (68)-(69) (ch4-sec2b.tex:101-110,169-192); coast 'entirely analogous' (ch4-sec2b.tex:301-303) at constant burnout mass (ch4-sec2b.tex:26-30,266-270); FM = (20),(21) (ch4-sec2a.tex:55-64); CB = (27),(28) (ch4-sec2a.tex:122-128); both with m = average of liftoff and burnout mass (ch4-sec2a.tex:25-26) and F = average thrust I_t/t_b (ch4-sec2a.tex:39,58); y_max(approx) = y_b + y_c by (67) with m_b and the approximate v_b (ch4-sec2b.tex:56-65); k_min/k_max from the key table (ch4-sec2b.tex:365-369, defined :346-353); 'twenty values of liftoff mass' per engine (ch4-sec2b.tex:314-317) not listed (range = engine-alone mass to max m_o of the Fig 10-14 captions, spacing unknown); percent error = 100(approx - exact)/exact is not stated (inferred: it reproduces Fig 6); g not stated in Ch.4 (9.8 m/s^2 per the 1973 Ch.1 text quoted at ch1-sec2a.tex:476-477)","Percent error in v_b (y title) ; y ticks -15 to 15 step 5 (labelled -15, -10, -5, 0, 5, 10, 15) ; m_o (kg) ; x ticks .10-.50 step .10, minor at the .05s ; k_{\max} (two leaders) ; k_{\min} (two leaders) ; legend: solid line 'Fehskens-Malewicki' ; dashed line 'Caporaso-Bengen' (lower right)","caption ch4-sec2b.tex:453-455 (transonic drag divergence, m_o < 0.17 kg, k_min) ; key-table row 8 / F100 ch4-sec2b.tex:368 ; collective: ch4-sec2b.tex:320-330 (percentage errors 'shown in the accompanying graphs, Figures 5 through 9'; accuracy claims: 'well within the limits', max error < 10% total-impulse scatter) ; ch4-sec2b.tex:343-355 (unnumbered collective caption: errors in v_b, y_b, y_max; two k values 'referred to as k_min in the figures' / 'k_max in the figures' :348-351) ; key table ch4-sec2b.tex:356-372 ; 'Figures 5.5-5.9' legend line with ednote ch4-sec2b.tex:336-340","Figs 5-9 share one template (15 panels): open frame (left and bottom axes), y range -15..15 step 5, a thin solid horizontal zero line across the plot, 4 curves (solid = Fehskens-Malewicki, dashed = Caporaso-Bengen, each for k_min and k_max), the words k_max and k_min each with a forked pair of leader lines (one to the solid, one to the dashed curve of that k), and a two-line legend block with line samples. Only the x range, the y-title quantity and the legend position change. STYLE.md:352: the capital-looking K of k_max/k_min and the m_o subscript o stay as in the list (k, m_o). The k_min curves change abruptly at m_o = 0.17 kg (caption: additional error from transonic drag divergence for m_o < 0.17 kg in the k_min cases) and are drawn as near-straight segments below it; keep the kink. Legend lower right; two k_max curves leave the top of the frame."
ch4-fig08b,ch4:fig:8b,chapters/ch4-sec2b.tex:461,none (panel (b) of Figure 8; \figurepanel{b}),graph,digitize,todo,M,"4 curves + thin zero line, x .10-.50: FM k_min solid ~14.5 at .11 straight to ~10 at .165 ; FM k_max solid ~12.2 at .11 straight to ~10.2 at .165 ; the two FM curves then coincide ~10 at .17 -> ~7.5 at .45 ; CB k_min dashed ~11.5 at .11, ~9 at .17, merging with the solids ~7.6 at .45 ; CB k_max dashed ~6 at .11, ~2.7 at .16, min ~2 at ~.22, ~4 at .45","digitize: the F100 engine model is not in the book - available: t_b = 0.50 s ch4-sec3.tex:211, engine-alone mass 0.110 kg ch4-sec3.tex:209, max m_o 0.453 kg (legal limit) ch4-sec3.tex:152-154,210, casing 27 mm, k_min = .00012, k_max = .0045 ch4-sec2b.tex:368 ; missing: I_t, F_m, F_s, t_m, t_s, propellant mass, the 20 m_o points, AND the transonic drag model evidently used in the 'exact' k_min runs below m_o = 0.17 kg (caption ch4-sec2b.tex:454-455; the k_min curves kink at .17) - Ch.4 treats k as constant ; method as for Fig 5: exact = second interval method (83)-(87) (ch4-sec2b.tex:281-287), dt = 0.001 s, 'variable mass-time and thrust-time functions', IBM 360/65 (ch4-sec2b.tex:308-320), thrust/mass functions (73)-(74) with c = g I_sp (68)-(69) (ch4-sec2b.tex:101-110,169-192); coast 'entirely analogous' (ch4-sec2b.tex:301-303) at constant burnout mass (ch4-sec2b.tex:26-30,266-270); FM = (20),(21) (ch4-sec2a.tex:55-64); CB = (27),(28) (ch4-sec2a.tex:122-128); both with m = average of liftoff and burnout mass (ch4-sec2a.tex:25-26) and F = average thrust I_t/t_b (ch4-sec2a.tex:39,58); y_max(approx) = y_b + y_c by (67) with m_b and the approximate v_b (ch4-sec2b.tex:56-65); k_min/k_max from the key table (ch4-sec2b.tex:365-369, defined :346-353); 'twenty values of liftoff mass' per engine (ch4-sec2b.tex:314-317) not listed (range = engine-alone mass to max m_o of the Fig 10-14 captions, spacing unknown); percent error = 100(approx - exact)/exact is not stated (inferred: it reproduces Fig 6); g not stated in Ch.4 (9.8 m/s^2 per the 1973 Ch.1 text quoted at ch1-sec2a.tex:476-477)","Percent error in y_b (y title) ; y ticks -15 to 15 step 5 (labelled -15, -10, -5, 0, 5, 10, 15) ; m_o (kg) ; x ticks .10-.50 step .10, minor at .05s ; k_{\min} (two leaders, top) ; k_{\max} (two leaders) ; legend: solid line 'Fehskens-Malewicki' ; dashed line 'Caporaso-Bengen' (lower right)","caption ch4-sec2b.tex:463-465 ; collective: ch4-sec2b.tex:320-330 (percentage errors 'shown in the accompanying graphs, Figures 5 through 9'; accuracy claims: 'well within the limits', max error < 10% total-impulse scatter) ; ch4-sec2b.tex:343-355 (unnumbered collective caption: errors in v_b, y_b, y_max; two k values 'referred to as k_min in the figures' / 'k_max in the figures' :348-351) ; key table ch4-sec2b.tex:356-372 ; 'Figures 5.5-5.9' legend line with ednote ch4-sec2b.tex:336-340","Figs 5-9 share one template (15 panels): open frame (left and bottom axes), y range -15..15 step 5, a thin solid horizontal zero line across the plot, 4 curves (solid = Fehskens-Malewicki, dashed = Caporaso-Bengen, each for k_min and k_max), the words k_max and k_min each with a forked pair of leader lines (one to the solid, one to the dashed curve of that k), and a two-line legend block with line samples. Only the x range, the y-title quantity and the legend position change. STYLE.md:352: the capital-looking K of k_max/k_min and the m_o subscript o stay as in the list (k, m_o). The k_min curves change abruptly at m_o = 0.17 kg (caption: additional error from transonic drag divergence for m_o < 0.17 kg in the k_min cases) and are drawn as near-straight segments below it; keep the kink. Leader identification (k_min -> top solid and upper dashed; k_max -> second solid and lower dashed) needs care: the lines crowd at .11-.17. Errors to ~14.5% contradict the text's 10% claim."
ch4-fig08c,ch4:fig:8c,chapters/ch4-sec2b.tex:471,none (panel (c) of Figure 8; \figurepanel{c}),graph,digitize,todo,M,"4 curves + thin zero line, x .10-.50: FM k_max solid ~14.2 at .11, ~7.5 at .24, ~4 at .45 ; FM k_min solid ~11.5 at .11, steep to ~2.3 at .17, ~4 at .45 ; CB k_min dashed ~9.8 at .11, steep to ~1 at .17, ~3.5 at .45 ; CB k_max dashed ~8.8 at .11, ~3.8 at .23, 0 at ~.33, ~-0.2 at .45","digitize: the F100 engine model is not in the book - available: t_b = 0.50 s ch4-sec3.tex:211, engine-alone mass 0.110 kg ch4-sec3.tex:209, max m_o 0.453 kg (legal limit) ch4-sec3.tex:152-154,210, casing 27 mm, k_min = .00012, k_max = .0045 ch4-sec2b.tex:368 ; missing: I_t, F_m, F_s, t_m, t_s, propellant mass, the 20 m_o points, AND the transonic drag model evidently used in the 'exact' k_min runs below m_o = 0.17 kg (caption ch4-sec2b.tex:454-455; the k_min curves kink at .17) - Ch.4 treats k as constant ; method as for Fig 5: exact = second interval method (83)-(87) (ch4-sec2b.tex:281-287), dt = 0.001 s, 'variable mass-time and thrust-time functions', IBM 360/65 (ch4-sec2b.tex:308-320), thrust/mass functions (73)-(74) with c = g I_sp (68)-(69) (ch4-sec2b.tex:101-110,169-192); coast 'entirely analogous' (ch4-sec2b.tex:301-303) at constant burnout mass (ch4-sec2b.tex:26-30,266-270); FM = (20),(21) (ch4-sec2a.tex:55-64); CB = (27),(28) (ch4-sec2a.tex:122-128); both with m = average of liftoff and burnout mass (ch4-sec2a.tex:25-26) and F = average thrust I_t/t_b (ch4-sec2a.tex:39,58); y_max(approx) = y_b + y_c by (67) with m_b and the approximate v_b (ch4-sec2b.tex:56-65); k_min/k_max from the key table (ch4-sec2b.tex:365-369, defined :346-353); 'twenty values of liftoff mass' per engine (ch4-sec2b.tex:314-317) not listed (range = engine-alone mass to max m_o of the Fig 10-14 captions, spacing unknown); percent error = 100(approx - exact)/exact is not stated (inferred: it reproduces Fig 6); g not stated in Ch.4 (9.8 m/s^2 per the 1973 Ch.1 text quoted at ch1-sec2a.tex:476-477)","Percent error in y_{\max} (y title) ; y ticks -15 to 15 step 5 (labelled -15, -10, -5, 0, 5, 10, 15) ; m_o (kg) ; x ticks .10-.50 step .10, minor at .05s ; k_{\max} (two leaders) ; k_{\min} (two leaders) ; legend: solid line 'Fehskens-Malewicki' ; dashed line 'Caporaso-Bengen' (lower right)","caption ch4-sec2b.tex:473-475 ; collective: ch4-sec2b.tex:320-330 (percentage errors 'shown in the accompanying graphs, Figures 5 through 9'; accuracy claims: 'well within the limits', max error < 10% total-impulse scatter) ; ch4-sec2b.tex:343-355 (unnumbered collective caption: errors in v_b, y_b, y_max; two k values 'referred to as k_min in the figures' / 'k_max in the figures' :348-351) ; key table ch4-sec2b.tex:356-372 ; 'Figures 5.5-5.9' legend line with ednote ch4-sec2b.tex:336-340","Figs 5-9 share one template (15 panels): open frame (left and bottom axes), y range -15..15 step 5, a thin solid horizontal zero line across the plot, 4 curves (solid = Fehskens-Malewicki, dashed = Caporaso-Bengen, each for k_min and k_max), the words k_max and k_min each with a forked pair of leader lines (one to the solid, one to the dashed curve of that k), and a two-line legend block with line samples. Only the x range, the y-title quantity and the legend position change. STYLE.md:352: the capital-looking K of k_max/k_min and the m_o subscript o stay as in the list (k, m_o). The k_min curves change abruptly at m_o = 0.17 kg (caption: additional error from transonic drag divergence for m_o < 0.17 kg in the k_min cases) and are drawn as near-straight segments below it; keep the kink. Legend lower right. Crop tightened by hand for a speck (manifest)."
ch4-fig09a,ch4:fig:9a,chapters/ch4-sec2b.tex:481,none (panel (a) of Figure 9; \figurepanel{a}),graph,digitize,todo,M,"4 curves + thin zero line, x .10-.30 (curves ~.11-.30): FM k_max solid ~2 at .11, ~3.3 at .30 ; CB k_max dashed ~1.7 at .11, ~0.8 at .30 ; FM k_min solid ~1.9 at .11, ~0.3 at .30 ; CB k_min dashed ~-3.3 at .11, min ~-7 at ~.20, ~-5 at .30","digitize: the F7 engine model is not in the book - available: t_b = 9.00 s ch4-sec3.tex:222, 'low thrust' ch4-sec3.tex:160, engine-alone mass 0.110 kg ch4-sec3.tex:219, max m_o 0.300 kg (Fig 14 (c) ch4-sec3.tex:220), casing 27 mm, k_min = .00012, k_max = .0045 ch4-sec2b.tex:369 ; missing: I_t, F_m, F_s, t_m, t_s, propellant mass, the 20 m_o points ; method as for Fig 5: exact = second interval method (83)-(87) (ch4-sec2b.tex:281-287), dt = 0.001 s, 'variable mass-time and thrust-time functions', IBM 360/65 (ch4-sec2b.tex:308-320), thrust/mass functions (73)-(74) with c = g I_sp (68)-(69) (ch4-sec2b.tex:101-110,169-192); coast 'entirely analogous' (ch4-sec2b.tex:301-303) at constant burnout mass (ch4-sec2b.tex:26-30,266-270); FM = (20),(21) (ch4-sec2a.tex:55-64); CB = (27),(28) (ch4-sec2a.tex:122-128); both with m = average of liftoff and burnout mass (ch4-sec2a.tex:25-26) and F = average thrust I_t/t_b (ch4-sec2a.tex:39,58); y_max(approx) = y_b + y_c by (67) with m_b and the approximate v_b (ch4-sec2b.tex:56-65); k_min/k_max from the key table (ch4-sec2b.tex:365-369, defined :346-353); 'twenty values of liftoff mass' per engine (ch4-sec2b.tex:314-317) not listed (range = engine-alone mass to max m_o of the Fig 10-14 captions, spacing unknown); percent error = 100(approx - exact)/exact is not stated (inferred: it reproduces Fig 6); g not stated in Ch.4 (9.8 m/s^2 per the 1973 Ch.1 text quoted at ch1-sec2a.tex:476-477)","Percent error in v_b (y title) ; y ticks -15 to 15 step 5 (labelled -15, -10, -5, 0, 5, 10, 15) ; m_o (kg) ; x ticks .10-.30 step .05 labelled, minor at the midpoints (.125 ...) ; k_{\max} (two leaders) ; k_{\min} (two leaders) ; legend: solid line 'Fehskens-Malewicki' ; dashed line 'Caporaso-Bengen' (upper right)","caption ch4-sec2b.tex:483 ; key-table row 9 / F7 ch4-sec2b.tex:369 ; collective: ch4-sec2b.tex:320-330 (percentage errors 'shown in the accompanying graphs, Figures 5 through 9'; accuracy claims: 'well within the limits', max error < 10% total-impulse scatter) ; ch4-sec2b.tex:343-355 (unnumbered collective caption: errors in v_b, y_b, y_max; two k values 'referred to as k_min in the figures' / 'k_max in the figures' :348-351) ; key table ch4-sec2b.tex:356-372 ; 'Figures 5.5-5.9' legend line with ednote ch4-sec2b.tex:336-340","Figs 5-9 share one template (15 panels): open frame (left and bottom axes), y range -15..15 step 5, a thin solid horizontal zero line across the plot, 4 curves (solid = Fehskens-Malewicki, dashed = Caporaso-Bengen, each for k_min and k_max), the words k_max and k_min each with a forked pair of leader lines (one to the solid, one to the dashed curve of that k), and a two-line legend block with line samples. Only the x range, the y-title quantity and the legend position change. STYLE.md:352: the capital-looking K of k_max/k_min and the m_o subscript o stay as in the list (k, m_o). This panel: legend upper right."
ch4-fig09b,ch4:fig:9b,chapters/ch4-sec2b.tex:489,none (panel (b) of Figure 9; \figurepanel{b}),graph,digitize,todo,M,"4 curves + thin zero line, x .10-.30: FM k_max solid ~0.2 at .11, ~-2.9 at .30 ; FM k_min solid ~1 at .11, 0 at ~.13, ~-6.3 at .30 ; CB k_max dashed ~-1.8 at .11, ~-8 at .30 ; CB k_min dashed ~-5.8 at .11, ~-9 at .30","digitize: the F7 engine model is not in the book - available: t_b = 9.00 s ch4-sec3.tex:222, 'low thrust' ch4-sec3.tex:160, engine-alone mass 0.110 kg ch4-sec3.tex:219, max m_o 0.300 kg (Fig 14 (c) ch4-sec3.tex:220), casing 27 mm, k_min = .00012, k_max = .0045 ch4-sec2b.tex:369 ; missing: I_t, F_m, F_s, t_m, t_s, propellant mass, the 20 m_o points ; method as for Fig 5: exact = second interval method (83)-(87) (ch4-sec2b.tex:281-287), dt = 0.001 s, 'variable mass-time and thrust-time functions', IBM 360/65 (ch4-sec2b.tex:308-320), thrust/mass functions (73)-(74) with c = g I_sp (68)-(69) (ch4-sec2b.tex:101-110,169-192); coast 'entirely analogous' (ch4-sec2b.tex:301-303) at constant burnout mass (ch4-sec2b.tex:26-30,266-270); FM = (20),(21) (ch4-sec2a.tex:55-64); CB = (27),(28) (ch4-sec2a.tex:122-128); both with m = average of liftoff and burnout mass (ch4-sec2a.tex:25-26) and F = average thrust I_t/t_b (ch4-sec2a.tex:39,58); y_max(approx) = y_b + y_c by (67) with m_b and the approximate v_b (ch4-sec2b.tex:56-65); k_min/k_max from the key table (ch4-sec2b.tex:365-369, defined :346-353); 'twenty values of liftoff mass' per engine (ch4-sec2b.tex:314-317) not listed (range = engine-alone mass to max m_o of the Fig 10-14 captions, spacing unknown); percent error = 100(approx - exact)/exact is not stated (inferred: it reproduces Fig 6); g not stated in Ch.4 (9.8 m/s^2 per the 1973 Ch.1 text quoted at ch1-sec2a.tex:476-477)","Percent error in y_b (y title) ; y ticks -15 to 15 step 5 (labelled -15, -10, -5, 0, 5, 10, 15) ; m_o (kg) ; x ticks .10-.30 step .05, minor at midpoints ; k_{\max} (two leaders, near .25) ; k_{\min} (two leaders, near .15) ; legend: solid line 'Fehskens-Malewicki' ; dashed line 'Caporaso-Bengen' (upper right)","caption ch4-sec2b.tex:491 ; collective: ch4-sec2b.tex:320-330 (percentage errors 'shown in the accompanying graphs, Figures 5 through 9'; accuracy claims: 'well within the limits', max error < 10% total-impulse scatter) ; ch4-sec2b.tex:343-355 (unnumbered collective caption: errors in v_b, y_b, y_max; two k values 'referred to as k_min in the figures' / 'k_max in the figures' :348-351) ; key table ch4-sec2b.tex:356-372 ; 'Figures 5.5-5.9' legend line with ednote ch4-sec2b.tex:336-340","Figs 5-9 share one template (15 panels): open frame (left and bottom axes), y range -15..15 step 5, a thin solid horizontal zero line across the plot, 4 curves (solid = Fehskens-Malewicki, dashed = Caporaso-Bengen, each for k_min and k_max), the words k_max and k_min each with a forked pair of leader lines (one to the solid, one to the dashed curve of that k), and a two-line legend block with line samples. Only the x range, the y-title quantity and the legend position change. STYLE.md:352: the capital-looking K of k_max/k_min and the m_o subscript o stay as in the list (k, m_o). A stray mark (comma-like) sits left of the y title near 'error' - scan dirt, ignore."
ch4-fig09c,ch4:fig:9c,chapters/ch4-sec2b.tex:497,none (panel (c) of Figure 9; \figurepanel{c}),graph,digitize,todo,M,"4 curves + thin zero line, x .10-.30: FM k_max solid ~0.2 at .11, ~-2.2 at .30 ; FM k_min solid ~1.2 at .11, ~-3.4 at .30 (the two FM solids cross near .15) ; CB k_max dashed ~-1.4 at .11, ~-7.2 at .30 ; CB k_min dashed ~-4.8 at .11, ~-8.8 at .30","digitize: the F7 engine model is not in the book - available: t_b = 9.00 s ch4-sec3.tex:222, 'low thrust' ch4-sec3.tex:160, engine-alone mass 0.110 kg ch4-sec3.tex:219, max m_o 0.300 kg (Fig 14 (c) ch4-sec3.tex:220), casing 27 mm, k_min = .00012, k_max = .0045 ch4-sec2b.tex:369 ; missing: I_t, F_m, F_s, t_m, t_s, propellant mass, the 20 m_o points ; method as for Fig 5: exact = second interval method (83)-(87) (ch4-sec2b.tex:281-287), dt = 0.001 s, 'variable mass-time and thrust-time functions', IBM 360/65 (ch4-sec2b.tex:308-320), thrust/mass functions (73)-(74) with c = g I_sp (68)-(69) (ch4-sec2b.tex:101-110,169-192); coast 'entirely analogous' (ch4-sec2b.tex:301-303) at constant burnout mass (ch4-sec2b.tex:26-30,266-270); FM = (20),(21) (ch4-sec2a.tex:55-64); CB = (27),(28) (ch4-sec2a.tex:122-128); both with m = average of liftoff and burnout mass (ch4-sec2a.tex:25-26) and F = average thrust I_t/t_b (ch4-sec2a.tex:39,58); y_max(approx) = y_b + y_c by (67) with m_b and the approximate v_b (ch4-sec2b.tex:56-65); k_min/k_max from the key table (ch4-sec2b.tex:365-369, defined :346-353); 'twenty values of liftoff mass' per engine (ch4-sec2b.tex:314-317) not listed (range = engine-alone mass to max m_o of the Fig 10-14 captions, spacing unknown); percent error = 100(approx - exact)/exact is not stated (inferred: it reproduces Fig 6); g not stated in Ch.4 (9.8 m/s^2 per the 1973 Ch.1 text quoted at ch1-sec2a.tex:476-477)","Percent error in y_{\max} (y title) ; y ticks -15 to 15 step 5 (labelled -15, -10, -5, 0, 5, 10, 15) ; m_o (kg) ; x ticks .10-.30 step .05, minor at midpoints ; k_{\max} (two leaders, near .14) ; k_{\min} (two leaders, near .285) ; legend: solid line 'Fehskens-Malewicki' ; dashed line 'Caporaso-Bengen' (upper right)","caption ch4-sec2b.tex:499 ; collective: ch4-sec2b.tex:320-330 (percentage errors 'shown in the accompanying graphs, Figures 5 through 9'; accuracy claims: 'well within the limits', max error < 10% total-impulse scatter) ; ch4-sec2b.tex:343-355 (unnumbered collective caption: errors in v_b, y_b, y_max; two k values 'referred to as k_min in the figures' / 'k_max in the figures' :348-351) ; key table ch4-sec2b.tex:356-372 ; 'Figures 5.5-5.9' legend line with ednote ch4-sec2b.tex:336-340","Figs 5-9 share one template (15 panels): open frame (left and bottom axes), y range -15..15 step 5, a thin solid horizontal zero line across the plot, 4 curves (solid = Fehskens-Malewicki, dashed = Caporaso-Bengen, each for k_min and k_max), the words k_max and k_min each with a forked pair of leader lines (one to the solid, one to the dashed curve of that k), and a two-line legend block with line samples. Only the x range, the y-title quantity and the legend position change. STYLE.md:352: the capital-looking K of k_max/k_min and the m_o subscript o stay as in the list (k, m_o). This panel: legend upper right."
ch4-fig10,ch4:fig:10,chapters/ch4-sec3.tex:175,none (three curves (a)-(c) in one plot),graph,compute+compute-partial+digitize,todo,M,"3 solid trajectories y vs x, no grid: (a) m_o .020, k .00005: apex ~(305, 400) m at 6.80 s, impact ~465 m at 18.25 s ; (b) m_o .050, k .00012: apex ~(185, 200) at 5.80, impact ~325 at 12.90 ; (c) m_o .140, k .002: apex ~(28, 27) at 2.40, impact ~48 at 4.90","compute-partial: 2-D method = second numerical method (106)-(115) (ch4-sec3.tex:78-91; stated ch4-sec3.tex:131-132) with launch-rod phase (125)-(131) (ch4-sec3.tex:109-119) for 'the first meter or so' (ch4-sec3.tex:93-96), dt = .001 s (ch4-sec3.tex:124-125), theta_o = 30 deg for all cases (ch4-sec3.tex:139-143), coast by the same equations with F = 0 and constant burnout mass (ch4-sec3.tex:121-123), continued to ground impact with no recovery (ch4-sec3.tex:164-166); case definitions ch4-sec3.tex:145-154 (best: m_o = engine alone, k for C_D ~0.3; typical: both 'slightly more than doubled'; worst: max m_o, k ~40x) ; params: B14 triangle F_m = 28.6 N, F_s = 0, t_s = t_b ch4-sec2b.tex:201-205 ; t_b = 0.35 s and the three (m_o, k) cases with check values x_b/y_b = 23/40, 9/15, 3/5 m in the caption ch4-sec3.tex:176-181 ; missing: B14 t_m (peak time) and propellant mass m_f ; test: t_m = 0.15 s, m_f = 6 g reproduces the printed apex/impact times within 0.1 s and positions within ~5% (x_b/y_b (a) 24.8/42.2 vs 23/40), but these are fitted, not given - digitize, or compute with fitted values if a recomputed figure is acceptable","y (m) (y title) ; y ticks 0-400 step 100 ; x (m) (x title) ; x ticks 0-600 step 100 ; circled (a), (b), (c) ; time labels 6.80, 18.25 (a) ; 5.80, 12.90 (b) ; 2.40, 4.90 (c)","caption ch4-sec3.tex:176-181 (curves (a)-(c), x_b, y_b, burn time, 'The time of flight apex, and the time of predicted impact ... are marked on the curves') ; 'results ... displayed in Figures 10 through 14'; burning-phase curvature grows with burn time ch4-sec3.tex:156-160 ; trajectories continued to impact; 'Times in seconds from launch have been marked on the curves' ch4-sec3.tex:164-168 ; shape above the burnout points, loss of symmetry, 'humped over', asymmetry grows with k/m_b ch4-sec3.tex:276-291","Figs 10-14 share one template: open frame (left and bottom axes), equal-looking x and y scales, three solid trajectories from the origin labelled with circled (a), (b), (c), and short leader lines to time labels (seconds, two decimals) at each apex and ground impact. No grid, no burnout markers: the burnout points (x_b, y_b in the captions) are not drawn - the text refers to 'the portions of the curves ... above the burnout points' (ch4-sec3.tex:278-279), so a redraw could add burnout dots (editorial decision). Only Fig 10's caption says what the marked times are (apex and impact); Figs 11-14 follow the same convention."
ch4-fig11,ch4:fig:11,chapters/ch4-sec3.tex:187,none (three curves (a)-(c) in one plot),graph,compute+digitize,todo,M,"3 solid trajectories, no grid: (a) m_o .021, k .00005: apex ~(265, 368) m at 5.60 s, impact ~348 m at 16.70 s ; (b) m_o .050, k .00012: apex ~(215, 198) at 6.20, impact ~330 at 14.30 ; (c) m_o .100, k .002: apex ~(38, 32) at 2.80, impact ~63 at 5.70","compute: 2-D method = second numerical method (106)-(115) (ch4-sec3.tex:78-91; stated ch4-sec3.tex:131-132) with launch-rod phase (125)-(131) (ch4-sec3.tex:109-119) for 'the first meter or so' (ch4-sec3.tex:93-96), dt = .001 s (ch4-sec3.tex:124-125), theta_o = 30 deg for all cases (ch4-sec3.tex:139-143), coast by the same equations with F = 0 and constant burnout mass (ch4-sec3.tex:121-123), continued to ground impact with no recovery (ch4-sec3.tex:164-166); case definitions ch4-sec3.tex:145-154 (best: m_o = engine alone, k for C_D ~0.3; typical: both 'slightly more than doubled'; worst: max m_o, k ~40x) ; params: B4 from the Fig 4 lettering (I_t 5.0, F_m 13.0, F_s 3.5, t_m 0.14, t_s 0.22, t_b 1.20; figures/ch4/fig04.png) ; m_f = 8.33 g Table 1 ch4-sec4.tex:481 ; cases and x_b/y_b = 82/131, 35/51, 15/19 m in the caption ch4-sec3.tex:188-191 ; CAUTION: a recomputation (rod 1 m, c = I_t/m_f, g = 9.8) gives x_b/y_b 81.5/131.0, 34.7/51.2, 15.1/18.7 (all three match) and curve (c) exactly (apex 2.72 s, impact 63 m at 5.70 s), but NOT the printed coast of (a) and (b): computed (a) apex (338, 418) m at 7.07 s, impact 487 m at 19.2 s; (b) apex (207, 194) at 6.02 s, impact 348 m at 13.1 s ; the same code reproduces Table 2 and Fig 16 in the vertical limit, so the printed (a)/(b) post-burnout paths are inconsistent with the book's own data - decide digitize (fidelity) vs recompute (correct)","y (m) ; y ticks 0-400 step 100 ; x (m) ; x ticks 0-600 step 100 ; circled (a), (b), (c) ; time labels 5.60, 16.70 (a) ; 6.20, 14.30 (b) ; 2.80, 5.70 (c)","caption ch4-sec3.tex:188-191 ; 'results ... displayed in Figures 10 through 14'; burning-phase curvature grows with burn time ch4-sec3.tex:156-160 ; trajectories continued to impact; 'Times in seconds from launch have been marked on the curves' ch4-sec3.tex:164-168 ; shape above the burnout points, loss of symmetry, 'humped over', asymmetry grows with k/m_b ch4-sec3.tex:276-291","Figs 10-14 share one template: open frame (left and bottom axes), equal-looking x and y scales, three solid trajectories from the origin labelled with circled (a), (b), (c), and short leader lines to time labels (seconds, two decimals) at each apex and ground impact. No grid, no burnout markers: the burnout points (x_b, y_b in the captions) are not drawn - the text refers to 'the portions of the curves ... above the burnout points' (ch4-sec3.tex:278-279), so a redraw could add burnout dots (editorial decision). Printed apex time of (a) (5.60 s) is earlier than that of (b) (6.20 s) although (a) climbs almost twice as high - part of the inconsistency above. Candidate for an ednote or a corrections/ch4.md entry."
ch4-fig12,ch4:fig:12,chapters/ch4-sec3.tex:197,none (three curves (a)-(c) in one plot),graph,digitize,todo,M,"3 solid trajectories, no grid: (a) m_o .032, k .00007: apex ~(510, 610) m at 8.20 s (just above the 600 tick), impact ~565 m at 24.48 s ; (b) m_o .065, k .00017: apex ~(355, 300) at 7.60, impact ~560 at 16.86 ; (c) m_o .125, k .0027: apex ~(65, 40) at 3.50, impact ~115 at 7.07","digitize: D4 engine model not in the book (only t_b = 2.90 s ch4-sec3.tex:201 and engine-alone mass .032 kg ch4-sec3.tex:199) ; missing: I_t, F_m, F_s, t_m, t_s, propellant mass ; method would be 2-D method = second numerical method (106)-(115) (ch4-sec3.tex:78-91; stated ch4-sec3.tex:131-132) with launch-rod phase (125)-(131) (ch4-sec3.tex:109-119) for 'the first meter or so' (ch4-sec3.tex:93-96), dt = .001 s (ch4-sec3.tex:124-125), theta_o = 30 deg for all cases (ch4-sec3.tex:139-143), coast by the same equations with F = 0 and constant burnout mass (ch4-sec3.tex:121-123), continued to ground impact with no recovery (ch4-sec3.tex:164-166); case definitions ch4-sec3.tex:145-154 (best: m_o = engine alone, k for C_D ~0.3; typical: both 'slightly more than doubled'; worst: max m_o, k ~40x) ; check values x_b/y_b = 236/342, 133/160, 57/38 m ch4-sec3.tex:199-201","y (m) ; y ticks 0-600 step 200 ; x (m) ; x ticks 0-800 step 200 ; circled (a), (b), (c) ; time labels 8.20, 24.48 (a) ; 7.60, 16.86 (b) ; 3.50, 7.07 (c)","caption ch4-sec3.tex:198-201 ; 'results ... displayed in Figures 10 through 14'; burning-phase curvature grows with burn time ch4-sec3.tex:156-160 ; trajectories continued to impact; 'Times in seconds from launch have been marked on the curves' ch4-sec3.tex:164-168 ; shape above the burnout points, loss of symmetry, 'humped over', asymmetry grows with k/m_b ch4-sec3.tex:276-291","Figs 10-14 share one template: open frame (left and bottom axes), equal-looking x and y scales, three solid trajectories from the origin labelled with circled (a), (b), (c), and short leader lines to time labels (seconds, two decimals) at each apex and ground impact. No grid, no burnout markers: the burnout points (x_b, y_b in the captions) are not drawn - the text refers to 'the portions of the curves ... above the burnout points' (ch4-sec3.tex:278-279), so a redraw could add burnout dots (editorial decision). Impacts of (a) and (b) nearly coincide (~560-565 m); their two leaders fan out from one point. Crop tightened by hand for a speck (manifest)."
ch4-fig13,ch4:fig:13,chapters/ch4-sec3.tex:207,none (three curves (a)-(c) in one plot),graph,digitize,todo,M,"3 solid trajectories, no grid: (a) m_o .110, k .00012: apex ~(630, 830) m at 9.40 s (above the 800 tick), impact ~925 m at 26.47 s ; (b) m_o .230, k .0003: apex ~(490, 575) at 9.00, impact ~785 at 21.84 ; (c) m_o .453, k .0045: apex ~(85, 105) at 3.80, impact ~135 at 9.40","digitize: F100 engine model not in the book (only t_b = 0.50 s ch4-sec3.tex:211, engine-alone mass .110 kg ch4-sec3.tex:209, max m_o .453 kg ch4-sec3.tex:152-154) ; missing: I_t, F_m, F_s, t_m, t_s, propellant mass; whether transonic drag was modelled for (a) (cf. Fig 8 caption) ; method would be 2-D method = second numerical method (106)-(115) (ch4-sec3.tex:78-91; stated ch4-sec3.tex:131-132) with launch-rod phase (125)-(131) (ch4-sec3.tex:109-119) for 'the first meter or so' (ch4-sec3.tex:93-96), dt = .001 s (ch4-sec3.tex:124-125), theta_o = 30 deg for all cases (ch4-sec3.tex:139-143), coast by the same equations with F = 0 and constant burnout mass (ch4-sec3.tex:121-123), continued to ground impact with no recovery (ch4-sec3.tex:164-166); case definitions ch4-sec3.tex:145-154 (best: m_o = engine alone, k for C_D ~0.3; typical: both 'slightly more than doubled'; worst: max m_o, k ~40x) ; check values x_b/y_b = 61/103, 28/47, 13/21 m ch4-sec3.tex:209-211","y (m) ; y ticks 0-800 step 200 ; x (m) ; x ticks 0-1200 step 200 ; circled (a), (b), (c) ; time labels 9.40, 26.47 (a) ; 9.00, 21.84 (b) ; 3.80, 9.40 (c)","caption ch4-sec3.tex:208-211 ; 'results ... displayed in Figures 10 through 14'; burning-phase curvature grows with burn time ch4-sec3.tex:156-160 ; trajectories continued to impact; 'Times in seconds from launch have been marked on the curves' ch4-sec3.tex:164-168 ; shape above the burnout points, loss of symmetry, 'humped over', asymmetry grows with k/m_b ch4-sec3.tex:276-291","Figs 10-14 share one template: open frame (left and bottom axes), equal-looking x and y scales, three solid trajectories from the origin labelled with circled (a), (b), (c), and short leader lines to time labels (seconds, two decimals) at each apex and ground impact. No grid, no burnout markers: the burnout points (x_b, y_b in the captions) are not drawn - the text refers to 'the portions of the curves ... above the burnout points' (ch4-sec3.tex:278-279), so a redraw could add burnout dots (editorial decision). Curve (a) peaks above the top tick (axis line ends at 800). The label 9.40 occurs twice (apex of (a), impact of (c))."
ch4-fig14,ch4:fig:14,chapters/ch4-sec3.tex:217,none (three curves (a)-(c) in one plot),graph,digitize,todo,M,"3 solid trajectories, no grid: (a) m_o .110, k .00012: apex ~(1560, 1350) m at 15.20 s (well above the 1200 tick), impact ~2050 m at 41.03 s ; (b) m_o .230, k .0003: apex ~(850, 330) at 10.40, impact ~1410 at 20.01 ; (c) m_o .300, k .0045: apex ~(80, 45) at 3.80, powered impact ~190 m at 6.84 s","digitize: F7 engine model not in the book (only t_b = 9.00 s ch4-sec3.tex:222, 'low thrust' ch4-sec3.tex:160, engine-alone mass .110 kg ch4-sec3.tex:219) ; missing: I_t, F_m, F_s, t_m, t_s, propellant mass ; method would be 2-D method = second numerical method (106)-(115) (ch4-sec3.tex:78-91; stated ch4-sec3.tex:131-132) with launch-rod phase (125)-(131) (ch4-sec3.tex:109-119) for 'the first meter or so' (ch4-sec3.tex:93-96), dt = .001 s (ch4-sec3.tex:124-125), theta_o = 30 deg for all cases (ch4-sec3.tex:139-143), coast by the same equations with F = 0 and constant burnout mass (ch4-sec3.tex:121-123), continued to ground impact with no recovery (ch4-sec3.tex:164-166); case definitions ch4-sec3.tex:145-154 (best: m_o = engine alone, k for C_D ~0.3; typical: both 'slightly more than doubled'; worst: max m_o, k ~40x) ; check values x_b/y_b = 1050/1079, 696/311 m and (c) impact under power at 6.84 s ch4-sec3.tex:219-222","y (m) ; y ticks 0-1200 step 400 ; x (m) ; x ticks 0-2000 step 400 ; circled (a), (b), (c) ; time labels 15.20, 41.03 (a) ; 10.40, 20.01 (b) ; 3.80, 6.84 (c)","caption ch4-sec3.tex:218-222 ((c) impacts under power at 6.84 s) ; 'power prang' of the high drag and weight case of Figure 14 ch4-sec3.tex:160-164 ; 'results ... displayed in Figures 10 through 14'; burning-phase curvature grows with burn time ch4-sec3.tex:156-160 ; trajectories continued to impact; 'Times in seconds from launch have been marked on the curves' ch4-sec3.tex:164-168 ; shape above the burnout points, loss of symmetry, 'humped over', asymmetry grows with k/m_b ch4-sec3.tex:276-291","Figs 10-14 share one template: open frame (left and bottom axes), equal-looking x and y scales, three solid trajectories from the origin labelled with circled (a), (b), (c), and short leader lines to time labels (seconds, two decimals) at each apex and ground impact. No grid, no burnout markers: the burnout points (x_b, y_b in the captions) are not drawn - the text refers to 'the portions of the curves ... above the burnout points' (ch4-sec3.tex:278-279), so a redraw could add burnout dots (editorial decision). Curve (a) rises ~150 m above the top tick (y axis line ends at 1200) - extend the axis or keep the overshoot. Curve (c) is tiny near the origin; its labels 3.80 and 6.84 sit close together."
ch4-fig15,ch4:fig:15,chapters/ch4-sec3.tex:244,"(a) lower left: rocket climbing at theta_o from vertical with g, g sin theta_o, F, F cos theta_o, v ; (b) upper right: same rocket later, nearly horizontal, with g, g sin theta, F, F cos theta, v, theta ; one crop joined by a curved flight path; circled letters in the artwork",mixed,draw,todo,M,n/a,n/a,(a): \theta_o (leader to the angle between vertical g and the flight direction) ; g ; g\sin\theta_o ; v ; F ; F\cos\theta_o ; circled (a) ; (b): F ; F\cos\theta ; g ; g\sin\theta ; \theta ; v ; circled (b),"component g sin theta_o normal to the flight direction; theta grows; vertical thrust F cos theta decreases; 'illustrated in Figure 15' ch4-sec3.tex:232-240 ; caption ch4-sec3.tex:245-251 (positions (a) and (b), angle theta_o, thrust F)","Kind = two rocket outlines + force/vector schematic along a curved path (dashed construction lines). In (b) the vector labelled g sin theta is drawn about as long as g and the small angle marked theta is between g and that vector (i.e. ~90 deg - theta of the text's definition); in (a) the construction is consistent (g sin theta_o perpendicular to the axis, dashed completion). A redraw should make the decomposition geometrically correct (editorial decision) and keep F cos theta as the vertical component. Vectors are plain letters here (no arrows over them)."
ch4-fig16,ch4:fig:16,chapters/ch4-sec5.tex:161,none,graph,compute,todo,M,"6 solid curves y_max vs m_o, one per k = .00005, .0001, .0002, .0004, .0008, .0016 kg/m, each starting at the engine-alone line (m_o ~.021) and running to .10: .00005 ~528 at .021, max ~537 at ~.025, ~455 at .04, ~100 at .10 ; .0001 ~340, max ~352 at ~.028 ; .0002 max ~232 at ~.032 ; .0004 max ~153 ; .0008 ~101 ; .0016 ~65-68 (nearly flat) ; + vertical short-dashed line 'm_o of engine alone' at ~.021 ; + long-dash 'Line of Bengen's maxima' from ~(.022, 700) through the maxima to ~(.040, 65) ; full grid: verticals every .01 kg, horizontals every 100 m","compute: vertical y_max = y_b + y_c by FM (20),(21) (ch4-sec2a.tex:55-64) + (67) (ch4-sec2b.tex:56-57), or numerically by (83)-(87) (ch4-sec2b.tex:281-287) - both agree with the print within ~2% (FM k = .0001: 342/353/328/234/151/98 m at m_o = .0213/.03/.04/.06/.08/.10) ; params: B4 from the Fig 4 lettering (I_t 5.0, F avg = I_t/t_b, t_b 1.20; for the numerical route F_m 13.0, F_s 3.5, t_m 0.14, t_s 0.22) ; m_f = 8.33 g Table 1 ch4-sec4.tex:481 ; engine-alone mass .021 kg Fig 11 caption ch4-sec3.tex:189 ; k values lettered on the curves (caption ch4-sec5.tex:163-164) ; g = 9.8 ; Bengen line = locus of dy_max/dm_o = 0 (FM gives (.025, 537), (.028, 354), (.032, 233), (.035, 154), (.037, 102), (.038, 69)); its extension to 700 m corresponds to k ~ .00003 ; missing: which method the 1973 chart used (not stated)","y_{\max} (m) (y title) ; y ticks 0-700 step 100 ; m_o (kg) (x title) ; x ticks 0-.10 step .02 (labelled 0, .02, .04, .06, .08, .10) ; curve labels .00005 ; .0001 ; .0002 ; .0004 ; .0008 ; .0016 ; 'Line of Bengen's maxima' (with leader, top) ; 'm_o of engine alone' (vertical text along the dashed line, with a short slanted leader tick)","'the sample plot presented in Figure 19' (= Fig 16, ednote) showing the optimum weight decreases as k decreases ch4-sec5.tex:24-31 ; use as a 'Malewicki chart' to locate Bengen's maximum for a given k, k in MKS ch4-sec5.tex:145-149 ; caption ch4-sec5.tex:162-169 (k values noted on the curves; Bengen's line to the right of the engine-mass line) ; charts restricted to m_o > loaded engine mass ch4-sec5.tex:83-86",Grid lines are broken where labels sit (redraw with label backgrounds). The k labels sit just right of the Bengen line above each curve. The top of the Bengen line (above the k = .00005 maximum) is an extrapolation for smaller k. Units of the k labels (kg/m) are given only in the caption. Same B4 data and script as Fig 6 and Fig 11; Table 2 row ch4-sec4.tex:553 is the regression test.
sup-ch4-fig04-1994,"ch4:fig:4 (chapters/ch4-sec2b.tex:224); supplement Part, no label (s-ch4-fig-table.tex:6, under chapter heading supp:ch4-fig4)",chapters/ch4-sec2b.tex:211 ; backmatter/supplement/s-ch4-fig-table.tex:6,none,graph,compute+digitize,todo,M,"2: Actual curve (solid; B4 thrust curve, spike ~13 N at ~0.145 s, plateau ~3.7 N, burnout 1.2 s); Approximation (dashed; piecewise-linear: 0 to 13 N at 0.14 s, down to 3.5 N at 0.22 s, flat to 1.2 s, then down to 0 along the solid burnout line)","Approximation: compute: eqs (73a)-(73c) (chapters/ch4-sec2b.tex:171-173) with $F_m = 13.0$ N, $F_s = 3.5$ N, $t_m = t_1 = 0.14$ s, $t_s = t_2 = 0.22$ s, $t_b = 1.20$ s; params: figure lettering, with t_1 = t_m and t_2 = t_s per caption ch4-sec2b.tex:213-216; check eq (75) (ch4-sec2b.tex:194-196): $13.0(0.22/2) + 3.5(1.20 - 0.07 - 0.11) = 5.0$ N-sec = lettered $I_t$. Actual curve: digitize: measured B4 manufacturer curve (same engine as Ch1 Figs 4 and 5a)",y ticks 0-16 step 2 ; x ticks 0-1.2 step 0.2 (printed 0 0.2 0.4 0.6 0.8 1.0 1.2) ; F (N) (rotated) ; t (sec) ; legend: solid sample + Actual curve ; dashed sample + Approximation ; $I_t = 5.0$ N-sec ; $F_m = 13.0$ N ; $F_s = 3.5$ N ; $t_1 = 0.14$ sec ; $t_2 = 0.22$ sec ; $t_b = 1.20$ sec ; B4 (inside the curve),"text ch4-sec2b.tex:206-207 (illustrates the piecewise-linear approximation); caption ch4-sec2b.tex:212-216: B4 parameters, actual and approximate curves, $t_1$ is $t_m$ and $t_2$ is $t_s$ of eqs (73)-(75); legend line styles solid/dashed are what distinguishes the two curves; same caption s-ch4-fig-table.tex:9-13","The drawn dashed descending leg is not quite straight: it kinks near F~5 N, t~0.21 s and drops more steeply to (0.225, 3.5); the computed straight line from (0.14, 13.0) to (0.22, 3.5) will differ slightly from the art (keep computed). The dashed peak sits just inside the solid peak. Effort drops to S if the B4 curve is digitised once for Ch1 Fig 4/5a (tracings differ slightly; see ch1-fig04a notes). Same drawing as the 1973 Ch4 Fig 4 (figures/ch4/fig04.png), reproduced larger; the page number -548- and the caption are excluded from the crop."
