x,y,s
2.1730,-2.5328,2
2.1678,-2.5300,2
2.1625,-2.5273,2
2.1571,-2.5246,2
2.1518,-2.5219,2
2.1463,-2.5193,2
2.1409,-2.5166,2
2.1354,-2.5140,2
2.1298,-2.5114,2
2.1242,-2.5089,2
2.1186,-2.5064,2
2.1129,-2.5039,2
2.1072,-2.5014,2
2.1015,-2.4989,2
2.0957,-2.4965,2
2.0898,-2.4941,2
2.0840,-2.4917,2
2.0780,-2.4894,2
2.0721,-2.4871,2
2.0661,-2.4848,2
2.0601,-2.4825,2
2.0540,-2.4803,2
2.0479,-2.4781,2
2.0418,-2.4759,2
2.0356,-2.4738,2
2.0294,-2.4717,2
2.0232,-2.4696,2
2.0169,-2.4675,2
2.0106,-2.4655,2
2.0042,-2.4635,2
1.9978,-2.4615,2
1.9914,-2.4596,2
1.9850,-2.4577,2
1.9785,-2.4558,2
1.9720,-2.4539,2
1.9655,-2.4521,2
1.9589,-2.4503,2
1.9523,-2.4485,2
1.9457,-2.4468,2
1.9391,-2.4451,2
1.9324,-2.4434,2
1.9257,-2.4418,2
1.9190,-2.4402,2
1.9122,-2.4386,2
1.9054,-2.4371,2
1.8986,-2.4356,2
1.8918,-2.4341,2
1.8849,-2.4326,2
1.8781,-2.4312,2
1.8712,-2.4298,2
1.8642,-2.4285,2
1.8573,-2.4271,2
1.8503,-2.4259,2
1.8433,-2.4246,2
1.8363,-2.4234,2
1.8293,-2.4222,2
1.8223,-2.4210,2
1.8152,-2.4199,2
1.8081,-2.4188,2
1.8010,-2.4177,2
1.7939,-2.4167,2
1.7867,-2.4157,2
1.7796,-2.4147,2
1.7724,-2.4138,2
1.7652,-2.4129,2
1.7580,-2.4120,2
1.7508,-2.4112,2
1.7436,-2.4104,2
1.7364,-2.4097,2
1.7291,-2.4089,2
1.7219,-2.4082,2
1.7146,-2.4076,2
1.7073,-2.4069,2
1.7000,-2.4063,2
1.6927,-2.4058,2
1.6854,-2.4052,2
1.6781,-2.4048,2
1.6707,-2.4043,2
1.6634,-2.4039,2
1.6561,-2.4035,2
1.6487,-2.4031,2
1.6414,-2.4028,2
1.6340,-2.4025,2
1.6266,-2.4022,2
1.6193,-2.4020,2
1.6119,-2.4018,2
1.6045,-2.4017,2
1.5971,-2.4016,2
1.5898,-2.4015,2
1.5824,-2.4014,2
1.5750,-2.4014,2
1.5676,-2.4014,2
1.5602,-2.4015,2
1.5529,-2.4016,2
1.5455,-2.4017,2
1.5381,-2.4018,2
1.5307,-2.4020,2
1.5234,-2.4022,2
1.5160,-2.4025,2
1.5086,-2.4028,2
1.5013,-2.4031,2
1.4939,-2.4035,2
1.4866,-2.4039,2
1.4793,-2.4043,2
1.4719,-2.4048,2
1.4646,-2.4052,2
1.4573,-2.4058,2
1.4500,-2.4063,2
1.4427,-2.4069,2
1.4354,-2.4076,2
1.4281,-2.4082,2
1.4209,-2.4089,2
1.4136,-2.4097,2
1.4064,-2.4104,2
1.3992,-2.4112,2
1.3920,-2.4120,2
1.3848,-2.4129,2
1.3776,-2.4138,2
1.3704,-2.4147,2
1.3633,-2.4157,2
1.3561,-2.4167,2
1.3490,-2.4177,2
1.3419,-2.4188,2
1.3348,-2.4199,2
1.3277,-2.4210,2
1.3207,-2.4222,2
1.3137,-2.4234,2
1.3067,-2.4246,2
1.2997,-2.4259,2
1.2927,-2.4271,2
1.2858,-2.4285,2
1.2788,-2.4298,2
1.2719,-2.4312,2
1.2651,-2.4326,2
1.2582,-2.4341,2
1.2514,-2.4356,2
1.2446,-2.4371,2
1.2378,-2.4386,2
1.2310,-2.4402,2
1.2243,-2.4418,2
1.2176,-2.4434,2
1.2109,-2.4451,2
1.2043,-2.4468,2
1.1977,-2.4485,2
1.1911,-2.4503,2
1.1845,-2.4521,2
1.1780,-2.4539,2
1.1715,-2.4558,2
1.1650,-2.4577,2
1.1586,-2.4596,2
1.1522,-2.4615,2
1.1458,-2.4635,2
1.1394,-2.4655,2
1.1331,-2.4675,2
1.1268,-2.4696,2
1.1206,-2.4717,2
1.1144,-2.4738,2
1.1082,-2.4759,2
1.1021,-2.4781,2
1.0960,-2.4803,2
1.0899,-2.4825,2
1.0839,-2.4848,2
1.0779,-2.4871,2
1.0720,-2.4894,2
1.0660,-2.4917,2
1.0602,-2.4941,2
1.0543,-2.4965,2
1.0485,-2.4989,2
1.0428,-2.5014,2
1.0371,-2.5039,2
1.0314,-2.5064,2
1.0258,-2.5089,2
1.0202,-2.5114,2
1.0146,-2.5140,2
1.0091,-2.5166,2
1.0037,-2.5193,2
0.9982,-2.5219,2
0.9929,-2.5246,2
0.9875,-2.5273,2
0.9822,-2.5300,2
0.9770,-2.5328,2
0.9718,-2.5356,2
0.9667,-2.5384,2
0.9616,-2.5412,2
0.9565,-2.5441,2
0.9515,-2.5469,2
0.9465,-2.5498,2
0.9416,-2.5528,2
0.9367,-2.5557,2
0.9319,-2.5587,2
0.9272,-2.5617,2
0.9224,-2.5647,2
0.9178,-2.5677,2
0.9131,-2.5707,2
0.9086,-2.5738,2
0.9041,-2.5769,2
0.8996,-2.5800,2
0.8952,-2.5832,2
0.8908,-2.5863,2
0.8865,-2.5895,2
0.8822,-2.5927,2
0.8780,-2.5959,2
0.8739,-2.5992,2
0.8698,-2.6024,2
0.8657,-2.6057,2
0.8617,-2.6090,2
0.8578,-2.6123,2
0.8539,-2.6156,2
0.8501,-2.6190,2
0.8463,-2.6223,2
0.8426,-2.6257,2
0.8389,-2.6291,2
0.8353,-2.6325,2
0.8318,-2.6360,2
0.8283,-2.6394,2
0.8249,-2.6429,2
0.8215,-2.6463,2
0.8182,-2.6498,2
0.8149,-2.6534,2
0.8117,-2.6569,2
0.8085,-2.6604,2
0.8054,-2.6640,2
0.8024,-2.6675,2
0.7994,-2.6711,2
0.7965,-2.6747,2
0.7937,-2.6783,2
0.7909,-2.6820,2
0.7881,-2.6856,2
0.7855,-2.6892,2
0.7829,-2.6929,2
0.7803,-2.6966,2
0.7778,-2.7003,2
0.7754,-2.7040,2
0.7730,-2.7077,2
0.7707,-2.7114,2
0.7684,-2.7151,2
0.7663,-2.7188,2
0.7641,-2.7226,2
0.7621,-2.7264,2
0.7601,-2.7301,2
0.7581,-2.7339,2
0.7562,-2.7377,2
0.7544,-2.7415,2
nan,nan,2
0.7544,-2.7415,1
0.7527,-2.7453,1
0.7510,-2.7491,1
0.7493,-2.7529,1
0.7478,-2.7567,1
0.7463,-2.7606,1
0.7448,-2.7644,1
0.7435,-2.7683,1
0.7421,-2.7721,1
0.7409,-2.7760,1
0.7397,-2.7798,1
0.7386,-2.7837,1
0.7375,-2.7876,1
0.7365,-2.7914,1
0.7356,-2.7953,1
0.7347,-2.7992,1
0.7339,-2.8031,1
0.7332,-2.8070,1
0.7325,-2.8109,1
0.7319,-2.8148,1
0.7314,-2.8187,1
0.7309,-2.8226,1
0.7305,-2.8265,1
0.7301,-2.8304,1
0.7298,-2.8343,1
0.7296,-2.8383,1
0.7294,-2.8422,1
0.7293,-2.8461,1
0.7293,-2.8500,1
0.7293,-2.8539,1
0.7294,-2.8578,1
0.7296,-2.8617,1
0.7298,-2.8657,1
0.7301,-2.8696,1
0.7305,-2.8735,1
0.7309,-2.8774,1
0.7314,-2.8813,1
0.7319,-2.8852,1
0.7325,-2.8891,1
0.7332,-2.8930,1
0.7339,-2.8969,1
0.7347,-2.9008,1
0.7356,-2.9047,1
0.7365,-2.9086,1
0.7375,-2.9124,1
0.7386,-2.9163,1
0.7397,-2.9202,1
0.7409,-2.9240,1
0.7421,-2.9279,1
0.7435,-2.9317,1
0.7448,-2.9356,1
0.7463,-2.9394,1
0.7478,-2.9433,1
0.7493,-2.9471,1
0.7510,-2.9509,1
0.7527,-2.9547,1
0.7544,-2.9585,1
0.7562,-2.9623,1
0.7581,-2.9661,1
0.7601,-2.9699,1
0.7621,-2.9736,1
0.7641,-2.9774,1
0.7663,-2.9812,1
0.7684,-2.9849,1
0.7707,-2.9886,1
0.7730,-2.9923,1
0.7754,-2.9960,1
0.7778,-2.9997,1
0.7803,-3.0034,1
0.7829,-3.0071,1
0.7855,-3.0108,1
0.7881,-3.0144,1
0.7909,-3.0180,1
0.7937,-3.0217,1
0.7965,-3.0253,1
0.7994,-3.0289,1
0.8024,-3.0325,1
0.8054,-3.0360,1
0.8085,-3.0396,1
0.8117,-3.0431,1
0.8149,-3.0466,1
0.8182,-3.0502,1
0.8215,-3.0537,1
0.8249,-3.0571,1
0.8283,-3.0606,1
0.8318,-3.0640,1
0.8353,-3.0675,1
0.8389,-3.0709,1
0.8426,-3.0743,1
0.8463,-3.0777,1
0.8501,-3.0810,1
0.8539,-3.0844,1
0.8578,-3.0877,1
0.8617,-3.0910,1
0.8657,-3.0943,1
0.8698,-3.0976,1
0.8739,-3.1008,1
0.8780,-3.1041,1
0.8822,-3.1073,1
0.8865,-3.1105,1
0.8908,-3.1137,1
0.8952,-3.1168,1
0.8996,-3.1200,1
0.9041,-3.1231,1
0.9086,-3.1262,1
0.9131,-3.1293,1
0.9178,-3.1323,1
0.9224,-3.1353,1
0.9272,-3.1383,1
0.9319,-3.1413,1
0.9367,-3.1443,1
0.9416,-3.1472,1
0.9465,-3.1502,1
0.9515,-3.1531,1
0.9565,-3.1559,1
0.9616,-3.1588,1
0.9667,-3.1616,1
0.9718,-3.1644,1
0.9770,-3.1672,1
0.9822,-3.1700,1
0.9875,-3.1727,1
0.9929,-3.1754,1
0.9982,-3.1781,1
1.0037,-3.1807,1
1.0091,-3.1834,1
1.0146,-3.1860,1
1.0202,-3.1886,1
1.0258,-3.1911,1
1.0314,-3.1936,1
1.0371,-3.1961,1
1.0428,-3.1986,1
1.0485,-3.2011,1
1.0543,-3.2035,1
1.0602,-3.2059,1
1.0660,-3.2083,1
1.0720,-3.2106,1
1.0779,-3.2129,1
1.0839,-3.2152,1
1.0899,-3.2175,1
1.0960,-3.2197,1
1.1021,-3.2219,1
1.1082,-3.2241,1
1.1144,-3.2262,1
1.1206,-3.2283,1
1.1268,-3.2304,1
1.1331,-3.2325,1
1.1394,-3.2345,1
1.1458,-3.2365,1
1.1522,-3.2385,1
1.1586,-3.2404,1
1.1650,-3.2423,1
1.1715,-3.2442,1
1.1780,-3.2461,1
1.1845,-3.2479,1
1.1911,-3.2497,1
1.1977,-3.2515,1
1.2043,-3.2532,1
1.2109,-3.2549,1
1.2176,-3.2566,1
1.2243,-3.2582,1
1.2310,-3.2598,1
1.2378,-3.2614,1
1.2446,-3.2629,1
1.2514,-3.2644,1
1.2582,-3.2659,1
1.2651,-3.2674,1
1.2719,-3.2688,1
1.2788,-3.2702,1
1.2858,-3.2715,1
1.2927,-3.2729,1
1.2997,-3.2741,1
1.3067,-3.2754,1
1.3137,-3.2766,1
1.3207,-3.2778,1
1.3277,-3.2790,1
1.3348,-3.2801,1
1.3419,-3.2812,1
1.3490,-3.2823,1
1.3561,-3.2833,1
1.3633,-3.2843,1
1.3704,-3.2853,1
1.3776,-3.2862,1
1.3848,-3.2871,1
1.3920,-3.2880,1
1.3992,-3.2888,1
1.4064,-3.2896,1
1.4136,-3.2903,1
1.4209,-3.2911,1
1.4281,-3.2918,1
1.4354,-3.2924,1
1.4427,-3.2931,1
1.4500,-3.2937,1
1.4573,-3.2942,1
1.4646,-3.2948,1
1.4719,-3.2952,1
1.4793,-3.2957,1
1.4866,-3.2961,1
1.4939,-3.2965,1
1.5013,-3.2969,1
1.5086,-3.2972,1
1.5160,-3.2975,1
1.5234,-3.2978,1
1.5307,-3.2980,1
1.5381,-3.2982,1
1.5455,-3.2983,1
1.5529,-3.2984,1
1.5602,-3.2985,1
1.5676,-3.2986,1
1.5750,-3.2986,1
1.5824,-3.2986,1
1.5898,-3.2985,1
1.5971,-3.2984,1
1.6045,-3.2983,1
1.6119,-3.2982,1
1.6193,-3.2980,1
1.6266,-3.2978,1
1.6340,-3.2975,1
1.6414,-3.2972,1
1.6487,-3.2969,1
1.6561,-3.2965,1
1.6634,-3.2961,1
1.6707,-3.2957,1
1.6781,-3.2952,1
1.6854,-3.2948,1
1.6927,-3.2942,1
1.7000,-3.2937,1
1.7073,-3.2931,1
1.7146,-3.2924,1
1.7219,-3.2918,1
1.7291,-3.2911,1
1.7364,-3.2903,1
1.7436,-3.2896,1
1.7508,-3.2888,1
1.7580,-3.2880,1
1.7652,-3.2871,1
1.7724,-3.2862,1
nan,nan,1
1.7724,-3.2862,2
1.7796,-3.2853,2
1.7867,-3.2843,2
1.7939,-3.2833,2
1.8010,-3.2823,2
1.8081,-3.2812,2
1.8152,-3.2801,2
1.8223,-3.2790,2
1.8293,-3.2778,2
1.8363,-3.2766,2
1.8433,-3.2754,2
1.8503,-3.2741,2
1.8573,-3.2729,2
1.8642,-3.2715,2
1.8712,-3.2702,2
1.8781,-3.2688,2
1.8849,-3.2674,2
1.8918,-3.2659,2
1.8986,-3.2644,2
1.9054,-3.2629,2
1.9122,-3.2614,2
1.9190,-3.2598,2
1.9257,-3.2582,2
1.9324,-3.2566,2
1.9391,-3.2549,2
1.9457,-3.2532,2
1.9523,-3.2515,2
1.9589,-3.2497,2
1.9655,-3.2479,2
1.9720,-3.2461,2
1.9785,-3.2442,2
1.9850,-3.2423,2
1.9914,-3.2404,2
1.9978,-3.2385,2
2.0042,-3.2365,2
2.0106,-3.2345,2
2.0169,-3.2325,2
2.0232,-3.2304,2
2.0294,-3.2283,2
2.0356,-3.2262,2
2.0418,-3.2241,2
2.0479,-3.2219,2
2.0540,-3.2197,2
2.0601,-3.2175,2
2.0661,-3.2152,2
2.0721,-3.2129,2
2.0780,-3.2106,2
2.0840,-3.2083,2
2.0898,-3.2059,2
2.0957,-3.2035,2
2.1015,-3.2011,2
2.1072,-3.1986,2
2.1129,-3.1961,2
2.1186,-3.1936,2
2.1242,-3.1911,2
2.1298,-3.1886,2
2.1354,-3.1860,2
2.1409,-3.1834,2
2.1463,-3.1807,2
2.1518,-3.1781,2
2.1571,-3.1754,2
2.1625,-3.1727,2
2.1678,-3.1700,2
2.1730,-3.1672,2
2.1782,-3.1644,2
2.1833,-3.1616,2
2.1884,-3.1588,2
2.1935,-3.1559,2
2.1985,-3.1531,2
2.2035,-3.1502,2
2.2084,-3.1472,2
2.2133,-3.1443,2
2.2181,-3.1413,2
2.2228,-3.1383,2
2.2276,-3.1353,2
2.2322,-3.1323,2
2.2369,-3.1293,2
2.2414,-3.1262,2
2.2459,-3.1231,2
2.2504,-3.1200,2
2.2548,-3.1168,2
2.2592,-3.1137,2
2.2635,-3.1105,2
2.2678,-3.1073,2
2.2720,-3.1041,2
2.2761,-3.1008,2
2.2802,-3.0976,2
2.2843,-3.0943,2
2.2883,-3.0910,2
2.2922,-3.0877,2
2.2961,-3.0844,2
2.2999,-3.0810,2
2.3037,-3.0777,2
2.3074,-3.0743,2
2.3111,-3.0709,2
2.3147,-3.0675,2
2.3182,-3.0640,2
2.3217,-3.0606,2
2.3251,-3.0571,2
2.3285,-3.0537,2
2.3318,-3.0502,2
2.3351,-3.0466,2
2.3383,-3.0431,2
2.3415,-3.0396,2
2.3446,-3.0360,2
2.3476,-3.0325,2
2.3506,-3.0289,2
2.3535,-3.0253,2
2.3563,-3.0217,2
2.3591,-3.0180,2
2.3619,-3.0144,2
2.3645,-3.0108,2
2.3671,-3.0071,2
2.3697,-3.0034,2
2.3722,-2.9997,2
2.3746,-2.9960,2
2.3770,-2.9923,2
2.3793,-2.9886,2
2.3816,-2.9849,2
2.3837,-2.9812,2
2.3859,-2.9774,2
2.3879,-2.9736,2
2.3899,-2.9699,2
2.3919,-2.9661,2
2.3938,-2.9623,2
2.3956,-2.9585,2
2.3973,-2.9547,2
2.3990,-2.9509,2
2.4007,-2.9471,2
2.4022,-2.9433,2
2.4037,-2.9394,2
2.4052,-2.9356,2
2.4065,-2.9317,2
2.4079,-2.9279,2
2.4091,-2.9240,2
2.4103,-2.9202,2
2.4114,-2.9163,2
2.4125,-2.9124,2
2.4135,-2.9086,2
2.4144,-2.9047,2
2.4153,-2.9008,2
2.4161,-2.8969,2
2.4168,-2.8930,2
2.4175,-2.8891,2
2.4181,-2.8852,2
2.4186,-2.8813,2
2.4191,-2.8774,2
2.4195,-2.8735,2
2.4199,-2.8696,2
2.4202,-2.8657,2
2.4204,-2.8617,2
2.4206,-2.8578,2
2.4207,-2.8539,2
2.4207,-2.8500,2
2.4207,-2.8461,2
2.4206,-2.8422,2
2.4204,-2.8383,2
2.4202,-2.8343,2
2.4199,-2.8304,2
2.4195,-2.8265,2
2.4191,-2.8226,2
2.4186,-2.8187,2
2.4181,-2.8148,2
2.4175,-2.8109,2
2.4168,-2.8070,2
2.4161,-2.8031,2
2.4153,-2.7992,2
2.4144,-2.7953,2
2.4135,-2.7914,2
2.4125,-2.7876,2
2.4114,-2.7837,2
2.4103,-2.7798,2
2.4091,-2.7760,2
2.4079,-2.7721,2
2.4065,-2.7683,2
2.4052,-2.7644,2
2.4037,-2.7606,2
2.4022,-2.7567,2
2.4007,-2.7529,2
2.3990,-2.7491,2
2.3973,-2.7453,2
2.3956,-2.7415,2
2.3938,-2.7377,2
2.3919,-2.7339,2
2.3899,-2.7301,2
2.3879,-2.7264,2
2.3859,-2.7226,2
2.3837,-2.7188,2
2.3816,-2.7151,2
2.3793,-2.7114,2
2.3770,-2.7077,2
2.3746,-2.7040,2
2.3722,-2.7003,2
2.3697,-2.6966,2
2.3671,-2.6929,2
2.3645,-2.6892,2
2.3619,-2.6856,2
2.3591,-2.6820,2
2.3563,-2.6783,2
2.3535,-2.6747,2
2.3506,-2.6711,2
2.3476,-2.6675,2
2.3446,-2.6640,2
2.3415,-2.6604,2
2.3383,-2.6569,2
2.3351,-2.6534,2
2.3318,-2.6498,2
2.3285,-2.6463,2
2.3251,-2.6429,2
2.3217,-2.6394,2
2.3182,-2.6360,2
2.3147,-2.6325,2
2.3111,-2.6291,2
2.3074,-2.6257,2
2.3037,-2.6223,2
2.2999,-2.6190,2
2.2961,-2.6156,2
2.2922,-2.6123,2
2.2883,-2.6090,2
2.2843,-2.6057,2
2.2802,-2.6024,2
2.2761,-2.5992,2
2.2720,-2.5959,2
2.2678,-2.5927,2
2.2635,-2.5895,2
2.2592,-2.5863,2
2.2548,-2.5832,2
2.2504,-2.5800,2
2.2459,-2.5769,2
2.2414,-2.5738,2
2.2369,-2.5707,2
2.2322,-2.5677,2
2.2276,-2.5647,2
2.2228,-2.5617,2
2.2181,-2.5587,2
2.2133,-2.5557,2
2.2084,-2.5528,2
2.2035,-2.5498,2
2.1985,-2.5469,2
2.1935,-2.5441,2
2.1884,-2.5412,2
2.1833,-2.5384,2
2.1782,-2.5356,2
2.1730,-2.5328,2
nan,nan,2
2.4074,-2.7707,2
2.4053,-2.7664,2
2.4032,-2.7621,2
2.4011,-2.7578,2
2.3991,-2.7535,2
2.3970,-2.7493,2
2.3949,-2.7450,2
2.3928,-2.7407,2
2.3907,-2.7364,2
2.3886,-2.7321,2
2.3866,-2.7278,2
2.3845,-2.7235,2
2.3824,-2.7192,2
2.3803,-2.7150,2
2.3782,-2.7107,2
2.3762,-2.7064,2
2.3741,-2.7021,2
2.3720,-2.6978,2
2.3699,-2.6935,2
2.3678,-2.6892,2
2.3658,-2.6850,2
2.3637,-2.6807,2
2.3616,-2.6764,2
2.3595,-2.6721,2
2.3574,-2.6678,2
2.3554,-2.6635,2
2.3533,-2.6592,2
2.3512,-2.6549,2
2.3491,-2.6507,2
2.3470,-2.6464,2
2.3449,-2.6421,2
2.3429,-2.6378,2
2.3408,-2.6335,2
2.3387,-2.6292,2
2.3366,-2.6249,2
2.3345,-2.6206,2
2.3325,-2.6164,2
2.3304,-2.6121,2
2.3283,-2.6078,2
2.3262,-2.6035,2
2.3241,-2.5992,2
2.3221,-2.5949,2
2.3200,-2.5906,2
2.3179,-2.5864,2
2.3158,-2.5821,2
2.3137,-2.5778,2
2.3117,-2.5735,2
2.3096,-2.5692,2
2.3075,-2.5649,2
2.3054,-2.5606,2
2.3033,-2.5563,2
2.3012,-2.5521,2
2.2992,-2.5478,2
2.2971,-2.5435,2
2.2950,-2.5392,2
2.2929,-2.5349,2
2.2908,-2.5306,2
2.2888,-2.5263,2
2.2867,-2.5221,2
2.2846,-2.5178,2
2.2825,-2.5135,2
2.2804,-2.5092,2
2.2784,-2.5049,2
2.2763,-2.5006,2
2.2742,-2.4963,2
2.2721,-2.4920,2
2.2700,-2.4878,2
2.2680,-2.4835,2
2.2659,-2.4792,2
2.2638,-2.4749,2
2.2617,-2.4706,2
2.2596,-2.4663,2
2.2575,-2.4620,2
2.2555,-2.4578,2
2.2534,-2.4535,2
2.2513,-2.4492,2
2.2492,-2.4449,2
2.2471,-2.4406,2
2.2451,-2.4363,2
2.2430,-2.4320,2
2.2409,-2.4277,2
2.2388,-2.4235,2
2.2367,-2.4192,2
2.2347,-2.4149,2
2.2326,-2.4106,2
2.2305,-2.4063,2
2.2284,-2.4020,2
2.2263,-2.3977,2
2.2243,-2.3935,2
2.2222,-2.3892,2
2.2201,-2.3849,2
2.2180,-2.3806,2
2.2159,-2.3763,2
2.2138,-2.3720,2
2.2118,-2.3677,2
2.2097,-2.3634,2
2.2076,-2.3592,2
2.2055,-2.3549,2
2.2034,-2.3506,2
2.2014,-2.3463,2
2.1993,-2.3420,2
2.1972,-2.3377,2
2.1951,-2.3334,2
2.1930,-2.3292,2
2.1910,-2.3249,2
2.1889,-2.3206,2
2.1868,-2.3163,2
2.1847,-2.3120,2
2.1826,-2.3077,2
2.1806,-2.3034,2
2.1785,-2.2991,2
2.1764,-2.2949,2
2.1743,-2.2906,2
2.1722,-2.2863,2
2.1701,-2.2820,2
2.1681,-2.2777,2
2.1660,-2.2734,2
2.1639,-2.2691,2
2.1618,-2.2649,2
2.1597,-2.2606,2
2.1577,-2.2563,2
2.1556,-2.2520,2
2.1535,-2.2477,2
2.1514,-2.2434,2
2.1493,-2.2391,2
2.1473,-2.2348,2
2.1452,-2.2306,2
2.1431,-2.2263,2
2.1410,-2.2220,2
2.1389,-2.2177,2
2.1369,-2.2134,2
2.1348,-2.2091,2
2.1327,-2.2048,2
2.1306,-2.2006,2
2.1285,-2.1963,2
2.1264,-2.1920,2
2.1244,-2.1877,2
2.1223,-2.1834,2
2.1202,-2.1791,2
2.1181,-2.1748,2
2.1160,-2.1705,2
2.1140,-2.1663,2
2.1119,-2.1620,2
2.1098,-2.1577,2
2.1077,-2.1534,2
2.1056,-2.1491,2
2.1036,-2.1448,2
2.1015,-2.1405,2
2.0994,-2.1363,2
2.0973,-2.1320,2
2.0952,-2.1277,2
2.0932,-2.1234,2
2.0911,-2.1191,2
2.0890,-2.1148,2
2.0869,-2.1105,2
2.0848,-2.1062,2
2.0827,-2.1020,2
2.0807,-2.0977,2
2.0786,-2.0934,2
2.0765,-2.0891,2
2.0744,-2.0848,2
2.0723,-2.0805,2
2.0703,-2.0762,2
2.0682,-2.0720,2
2.0661,-2.0677,2
2.0640,-2.0634,2
2.0619,-2.0591,2
2.0599,-2.0548,2
2.0578,-2.0505,2
2.0557,-2.0462,2
2.0536,-2.0419,2
2.0515,-2.0377,2
2.0495,-2.0334,2
2.0474,-2.0291,2
2.0453,-2.0248,2
2.0432,-2.0205,2
2.0411,-2.0162,2
2.0390,-2.0119,2
nan,nan,2
2.0390,-2.0119,7
2.0370,-2.0076,7
2.0349,-2.0034,7
2.0328,-1.9991,7
2.0307,-1.9948,7
2.0286,-1.9905,7
2.0266,-1.9862,7
2.0245,-1.9819,7
2.0224,-1.9776,7
2.0203,-1.9734,7
2.0182,-1.9691,7
2.0162,-1.9648,7
2.0141,-1.9605,7
2.0120,-1.9562,7
2.0099,-1.9519,7
2.0078,-1.9476,7
2.0058,-1.9433,7
2.0037,-1.9391,7
2.0016,-1.9348,7
1.9995,-1.9305,7
1.9974,-1.9262,7
1.9953,-1.9219,7
1.9933,-1.9176,7
1.9912,-1.9133,7
1.9891,-1.9091,7
1.9870,-1.9048,7
1.9849,-1.9005,7
1.9829,-1.8962,7
1.9808,-1.8919,7
1.9787,-1.8876,7
1.9766,-1.8833,7
1.9745,-1.8790,7
1.9725,-1.8748,7
1.9704,-1.8705,7
1.9683,-1.8662,7
1.9662,-1.8619,7
1.9641,-1.8576,7
1.9621,-1.8533,7
1.9600,-1.8490,7
1.9579,-1.8448,7
1.9558,-1.8405,7
1.9537,-1.8362,7
1.9516,-1.8319,7
1.9496,-1.8276,7
1.9475,-1.8233,7
1.9454,-1.8190,7
1.9433,-1.8147,7
1.9412,-1.8105,7
1.9392,-1.8062,7
1.9371,-1.8019,7
1.9350,-1.7976,7
1.9329,-1.7933,7
1.9308,-1.7890,7
1.9288,-1.7847,7
1.9267,-1.7805,7
1.9246,-1.7762,7
1.9225,-1.7719,7
1.9204,-1.7676,7
1.9184,-1.7633,7
1.9163,-1.7590,7
1.9142,-1.7547,7
1.9121,-1.7504,7
1.9100,-1.7462,7
1.9080,-1.7419,7
1.9059,-1.7376,7
1.9038,-1.7333,7
1.9017,-1.7290,7
1.8996,-1.7247,7
1.8975,-1.7204,7
1.8955,-1.7162,7
1.8934,-1.7119,7
1.8913,-1.7076,7
1.8892,-1.7033,7
1.8871,-1.6990,7
1.8851,-1.6947,7
1.8830,-1.6904,7
1.8809,-1.6861,7
1.8788,-1.6819,7
1.8767,-1.6776,7
1.8747,-1.6733,7
1.8726,-1.6690,7
1.8705,-1.6647,7
1.8684,-1.6604,7
1.8663,-1.6561,7
1.8643,-1.6519,7
1.8622,-1.6476,7
1.8601,-1.6433,7
1.8580,-1.6390,7
1.8559,-1.6347,7
1.8538,-1.6304,7
1.8518,-1.6261,7
1.8497,-1.6218,7
1.8476,-1.6176,7
1.8455,-1.6133,7
1.8434,-1.6090,7
1.8414,-1.6047,7
1.8393,-1.6004,7
1.8372,-1.5961,7
1.8351,-1.5918,7
1.8330,-1.5876,7
1.8310,-1.5833,7
1.8289,-1.5790,7
1.8268,-1.5747,7
1.8247,-1.5704,7
1.8226,-1.5661,7
1.8206,-1.5618,7
1.8185,-1.5575,7
1.8164,-1.5533,7
1.8143,-1.5490,7
1.8122,-1.5447,7
1.8101,-1.5404,7
1.8081,-1.5361,7
1.8060,-1.5318,7
1.8039,-1.5275,7
1.8018,-1.5233,7
1.7997,-1.5190,7
1.7977,-1.5147,7
1.7956,-1.5104,7
1.7935,-1.5061,7
1.7914,-1.5018,7
1.7893,-1.4975,7
1.7873,-1.4932,7
1.7852,-1.4890,7
1.7831,-1.4847,7
1.7810,-1.4804,7
1.7789,-1.4761,7
1.7769,-1.4718,7
1.7748,-1.4675,7
1.7727,-1.4632,7
1.7706,-1.4590,7
1.7685,-1.4547,7
1.7664,-1.4504,7
1.7644,-1.4461,7
1.7623,-1.4418,7
1.7602,-1.4375,7
1.7581,-1.4332,7
1.7560,-1.4289,7
1.7540,-1.4247,7
1.7519,-1.4204,7
1.7498,-1.4161,7
1.7477,-1.4118,7
1.7456,-1.4075,7
1.7436,-1.4032,7
1.7415,-1.3989,7
1.7394,-1.3947,7
1.7373,-1.3904,7
1.7352,-1.3861,7
1.7332,-1.3818,7
1.7311,-1.3775,7
1.7290,-1.3732,7
1.7269,-1.3689,7
1.7248,-1.3646,7
1.7227,-1.3604,7
1.7207,-1.3561,7
1.7186,-1.3518,7
1.7165,-1.3475,7
1.7144,-1.3432,7
1.7123,-1.3389,7
1.7103,-1.3346,7
1.7082,-1.3303,7
1.7061,-1.3261,7
1.7040,-1.3218,7
1.7019,-1.3175,7
1.6999,-1.3132,7
1.6978,-1.3089,7
1.6957,-1.3046,7
1.6936,-1.3003,7
1.6915,-1.2961,7
1.6895,-1.2918,7
1.6874,-1.2875,7
1.6853,-1.2832,7
1.6832,-1.2789,7
1.6811,-1.2746,7
1.6790,-1.2703,7
1.6770,-1.2660,7
1.6749,-1.2618,7
1.6728,-1.2575,7
1.6707,-1.2532,7
1.6686,-1.2489,7
1.6666,-1.2446,7
1.6645,-1.2403,7
1.6624,-1.2360,7
1.6603,-1.2318,7
1.6582,-1.2275,7
1.6562,-1.2232,7
1.6541,-1.2189,7
1.6520,-1.2146,7
1.6499,-1.2103,7
1.6478,-1.2060,7
1.6458,-1.2017,7
1.6437,-1.1975,7
1.6416,-1.1932,7
1.6395,-1.1889,7
1.6374,-1.1846,7
1.6353,-1.1803,7
1.6333,-1.1760,7
1.6312,-1.1717,7
1.6291,-1.1675,7
1.6270,-1.1632,7
1.6249,-1.1589,7
1.6229,-1.1546,7
1.6208,-1.1503,7
1.6187,-1.1460,7
1.6166,-1.1417,7
1.6145,-1.1374,7
1.6125,-1.1332,7
1.6104,-1.1289,7
1.6083,-1.1246,7
1.6062,-1.1203,7
1.6041,-1.1160,7
1.6021,-1.1117,7
1.6000,-1.1074,7
1.5979,-1.1032,7
1.5958,-1.0989,7
1.5937,-1.0946,7
1.5916,-1.0903,7
1.5896,-1.0860,7
1.5875,-1.0817,7
1.5854,-1.0774,7
1.5833,-1.0731,7
1.5812,-1.0689,7
1.5792,-1.0646,7
1.5771,-1.0603,7
1.5750,-1.0560,7
nan,nan,7
0.7426,-2.7707,1
0.7447,-2.7664,1
0.7468,-2.7621,1
0.7489,-2.7578,1
0.7509,-2.7535,1
0.7530,-2.7493,1
0.7551,-2.7450,1
0.7572,-2.7407,1
0.7593,-2.7364,1
0.7614,-2.7321,1
0.7634,-2.7278,1
0.7655,-2.7235,1
0.7676,-2.7192,1
0.7697,-2.7150,1
0.7718,-2.7107,1
0.7738,-2.7064,1
0.7759,-2.7021,1
0.7780,-2.6978,1
0.7801,-2.6935,1
0.7822,-2.6892,1
0.7842,-2.6850,1
0.7863,-2.6807,1
0.7884,-2.6764,1
0.7905,-2.6721,1
0.7926,-2.6678,1
0.7946,-2.6635,1
0.7967,-2.6592,1
0.7988,-2.6549,1
0.8009,-2.6507,1
0.8030,-2.6464,1
0.8051,-2.6421,1
0.8071,-2.6378,1
0.8092,-2.6335,1
0.8113,-2.6292,1
0.8134,-2.6249,1
0.8155,-2.6206,1
0.8175,-2.6164,1
0.8196,-2.6121,1
0.8217,-2.6078,1
0.8238,-2.6035,1
0.8259,-2.5992,1
0.8279,-2.5949,1
0.8300,-2.5906,1
0.8321,-2.5864,1
0.8342,-2.5821,1
0.8363,-2.5778,1
0.8383,-2.5735,1
0.8404,-2.5692,1
0.8425,-2.5649,1
0.8446,-2.5606,1
0.8467,-2.5563,1
0.8488,-2.5521,1
0.8508,-2.5478,1
0.8529,-2.5435,1
0.8550,-2.5392,1
0.8571,-2.5349,1
0.8592,-2.5306,1
0.8612,-2.5263,1
0.8633,-2.5221,1
0.8654,-2.5178,1
0.8675,-2.5135,1
0.8696,-2.5092,1
0.8716,-2.5049,1
0.8737,-2.5006,1
0.8758,-2.4963,1
0.8779,-2.4920,1
0.8800,-2.4878,1
0.8820,-2.4835,1
0.8841,-2.4792,1
0.8862,-2.4749,1
0.8883,-2.4706,1
0.8904,-2.4663,1
0.8925,-2.4620,1
0.8945,-2.4578,1
0.8966,-2.4535,1
0.8987,-2.4492,1
0.9008,-2.4449,1
0.9029,-2.4406,1
0.9049,-2.4363,1
0.9070,-2.4320,1
0.9091,-2.4277,1
0.9112,-2.4235,1
0.9133,-2.4192,1
0.9153,-2.4149,1
0.9174,-2.4106,1
0.9195,-2.4063,1
0.9216,-2.4020,1
0.9237,-2.3977,1
0.9257,-2.3935,1
0.9278,-2.3892,1
0.9299,-2.3849,1
0.9320,-2.3806,1
0.9341,-2.3763,1
0.9362,-2.3720,1
0.9382,-2.3677,1
0.9403,-2.3634,1
0.9424,-2.3592,1
0.9445,-2.3549,1
0.9466,-2.3506,1
0.9486,-2.3463,1
0.9507,-2.3420,1
0.9528,-2.3377,1
0.9549,-2.3334,1
0.9570,-2.3292,1
0.9590,-2.3249,1
0.9611,-2.3206,1
0.9632,-2.3163,1
0.9653,-2.3120,1
0.9674,-2.3077,1
0.9694,-2.3034,1
0.9715,-2.2991,1
0.9736,-2.2949,1
0.9757,-2.2906,1
0.9778,-2.2863,1
0.9799,-2.2820,1
0.9819,-2.2777,1
0.9840,-2.2734,1
0.9861,-2.2691,1
0.9882,-2.2649,1
0.9903,-2.2606,1
0.9923,-2.2563,1
0.9944,-2.2520,1
0.9965,-2.2477,1
0.9986,-2.2434,1
1.0007,-2.2391,1
1.0027,-2.2348,1
1.0048,-2.2306,1
1.0069,-2.2263,1
1.0090,-2.2220,1
1.0111,-2.2177,1
1.0131,-2.2134,1
1.0152,-2.2091,1
1.0173,-2.2048,1
1.0194,-2.2006,1
1.0215,-2.1963,1
1.0236,-2.1920,1
1.0256,-2.1877,1
1.0277,-2.1834,1
1.0298,-2.1791,1
1.0319,-2.1748,1
1.0340,-2.1705,1
1.0360,-2.1663,1
1.0381,-2.1620,1
1.0402,-2.1577,1
1.0423,-2.1534,1
1.0444,-2.1491,1
1.0464,-2.1448,1
1.0485,-2.1405,1
1.0506,-2.1363,1
1.0527,-2.1320,1
1.0548,-2.1277,1
1.0568,-2.1234,1
1.0589,-2.1191,1
1.0610,-2.1148,1
1.0631,-2.1105,1
1.0652,-2.1062,1
nan,nan,1
1.0652,-2.1062,2
1.0673,-2.1020,2
1.0693,-2.0977,2
1.0714,-2.0934,2
1.0735,-2.0891,2
1.0756,-2.0848,2
1.0777,-2.0805,2
1.0797,-2.0762,2
1.0818,-2.0720,2
1.0839,-2.0677,2
1.0860,-2.0634,2
1.0881,-2.0591,2
1.0901,-2.0548,2
1.0922,-2.0505,2
1.0943,-2.0462,2
1.0964,-2.0419,2
1.0985,-2.0377,2
1.1005,-2.0334,2
1.1026,-2.0291,2
1.1047,-2.0248,2
1.1068,-2.0205,2
1.1089,-2.0162,2
1.1110,-2.0119,2
1.1130,-2.0076,2
1.1151,-2.0034,2
1.1172,-1.9991,2
1.1193,-1.9948,2
1.1214,-1.9905,2
1.1234,-1.9862,2
1.1255,-1.9819,2
1.1276,-1.9776,2
1.1297,-1.9734,2
1.1318,-1.9691,2
1.1338,-1.9648,2
1.1359,-1.9605,2
1.1380,-1.9562,2
1.1401,-1.9519,2
1.1422,-1.9476,2
1.1442,-1.9433,2
1.1463,-1.9391,2
1.1484,-1.9348,2
1.1505,-1.9305,2
1.1526,-1.9262,2
1.1547,-1.9219,2
1.1567,-1.9176,2
1.1588,-1.9133,2
1.1609,-1.9091,2
1.1630,-1.9048,2
1.1651,-1.9005,2
1.1671,-1.8962,2
1.1692,-1.8919,2
1.1713,-1.8876,2
1.1734,-1.8833,2
1.1755,-1.8790,2
1.1775,-1.8748,2
1.1796,-1.8705,2
1.1817,-1.8662,2
1.1838,-1.8619,2
1.1859,-1.8576,2
1.1879,-1.8533,2
1.1900,-1.8490,2
1.1921,-1.8448,2
1.1942,-1.8405,2
1.1963,-1.8362,2
1.1984,-1.8319,2
1.2004,-1.8276,2
1.2025,-1.8233,2
1.2046,-1.8190,2
1.2067,-1.8147,2
1.2088,-1.8105,2
1.2108,-1.8062,2
1.2129,-1.8019,2
1.2150,-1.7976,2
1.2171,-1.7933,2
1.2192,-1.7890,2
1.2212,-1.7847,2
1.2233,-1.7805,2
1.2254,-1.7762,2
1.2275,-1.7719,2
1.2296,-1.7676,2
1.2316,-1.7633,2
1.2337,-1.7590,2
1.2358,-1.7547,2
1.2379,-1.7504,2
1.2400,-1.7462,2
1.2420,-1.7419,2
1.2441,-1.7376,2
1.2462,-1.7333,2
1.2483,-1.7290,2
1.2504,-1.7247,2
1.2525,-1.7204,2
1.2545,-1.7162,2
1.2566,-1.7119,2
1.2587,-1.7076,2
1.2608,-1.7033,2
1.2629,-1.6990,2
1.2649,-1.6947,2
1.2670,-1.6904,2
1.2691,-1.6861,2
1.2712,-1.6819,2
1.2733,-1.6776,2
1.2753,-1.6733,2
1.2774,-1.6690,2
1.2795,-1.6647,2
1.2816,-1.6604,2
1.2837,-1.6561,2
1.2857,-1.6519,2
1.2878,-1.6476,2
1.2899,-1.6433,2
1.2920,-1.6390,2
1.2941,-1.6347,2
1.2962,-1.6304,2
1.2982,-1.6261,2
1.3003,-1.6218,2
1.3024,-1.6176,2
1.3045,-1.6133,2
1.3066,-1.6090,2
1.3086,-1.6047,2
1.3107,-1.6004,2
1.3128,-1.5961,2
1.3149,-1.5918,2
1.3170,-1.5876,2
1.3190,-1.5833,2
1.3211,-1.5790,2
1.3232,-1.5747,2
1.3253,-1.5704,2
1.3274,-1.5661,2
1.3294,-1.5618,2
1.3315,-1.5575,2
1.3336,-1.5533,2
1.3357,-1.5490,2
nan,nan,2
1.3357,-1.5490,7
1.3378,-1.5447,7
1.3399,-1.5404,7
1.3419,-1.5361,7
1.3440,-1.5318,7
1.3461,-1.5275,7
1.3482,-1.5233,7
1.3503,-1.5190,7
1.3523,-1.5147,7
1.3544,-1.5104,7
1.3565,-1.5061,7
1.3586,-1.5018,7
1.3607,-1.4975,7
1.3627,-1.4932,7
1.3648,-1.4890,7
1.3669,-1.4847,7
1.3690,-1.4804,7
1.3711,-1.4761,7
1.3731,-1.4718,7
1.3752,-1.4675,7
1.3773,-1.4632,7
1.3794,-1.4590,7
1.3815,-1.4547,7
1.3836,-1.4504,7
1.3856,-1.4461,7
1.3877,-1.4418,7
1.3898,-1.4375,7
1.3919,-1.4332,7
1.3940,-1.4289,7
1.3960,-1.4247,7
1.3981,-1.4204,7
1.4002,-1.4161,7
1.4023,-1.4118,7
1.4044,-1.4075,7
1.4064,-1.4032,7
1.4085,-1.3989,7
1.4106,-1.3947,7
1.4127,-1.3904,7
1.4148,-1.3861,7
1.4168,-1.3818,7
1.4189,-1.3775,7
1.4210,-1.3732,7
1.4231,-1.3689,7
1.4252,-1.3646,7
1.4273,-1.3604,7
1.4293,-1.3561,7
1.4314,-1.3518,7
1.4335,-1.3475,7
1.4356,-1.3432,7
1.4377,-1.3389,7
1.4397,-1.3346,7
1.4418,-1.3303,7
1.4439,-1.3261,7
1.4460,-1.3218,7
1.4481,-1.3175,7
1.4501,-1.3132,7
1.4522,-1.3089,7
1.4543,-1.3046,7
1.4564,-1.3003,7
1.4585,-1.2961,7
1.4605,-1.2918,7
1.4626,-1.2875,7
1.4647,-1.2832,7
1.4668,-1.2789,7
1.4689,-1.2746,7
1.4710,-1.2703,7
1.4730,-1.2660,7
1.4751,-1.2618,7
1.4772,-1.2575,7
1.4793,-1.2532,7
1.4814,-1.2489,7
1.4834,-1.2446,7
1.4855,-1.2403,7
1.4876,-1.2360,7
1.4897,-1.2318,7
1.4918,-1.2275,7
1.4938,-1.2232,7
1.4959,-1.2189,7
1.4980,-1.2146,7
1.5001,-1.2103,7
1.5022,-1.2060,7
1.5042,-1.2017,7
1.5063,-1.1975,7
1.5084,-1.1932,7
1.5105,-1.1889,7
1.5126,-1.1846,7
1.5147,-1.1803,7
1.5167,-1.1760,7
1.5188,-1.1717,7
1.5209,-1.1675,7
1.5230,-1.1632,7
1.5251,-1.1589,7
1.5271,-1.1546,7
1.5292,-1.1503,7
1.5313,-1.1460,7
1.5334,-1.1417,7
1.5355,-1.1374,7
1.5375,-1.1332,7
1.5396,-1.1289,7
1.5417,-1.1246,7
1.5438,-1.1203,7
1.5459,-1.1160,7
1.5479,-1.1117,7
1.5500,-1.1074,7
1.5521,-1.1032,7
1.5542,-1.0989,7
1.5563,-1.0946,7
1.5584,-1.0903,7
1.5604,-1.0860,7
1.5625,-1.0817,7
1.5646,-1.0774,7
1.5667,-1.0731,7
1.5688,-1.0689,7
1.5708,-1.0646,7
1.5729,-1.0603,7
1.5750,-1.0560,7
nan,nan,7
2.8828,-2.7730,1
1.8500,-3.4259,1
0.6624,-1.4364,1
1.6953,-0.7834,1
2.8828,-2.7730,1
nan,nan,1
1.3956,-1.4730,5
1.3924,-1.4751,5
1.3893,-1.4772,5
1.3863,-1.4794,5
1.3833,-1.4818,5
1.3804,-1.4842,5
1.3776,-1.4867,5
1.3748,-1.4893,5
1.3720,-1.4920,5
1.3693,-1.4947,5
1.3667,-1.4976,5
1.3641,-1.5006,5
1.3616,-1.5036,5
1.3592,-1.5067,5
1.3568,-1.5099,5
1.3545,-1.5132,5
1.3522,-1.5166,5
1.3500,-1.5201,5
1.3479,-1.5236,5
1.3458,-1.5273,5
1.3438,-1.5310,5
1.3419,-1.5348,5
1.3400,-1.5387,5
1.3382,-1.5426,5
1.3365,-1.5467,5
1.3348,-1.5508,5
1.3332,-1.5550,5
1.3316,-1.5593,5
1.3301,-1.5637,5
1.3287,-1.5681,5
1.3274,-1.5726,5
1.3261,-1.5772,5
1.3248,-1.5819,5
1.3237,-1.5866,5
1.3226,-1.5914,5
1.3216,-1.5963,5
1.3206,-1.6012,5
1.3198,-1.6063,5
1.3189,-1.6114,5
1.3182,-1.6165,5
1.3175,-1.6217,5
1.3169,-1.6270,5
1.3164,-1.6324,5
1.3159,-1.6378,5
1.3155,-1.6433,5
1.3152,-1.6489,5
1.3149,-1.6545,5
1.3147,-1.6602,5
1.3146,-1.6659,5
1.3145,-1.6717,5
1.3145,-1.6776,5
1.3146,-1.6835,5
1.3148,-1.6894,5
1.3150,-1.6955,5
1.3153,-1.7016,5
1.3156,-1.7077,5
1.3160,-1.7139,5
1.3165,-1.7201,5
1.3171,-1.7264,5
1.3177,-1.7327,5
1.3184,-1.7391,5
1.3192,-1.7455,5
1.3200,-1.7520,5
1.3209,-1.7585,5
1.3219,-1.7651,5
1.3229,-1.7717,5
1.3240,-1.7784,5
1.3252,-1.7850,5
1.3264,-1.7918,5
1.3278,-1.7985,5
1.3291,-1.8053,5
1.3306,-1.8122,5
1.3321,-1.8191,5
1.3336,-1.8260,5
1.3353,-1.8329,5
1.3370,-1.8399,5
1.3388,-1.8469,5
1.3406,-1.8539,5
1.3425,-1.8609,5
1.3444,-1.8680,5
1.3465,-1.8751,5
1.3486,-1.8823,5
1.3507,-1.8894,5
1.3529,-1.8966,5
1.3552,-1.9038,5
1.3575,-1.9110,5
1.3599,-1.9182,5
1.3624,-1.9255,5
1.3649,-1.9327,5
1.3675,-1.9400,5
1.3701,-1.9473,5
1.3728,-1.9546,5
1.3756,-1.9619,5
1.3784,-1.9692,5
1.3813,-1.9765,5
1.3842,-1.9839,5
1.3872,-1.9912,5
1.3903,-1.9985,5
1.3934,-2.0059,5
1.3965,-2.0132,5
1.3998,-2.0206,5
1.4030,-2.0279,5
1.4063,-2.0352,5
1.4097,-2.0426,5
1.4131,-2.0499,5
1.4166,-2.0572,5
1.4202,-2.0646,5
1.4237,-2.0719,5
1.4274,-2.0792,5
1.4311,-2.0865,5
1.4348,-2.0937,5
1.4386,-2.1010,5
1.4424,-2.1082,5
1.4463,-2.1155,5
1.4502,-2.1227,5
1.4542,-2.1299,5
1.4582,-2.1371,5
1.4622,-2.1442,5
1.4663,-2.1513,5
1.4705,-2.1585,5
1.4747,-2.1655,5
1.4789,-2.1726,5
1.4832,-2.1796,5
1.4875,-2.1866,5
1.4918,-2.1936,5
1.4962,-2.2005,5
1.5006,-2.2075,5
1.5051,-2.2143,5
1.5096,-2.2212,5
1.5141,-2.2280,5
1.5187,-2.2348,5
1.5233,-2.2415,5
1.5279,-2.2482,5
1.5326,-2.2548,5
1.5373,-2.2615,5
1.5420,-2.2680,5
1.5468,-2.2746,5
1.5516,-2.2810,5
1.5564,-2.2875,5
1.5613,-2.2939,5
1.5661,-2.3002,5
1.5710,-2.3065,5
1.5759,-2.3128,5
1.5809,-2.3190,5
1.5859,-2.3251,5
1.5909,-2.3312,5
1.5959,-2.3372,5
1.6009,-2.3432,5
1.6060,-2.3491,5
1.6111,-2.3550,5
1.6161,-2.3608,5
1.6213,-2.3666,5
1.6264,-2.3722,5
1.6315,-2.3779,5
1.6367,-2.3834,5
1.6419,-2.3889,5
1.6471,-2.3944,5
1.6523,-2.3998,5
1.6575,-2.4051,5
1.6627,-2.4103,5
1.6679,-2.4155,5
1.6732,-2.4206,5
1.6784,-2.4256,5
1.6837,-2.4306,5
1.6889,-2.4355,5
1.6942,-2.4403,5
1.6994,-2.4451,5
1.7047,-2.4497,5
1.7100,-2.4543,5
1.7153,-2.4589,5
1.7205,-2.4633,5
1.7258,-2.4677,5
1.7311,-2.4720,5
1.7364,-2.4762,5
1.7416,-2.4803,5
1.7469,-2.4844,5
1.7522,-2.4884,5
1.7574,-2.4923,5
1.7627,-2.4961,5
1.7679,-2.4998,5
1.7731,-2.5035,5
1.7784,-2.5070,5
1.7836,-2.5105,5
1.7888,-2.5139,5
1.7940,-2.5172,5
1.7991,-2.5205,5
1.8043,-2.5236,5
1.8095,-2.5267,5
1.8146,-2.5296,5
1.8197,-2.5325,5
1.8248,-2.5353,5
1.8299,-2.5380,5
1.8349,-2.5406,5
1.8400,-2.5431,5
1.8450,-2.5456,5
1.8500,-2.5479,5
1.8550,-2.5502,5
1.8599,-2.5523,5
1.8649,-2.5544,5
1.8698,-2.5564,5
1.8746,-2.5582,5
1.8795,-2.5600,5
1.8843,-2.5617,5
1.8891,-2.5633,5
1.8939,-2.5648,5
1.8986,-2.5663,5
1.9033,-2.5676,5
1.9080,-2.5688,5
1.9126,-2.5699,5
1.9173,-2.5710,5
1.9218,-2.5719,5
1.9264,-2.5728,5
1.9309,-2.5735,5
1.9353,-2.5742,5
1.9398,-2.5747,5
1.9442,-2.5752,5
1.9485,-2.5756,5
1.9528,-2.5758,5
1.9571,-2.5760,5
1.9614,-2.5761,5
1.9656,-2.5761,5
1.9697,-2.5760,5
1.9738,-2.5758,5
1.9779,-2.5754,5
1.9819,-2.5751,5
1.9859,-2.5746,5
1.9898,-2.5740,5
1.9937,-2.5733,5
1.9975,-2.5725,5
2.0013,-2.5716,5
2.0051,-2.5707,5
2.0088,-2.5696,5
2.0124,-2.5684,5
2.0160,-2.5672,5
2.0195,-2.5658,5
2.0230,-2.5644,5
2.0265,-2.5628,5
2.0299,-2.5612,5
2.0332,-2.5595,5
2.0365,-2.5577,5
2.0397,-2.5557,5
2.0429,-2.5537,5
2.0460,-2.5516,5
2.0490,-2.5495,5
2.0520,-2.5472,5
2.0550,-2.5448,5
2.0579,-2.5423,5
2.0607,-2.5398,5
2.0635,-2.5372,5
2.0662,-2.5344,5
2.0688,-2.5316,5
2.0714,-2.5287,5
2.0740,-2.5257,5
2.0764,-2.5226,5
2.0789,-2.5194,5
2.0812,-2.5162,5
2.0835,-2.5129,5
2.0857,-2.5094,5
2.0879,-2.5059,5
2.0900,-2.5023,5
2.0920,-2.4986,5
2.0940,-2.4949,5
2.0959,-2.4910,5
2.0977,-2.4871,5
2.0995,-2.4831,5
2.1012,-2.4790,5
2.1029,-2.4749,5
2.1045,-2.4706,5
2.1060,-2.4663,5
2.1074,-2.4619,5
2.1088,-2.4574,5
2.1102,-2.4529,5
2.1114,-2.4482,5
2.1126,-2.4435,5
2.1137,-2.4388,5
2.1148,-2.4339,5
2.1157,-2.4290,5
2.1167,-2.4240,5
2.1175,-2.4190,5
2.1183,-2.4138,5
2.1190,-2.4086,5
2.1196,-2.4034,5
2.1202,-2.3980,5
2.1207,-2.3927,5
2.1212,-2.3872,5
2.1215,-2.3817,5
2.1218,-2.3761,5
2.1221,-2.3704,5
2.1222,-2.3647,5
2.1223,-2.3590,5
2.1223,-2.3531,5
2.1223,-2.3472,5
2.1222,-2.3413,5
2.1220,-2.3353,5
2.1217,-2.3293,5
2.1214,-2.3231,5
2.1210,-2.3170,5
2.1206,-2.3108,5
2.1200,-2.3045,5
2.1195,-2.2982,5
2.1188,-2.2918,5
2.1181,-2.2854,5
2.1173,-2.2790,5
2.1164,-2.2725,5
2.1155,-2.2659,5
2.1144,-2.2594,5
2.1134,-2.2527,5
2.1122,-2.2461,5
2.1110,-2.2394,5
2.1098,-2.2326,5
2.1084,-2.2258,5
2.1070,-2.2190,5
2.1055,-2.2121,5
2.1040,-2.2053,5
2.1024,-2.1983,5
2.1007,-2.1914,5
2.0990,-2.1844,5
2.0972,-2.1774,5
2.0953,-2.1703,5
2.0934,-2.1633,5
2.0914,-2.1562,5
2.0894,-2.1491,5
2.0872,-2.1419,5
2.0850,-2.1348,5
2.0828,-2.1276,5
2.0805,-2.1204,5
2.0781,-2.1132,5
2.0757,-2.1059,5
2.0732,-2.0987,5
2.0707,-2.0914,5
2.0680,-2.0841,5
2.0654,-2.0768,5
2.0626,-2.0695,5
2.0598,-2.0622,5
2.0570,-2.0549,5
2.0541,-2.0476,5
2.0511,-2.0402,5
2.0481,-2.0329,5
2.0450,-2.0256,5
2.0419,-2.0182,5
2.0387,-2.0109,5
2.0355,-2.0035,5
2.0322,-1.9962,5
2.0288,-1.9888,5
2.0254,-1.9815,5
2.0220,-1.9742,5
2.0185,-1.9669,5
2.0149,-1.9595,5
2.0113,-1.9522,5
2.0076,-1.9449,5
2.0039,-1.9377,5
2.0002,-1.9304,5
1.9964,-1.9231,5
1.9925,-1.9159,5
1.9886,-1.9087,5
1.9847,-1.9015,5
1.9807,-1.8943,5
1.9767,-1.8871,5
1.9726,-1.8800,5
1.9684,-1.8729,5
1.9643,-1.8658,5
1.9601,-1.8587,5
1.9558,-1.8516,5
1.9515,-1.8446,5
1.9472,-1.8376,5
1.9428,-1.8307,5
1.9384,-1.8238,5
1.9340,-1.8169,5
1.9295,-1.8100,5
1.9250,-1.8032,5
1.9204,-1.7964,5
1.9159,-1.7896,5
1.9112,-1.7829,5
1.9066,-1.7762,5
1.9019,-1.7696,5
1.8972,-1.7630,5
1.8924,-1.7565,5
1.8877,-1.7499,5
1.8829,-1.7435,5
1.8780,-1.7371,5
1.8732,-1.7307,5
1.8683,-1.7244,5
1.8634,-1.7181,5
1.8584,-1.7119,5
1.8535,-1.7057,5
1.8485,-1.6996,5
1.8435,-1.6935,5
1.8385,-1.6875,5
1.8334,-1.6816,5
1.8283,-1.6757,5
1.8233,-1.6698,5
1.8181,-1.6641,5
1.8130,-1.6584,5
1.8079,-1.6527,5
1.8027,-1.6471,5
1.7976,-1.6416,5
1.7924,-1.6361,5
1.7872,-1.6307,5
1.7820,-1.6253,5
1.7768,-1.6201,5
1.7716,-1.6149,5
1.7663,-1.6097,5
1.7611,-1.6047,5
1.7558,-1.5996,5
1.7506,-1.5947,5
1.7453,-1.5899,5
1.7400,-1.5851,5
1.7348,-1.5804,5
1.7295,-1.5757,5
1.7242,-1.5712,5
1.7189,-1.5667,5
1.7137,-1.5623,5
1.7084,-1.5579,5
1.7031,-1.5537,5
1.6978,-1.5495,5
1.6926,-1.5454,5
1.6873,-1.5414,5
1.6821,-1.5374,5
1.6768,-1.5336,5
1.6716,-1.5298,5
1.6663,-1.5261,5
1.6611,-1.5225,5
1.6559,-1.5190,5
1.6507,-1.5155,5
1.6455,-1.5122,5
1.6403,-1.5089,5
1.6351,-1.5057,5
1.6300,-1.5026,5
1.6248,-1.4996,5
1.6197,-1.4967,5
1.6146,-1.4938,5
1.6095,-1.4911,5
1.6044,-1.4884,5
1.5994,-1.4859,5
1.5944,-1.4834,5
1.5893,-1.4810,5
1.5844,-1.4787,5
1.5794,-1.4765,5
1.5744,-1.4744,5
1.5695,-1.4724,5
1.5646,-1.4704,5
1.5598,-1.4686,5
1.5549,-1.4669,5
1.5501,-1.4652,5
1.5453,-1.4637,5
1.5406,-1.4622,5
1.5359,-1.4608,5
1.5312,-1.4596,5
1.5265,-1.4584,5
1.5219,-1.4573,5
1.5173,-1.4563,5
1.5127,-1.4554,5
1.5082,-1.4546,5
1.5037,-1.4539,5
1.4993,-1.4533,5
1.4949,-1.4528,5
1.4905,-1.4524,5
1.4862,-1.4521,5
1.4819,-1.4518,5
1.4776,-1.4517,5
1.4734,-1.4517,5
1.4692,-1.4517,5
1.4651,-1.4519,5
1.4610,-1.4521,5
1.4570,-1.4525,5
1.4530,-1.4529,5
1.4490,-1.4535,5
1.4451,-1.4541,5
1.4412,-1.4549,5
1.4374,-1.4557,5
1.4337,-1.4566,5
1.4299,-1.4576,5
1.4263,-1.4587,5
1.4227,-1.4600,5
1.4191,-1.4613,5
1.4156,-1.4627,5
1.4121,-1.4641,5
1.4087,-1.4657,5
1.4053,-1.4674,5
1.4020,-1.4692,5
1.3988,-1.4710,5
1.3956,-1.4730,5
nan,nan,5
1.3956,-1.4730,1
1.3924,-1.4751,1
1.3893,-1.4772,1
1.3863,-1.4794,1
1.3833,-1.4818,1
1.3804,-1.4842,1
1.3776,-1.4867,1
1.3748,-1.4893,1
1.3720,-1.4920,1
1.3693,-1.4947,1
1.3667,-1.4976,1
1.3641,-1.5006,1
1.3616,-1.5036,1
1.3592,-1.5067,1
1.3568,-1.5099,1
1.3545,-1.5132,1
1.3522,-1.5166,1
1.3500,-1.5201,1
1.3479,-1.5236,1
1.3458,-1.5273,1
1.3438,-1.5310,1
1.3419,-1.5348,1
1.3400,-1.5387,1
1.3382,-1.5426,1
1.3365,-1.5467,1
1.3348,-1.5508,1
1.3332,-1.5550,1
1.3316,-1.5593,1
1.3301,-1.5637,1
1.3287,-1.5681,1
1.3274,-1.5726,1
1.3261,-1.5772,1
1.3248,-1.5819,1
1.3237,-1.5866,1
1.3226,-1.5914,1
1.3216,-1.5963,1
1.3206,-1.6012,1
1.3198,-1.6063,1
1.3189,-1.6114,1
1.3182,-1.6165,1
1.3175,-1.6217,1
1.3169,-1.6270,1
1.3164,-1.6324,1
1.3159,-1.6378,1
1.3155,-1.6433,1
1.3152,-1.6489,1
1.3149,-1.6545,1
1.3147,-1.6602,1
1.3146,-1.6659,1
1.3145,-1.6717,1
1.3145,-1.6776,1
1.3146,-1.6835,1
1.3148,-1.6894,1
1.3150,-1.6955,1
1.3153,-1.7016,1
1.3156,-1.7077,1
1.3160,-1.7139,1
1.3165,-1.7201,1
1.3171,-1.7264,1
1.3177,-1.7327,1
1.3184,-1.7391,1
1.3192,-1.7455,1
1.3200,-1.7520,1
1.3209,-1.7585,1
1.3219,-1.7651,1
1.3229,-1.7717,1
1.3240,-1.7784,1
1.3252,-1.7850,1
1.3264,-1.7918,1
1.3278,-1.7985,1
1.3291,-1.8053,1
1.3306,-1.8122,1
1.3321,-1.8191,1
1.3336,-1.8260,1
1.3353,-1.8329,1
1.3370,-1.8399,1
1.3388,-1.8469,1
1.3406,-1.8539,1
1.3425,-1.8609,1
1.3444,-1.8680,1
1.3465,-1.8751,1
1.3486,-1.8823,1
1.3507,-1.8894,1
1.3529,-1.8966,1
1.3552,-1.9038,1
1.3575,-1.9110,1
1.3599,-1.9182,1
1.3624,-1.9255,1
1.3649,-1.9327,1
1.3675,-1.9400,1
1.3701,-1.9473,1
1.3728,-1.9546,1
1.3756,-1.9619,1
1.3784,-1.9692,1
1.3813,-1.9765,1
1.3842,-1.9839,1
1.3872,-1.9912,1
1.3903,-1.9985,1
1.3934,-2.0059,1
1.3965,-2.0132,1
1.3998,-2.0206,1
1.4030,-2.0279,1
1.4063,-2.0352,1
1.4097,-2.0426,1
1.4131,-2.0499,1
1.4166,-2.0572,1
1.4202,-2.0646,1
1.4237,-2.0719,1
1.4274,-2.0792,1
1.4311,-2.0865,1
1.4348,-2.0937,1
1.4386,-2.1010,1
1.4424,-2.1082,1
1.4463,-2.1155,1
1.4502,-2.1227,1
1.4542,-2.1299,1
1.4582,-2.1371,1
1.4622,-2.1442,1
1.4663,-2.1513,1
1.4705,-2.1585,1
1.4747,-2.1655,1
1.4789,-2.1726,1
1.4832,-2.1796,1
1.4875,-2.1866,1
1.4918,-2.1936,1
1.4962,-2.2005,1
1.5006,-2.2075,1
1.5051,-2.2143,1
1.5096,-2.2212,1
1.5141,-2.2280,1
1.5187,-2.2348,1
1.5233,-2.2415,1
1.5279,-2.2482,1
1.5326,-2.2548,1
1.5373,-2.2615,1
1.5420,-2.2680,1
1.5468,-2.2746,1
1.5516,-2.2810,1
1.5564,-2.2875,1
1.5613,-2.2939,1
1.5661,-2.3002,1
1.5710,-2.3065,1
1.5759,-2.3128,1
1.5809,-2.3190,1
1.5859,-2.3251,1
1.5909,-2.3312,1
1.5959,-2.3372,1
1.6009,-2.3432,1
1.6060,-2.3491,1
1.6111,-2.3550,1
1.6161,-2.3608,1
1.6213,-2.3666,1
1.6264,-2.3722,1
1.6315,-2.3779,1
1.6367,-2.3834,1
1.6419,-2.3889,1
1.6471,-2.3944,1
1.6523,-2.3998,1
1.6575,-2.4051,1
1.6627,-2.4103,1
1.6679,-2.4155,1
1.6732,-2.4206,1
1.6784,-2.4256,1
1.6837,-2.4306,1
1.6889,-2.4355,1
1.6942,-2.4403,1
1.6994,-2.4451,1
1.7047,-2.4497,1
1.7100,-2.4543,1
1.7153,-2.4589,1
1.7205,-2.4633,1
1.7258,-2.4677,1
1.7311,-2.4720,1
1.7364,-2.4762,1
1.7416,-2.4803,1
1.7469,-2.4844,1
1.7522,-2.4884,1
1.7574,-2.4923,1
1.7627,-2.4961,1
1.7679,-2.4998,1
1.7731,-2.5035,1
1.7784,-2.5070,1
1.7836,-2.5105,1
1.7888,-2.5139,1
1.7940,-2.5172,1
1.7991,-2.5205,1
1.8043,-2.5236,1
1.8095,-2.5267,1
1.8146,-2.5296,1
1.8197,-2.5325,1
1.8248,-2.5353,1
1.8299,-2.5380,1
1.8349,-2.5406,1
1.8400,-2.5431,1
1.8450,-2.5456,1
1.8500,-2.5479,1
1.8550,-2.5502,1
1.8599,-2.5523,1
1.8649,-2.5544,1
1.8698,-2.5564,1
1.8746,-2.5582,1
1.8795,-2.5600,1
1.8843,-2.5617,1
1.8891,-2.5633,1
1.8939,-2.5648,1
1.8986,-2.5663,1
1.9033,-2.5676,1
1.9080,-2.5688,1
1.9126,-2.5699,1
1.9173,-2.5710,1
1.9218,-2.5719,1
1.9264,-2.5728,1
1.9309,-2.5735,1
1.9353,-2.5742,1
1.9398,-2.5747,1
1.9442,-2.5752,1
1.9485,-2.5756,1
1.9528,-2.5758,1
1.9571,-2.5760,1
1.9614,-2.5761,1
1.9656,-2.5761,1
1.9697,-2.5760,1
1.9738,-2.5758,1
1.9779,-2.5754,1
1.9819,-2.5751,1
1.9859,-2.5746,1
1.9898,-2.5740,1
1.9937,-2.5733,1
1.9975,-2.5725,1
2.0013,-2.5716,1
2.0051,-2.5707,1
2.0088,-2.5696,1
2.0124,-2.5684,1
2.0160,-2.5672,1
2.0195,-2.5658,1
2.0230,-2.5644,1
2.0265,-2.5628,1
2.0299,-2.5612,1
2.0332,-2.5595,1
2.0365,-2.5577,1
2.0397,-2.5557,1
2.0429,-2.5537,1
2.0460,-2.5516,1
2.0490,-2.5495,1
2.0520,-2.5472,1
2.0550,-2.5448,1
2.0579,-2.5423,1
2.0607,-2.5398,1
2.0635,-2.5372,1
2.0662,-2.5344,1
2.0688,-2.5316,1
2.0714,-2.5287,1
2.0740,-2.5257,1
2.0764,-2.5226,1
2.0789,-2.5194,1
2.0812,-2.5162,1
2.0835,-2.5129,1
2.0857,-2.5094,1
2.0879,-2.5059,1
2.0900,-2.5023,1
2.0920,-2.4986,1
2.0940,-2.4949,1
2.0959,-2.4910,1
2.0977,-2.4871,1
2.0995,-2.4831,1
2.1012,-2.4790,1
2.1029,-2.4749,1
2.1045,-2.4706,1
2.1060,-2.4663,1
2.1074,-2.4619,1
2.1088,-2.4574,1
2.1102,-2.4529,1
2.1114,-2.4482,1
2.1126,-2.4435,1
2.1137,-2.4388,1
2.1148,-2.4339,1
2.1157,-2.4290,1
2.1167,-2.4240,1
2.1175,-2.4190,1
2.1183,-2.4138,1
2.1190,-2.4086,1
2.1196,-2.4034,1
2.1202,-2.3980,1
2.1207,-2.3927,1
2.1212,-2.3872,1
2.1215,-2.3817,1
2.1218,-2.3761,1
2.1221,-2.3704,1
2.1222,-2.3647,1
2.1223,-2.3590,1
2.1223,-2.3531,1
2.1223,-2.3472,1
2.1222,-2.3413,1
2.1220,-2.3353,1
2.1217,-2.3293,1
2.1214,-2.3231,1
2.1210,-2.3170,1
2.1206,-2.3108,1
2.1200,-2.3045,1
2.1195,-2.2982,1
2.1188,-2.2918,1
2.1181,-2.2854,1
2.1173,-2.2790,1
2.1164,-2.2725,1
2.1155,-2.2659,1
2.1144,-2.2594,1
2.1134,-2.2527,1
2.1122,-2.2461,1
2.1110,-2.2394,1
2.1098,-2.2326,1
2.1084,-2.2258,1
2.1070,-2.2190,1
2.1055,-2.2121,1
2.1040,-2.2053,1
2.1024,-2.1983,1
2.1007,-2.1914,1
2.0990,-2.1844,1
2.0972,-2.1774,1
2.0953,-2.1703,1
2.0934,-2.1633,1
2.0914,-2.1562,1
2.0894,-2.1491,1
2.0872,-2.1419,1
2.0850,-2.1348,1
2.0828,-2.1276,1
2.0805,-2.1204,1
2.0781,-2.1132,1
2.0757,-2.1059,1
2.0732,-2.0987,1
2.0707,-2.0914,1
2.0680,-2.0841,1
2.0654,-2.0768,1
2.0626,-2.0695,1
2.0598,-2.0622,1
2.0570,-2.0549,1
2.0541,-2.0476,1
2.0511,-2.0402,1
2.0481,-2.0329,1
2.0450,-2.0256,1
2.0419,-2.0182,1
2.0387,-2.0109,1
2.0355,-2.0035,1
2.0322,-1.9962,1
2.0288,-1.9888,1
2.0254,-1.9815,1
2.0220,-1.9742,1
2.0185,-1.9669,1
2.0149,-1.9595,1
2.0113,-1.9522,1
2.0076,-1.9449,1
2.0039,-1.9377,1
2.0002,-1.9304,1
1.9964,-1.9231,1
1.9925,-1.9159,1
1.9886,-1.9087,1
1.9847,-1.9015,1
1.9807,-1.8943,1
1.9767,-1.8871,1
1.9726,-1.8800,1
1.9684,-1.8729,1
1.9643,-1.8658,1
1.9601,-1.8587,1
1.9558,-1.8516,1
1.9515,-1.8446,1
1.9472,-1.8376,1
1.9428,-1.8307,1
1.9384,-1.8238,1
1.9340,-1.8169,1
1.9295,-1.8100,1
1.9250,-1.8032,1
1.9204,-1.7964,1
1.9159,-1.7896,1
1.9112,-1.7829,1
1.9066,-1.7762,1
1.9019,-1.7696,1
1.8972,-1.7630,1
1.8924,-1.7565,1
1.8877,-1.7499,1
1.8829,-1.7435,1
1.8780,-1.7371,1
1.8732,-1.7307,1
1.8683,-1.7244,1
1.8634,-1.7181,1
1.8584,-1.7119,1
1.8535,-1.7057,1
1.8485,-1.6996,1
1.8435,-1.6935,1
1.8385,-1.6875,1
1.8334,-1.6816,1
1.8283,-1.6757,1
1.8233,-1.6698,1
1.8181,-1.6641,1
1.8130,-1.6584,1
1.8079,-1.6527,1
1.8027,-1.6471,1
1.7976,-1.6416,1
1.7924,-1.6361,1
1.7872,-1.6307,1
1.7820,-1.6253,1
1.7768,-1.6201,1
1.7716,-1.6149,1
1.7663,-1.6097,1
1.7611,-1.6047,1
1.7558,-1.5996,1
1.7506,-1.5947,1
1.7453,-1.5899,1
1.7400,-1.5851,1
1.7348,-1.5804,1
1.7295,-1.5757,1
1.7242,-1.5712,1
1.7189,-1.5667,1
1.7137,-1.5623,1
1.7084,-1.5579,1
1.7031,-1.5537,1
1.6978,-1.5495,1
1.6926,-1.5454,1
1.6873,-1.5414,1
1.6821,-1.5374,1
1.6768,-1.5336,1
1.6716,-1.5298,1
1.6663,-1.5261,1
1.6611,-1.5225,1
1.6559,-1.5190,1
1.6507,-1.5155,1
1.6455,-1.5122,1
1.6403,-1.5089,1
1.6351,-1.5057,1
1.6300,-1.5026,1
1.6248,-1.4996,1
1.6197,-1.4967,1
1.6146,-1.4938,1
1.6095,-1.4911,1
1.6044,-1.4884,1
1.5994,-1.4859,1
1.5944,-1.4834,1
1.5893,-1.4810,1
1.5844,-1.4787,1
1.5794,-1.4765,1
1.5744,-1.4744,1
1.5695,-1.4724,1
1.5646,-1.4704,1
1.5598,-1.4686,1
1.5549,-1.4669,1
1.5501,-1.4652,1
1.5453,-1.4637,1
1.5406,-1.4622,1
1.5359,-1.4608,1
1.5312,-1.4596,1
1.5265,-1.4584,1
1.5219,-1.4573,1
1.5173,-1.4563,1
1.5127,-1.4554,1
1.5082,-1.4546,1
1.5037,-1.4539,1
1.4993,-1.4533,1
1.4949,-1.4528,1
1.4905,-1.4524,1
1.4862,-1.4521,1
1.4819,-1.4518,1
1.4776,-1.4517,1
1.4734,-1.4517,1
1.4692,-1.4517,1
1.4651,-1.4519,1
1.4610,-1.4521,1
1.4570,-1.4525,1
1.4530,-1.4529,1
1.4490,-1.4535,1
1.4451,-1.4541,1
1.4412,-1.4549,1
1.4374,-1.4557,1
1.4337,-1.4566,1
1.4299,-1.4576,1
1.4263,-1.4587,1
1.4227,-1.4600,1
1.4191,-1.4613,1
1.4156,-1.4627,1
1.4121,-1.4641,1
1.4087,-1.4657,1
1.4053,-1.4674,1
1.4020,-1.4692,1
1.3988,-1.4710,1
1.3956,-1.4730,1
nan,nan,1
1.0086,-4.7500,5
1.0087,-4.7335,5
1.0090,-4.7170,5
1.0094,-4.7006,5
1.0100,-4.6841,5
1.0108,-4.6677,5
1.0117,-4.6512,5
1.0128,-4.6349,5
1.0141,-4.6185,5
1.0156,-4.6022,5
1.0172,-4.5859,5
1.0190,-4.5697,5
1.0210,-4.5536,5
1.0231,-4.5375,5
1.0254,-4.5214,5
1.0279,-4.5055,5
1.0306,-4.4896,5
1.0334,-4.4738,5
1.0363,-4.4580,5
1.0395,-4.4424,5
1.0428,-4.4269,5
1.0462,-4.4114,5
1.0499,-4.3961,5
1.0536,-4.3808,5
1.0576,-4.3657,5
1.0617,-4.3507,5
1.0659,-4.3358,5
1.0704,-4.3211,5
1.0749,-4.3065,5
1.0796,-4.2920,5
1.0845,-4.2776,5
1.0895,-4.2634,5
1.0947,-4.2493,5
1.1000,-4.2354,5
1.1055,-4.2217,5
1.1111,-4.2081,5
1.1168,-4.1947,5
1.1227,-4.1814,5
1.1287,-4.1683,5
1.1348,-4.1554,5
1.1411,-4.1427,5
1.1476,-4.1302,5
1.1541,-4.1178,5
1.1608,-4.1057,5
1.1676,-4.0937,5
1.1745,-4.0819,5
1.1816,-4.0704,5
1.1887,-4.0590,5
1.1960,-4.0479,5
1.2034,-4.0370,5
1.2109,-4.0263,5
1.2186,-4.0158,5
1.2263,-4.0055,5
1.2341,-3.9955,5
1.2421,-3.9857,5
1.2501,-3.9761,5
1.2583,-3.9667,5
1.2665,-3.9576,5
1.2749,-3.9488,5
1.2833,-3.9402,5
1.2918,-3.9318,5
1.3004,-3.9237,5
1.3091,-3.9158,5
1.3179,-3.9082,5
1.3267,-3.9008,5
1.3356,-3.8937,5
1.3446,-3.8869,5
1.3537,-3.8803,5
1.3628,-3.8740,5
1.3720,-3.8680,5
1.3813,-3.8622,5
1.3906,-3.8567,5
1.4000,-3.8515,5
1.4094,-3.8465,5
1.4189,-3.8418,5
1.4284,-3.8374,5
1.4380,-3.8333,5
1.4476,-3.8294,5
1.4572,-3.8259,5
1.4669,-3.8226,5
1.4766,-3.8196,5
1.4864,-3.8168,5
1.4962,-3.8144,5
1.5060,-3.8123,5
1.5158,-3.8104,5
1.5256,-3.8088,5
1.5355,-3.8075,5
1.5454,-3.8065,5
1.5552,-3.8058,5
1.5651,-3.8054,5
1.5750,-3.8052,5
1.5849,-3.8054,5
1.5948,-3.8058,5
1.6046,-3.8065,5
1.6145,-3.8075,5
1.6244,-3.8088,5
1.6342,-3.8104,5
1.6440,-3.8123,5
1.6538,-3.8144,5
1.6636,-3.8168,5
1.6734,-3.8196,5
1.6831,-3.8226,5
1.6928,-3.8259,5
1.7024,-3.8294,5
1.7120,-3.8333,5
1.7216,-3.8374,5
1.7311,-3.8418,5
1.7406,-3.8465,5
1.7500,-3.8515,5
1.7594,-3.8567,5
1.7687,-3.8622,5
1.7780,-3.8680,5
1.7872,-3.8740,5
1.7963,-3.8803,5
1.8054,-3.8869,5
1.8144,-3.8937,5
1.8233,-3.9008,5
1.8321,-3.9082,5
1.8409,-3.9158,5
1.8496,-3.9237,5
1.8582,-3.9318,5
1.8667,-3.9402,5
1.8751,-3.9488,5
1.8835,-3.9576,5
1.8917,-3.9667,5
1.8999,-3.9761,5
1.9079,-3.9857,5
1.9159,-3.9955,5
1.9237,-4.0055,5
1.9314,-4.0158,5
1.9391,-4.0263,5
1.9466,-4.0370,5
1.9540,-4.0479,5
1.9613,-4.0590,5
1.9684,-4.0704,5
1.9755,-4.0819,5
1.9824,-4.0937,5
1.9892,-4.1057,5
1.9959,-4.1178,5
2.0024,-4.1302,5
2.0089,-4.1427,5
2.0152,-4.1554,5
2.0213,-4.1683,5
2.0273,-4.1814,5
2.0332,-4.1947,5
2.0389,-4.2081,5
2.0445,-4.2217,5
2.0500,-4.2354,5
2.0553,-4.2493,5
2.0605,-4.2634,5
2.0655,-4.2776,5
2.0704,-4.2920,5
2.0751,-4.3065,5
2.0796,-4.3211,5
2.0841,-4.3358,5
2.0883,-4.3507,5
2.0924,-4.3657,5
2.0964,-4.3808,5
2.1001,-4.3961,5
2.1038,-4.4114,5
2.1072,-4.4269,5
2.1105,-4.4424,5
2.1137,-4.4580,5
2.1166,-4.4738,5
2.1194,-4.4896,5
2.1221,-4.5055,5
2.1246,-4.5214,5
2.1269,-4.5375,5
2.1290,-4.5536,5
2.1310,-4.5697,5
2.1328,-4.5859,5
2.1344,-4.6022,5
2.1359,-4.6185,5
2.1372,-4.6349,5
2.1383,-4.6512,5
2.1392,-4.6677,5
2.1400,-4.6841,5
2.1406,-4.7006,5
2.1410,-4.7170,5
2.1413,-4.7335,5
2.1414,-4.7500,5
1.0086,-4.7500,5
nan,nan,5
1.5750,-3.8052,1
1.5849,-3.8054,1
1.5948,-3.8058,1
1.6046,-3.8065,1
1.6145,-3.8075,1
1.6244,-3.8088,1
1.6342,-3.8104,1
1.6440,-3.8123,1
1.6538,-3.8144,1
1.6636,-3.8168,1
1.6734,-3.8196,1
1.6831,-3.8226,1
1.6928,-3.8259,1
1.7024,-3.8294,1
1.7120,-3.8333,1
1.7216,-3.8374,1
1.7311,-3.8418,1
1.7406,-3.8465,1
1.7500,-3.8515,1
1.7594,-3.8567,1
1.7687,-3.8622,1
1.7780,-3.8680,1
1.7872,-3.8740,1
1.7963,-3.8803,1
1.8054,-3.8869,1
1.8144,-3.8937,1
1.8233,-3.9008,1
1.8321,-3.9082,1
1.8409,-3.9158,1
1.8496,-3.9237,1
1.8582,-3.9318,1
1.8667,-3.9402,1
1.8751,-3.9488,1
1.8835,-3.9576,1
1.8917,-3.9667,1
1.8999,-3.9761,1
1.9079,-3.9857,1
1.9159,-3.9955,1
1.9237,-4.0055,1
1.9314,-4.0158,1
1.9391,-4.0263,1
1.9466,-4.0370,1
1.9540,-4.0479,1
1.9613,-4.0590,1
1.9684,-4.0704,1
1.9755,-4.0819,1
1.9824,-4.0937,1
1.9892,-4.1057,1
1.9959,-4.1178,1
2.0024,-4.1302,1
2.0089,-4.1427,1
2.0152,-4.1554,1
2.0213,-4.1683,1
2.0273,-4.1814,1
2.0332,-4.1947,1
2.0389,-4.2081,1
2.0445,-4.2217,1
2.0500,-4.2354,1
2.0553,-4.2493,1
2.0605,-4.2634,1
2.0655,-4.2776,1
2.0704,-4.2920,1
2.0751,-4.3065,1
2.0796,-4.3211,1
2.0841,-4.3358,1
2.0883,-4.3507,1
2.0924,-4.3657,1
2.0964,-4.3808,1
2.1001,-4.3961,1
2.1038,-4.4114,1
2.1072,-4.4269,1
2.1105,-4.4424,1
2.1137,-4.4580,1
2.1166,-4.4738,1
2.1194,-4.4896,1
2.1221,-4.5055,1
2.1246,-4.5214,1
2.1269,-4.5375,1
2.1290,-4.5536,1
2.1310,-4.5697,1
2.1328,-4.5859,1
2.1344,-4.6022,1
2.1359,-4.6185,1
2.1372,-4.6349,1
2.1383,-4.6512,1
2.1392,-4.6677,1
2.1400,-4.6841,1
2.1406,-4.7006,1
2.1410,-4.7170,1
2.1413,-4.7335,1
2.1414,-4.7500,1
2.1413,-4.7665,1
2.1410,-4.7830,1
2.1406,-4.7994,1
2.1400,-4.8159,1
2.1392,-4.8323,1
2.1383,-4.8488,1
2.1372,-4.8651,1
2.1359,-4.8815,1
2.1344,-4.8978,1
2.1328,-4.9141,1
2.1310,-4.9303,1
2.1290,-4.9464,1
2.1269,-4.9625,1
2.1246,-4.9786,1
2.1221,-4.9945,1
2.1194,-5.0104,1
2.1166,-5.0262,1
2.1137,-5.0420,1
2.1105,-5.0576,1
2.1072,-5.0731,1
2.1038,-5.0886,1
2.1001,-5.1039,1
2.0964,-5.1192,1
2.0924,-5.1343,1
2.0883,-5.1493,1
2.0841,-5.1642,1
2.0796,-5.1789,1
2.0751,-5.1935,1
2.0704,-5.2080,1
2.0655,-5.2224,1
2.0605,-5.2366,1
2.0553,-5.2507,1
2.0500,-5.2646,1
2.0445,-5.2783,1
2.0389,-5.2919,1
2.0332,-5.3053,1
2.0273,-5.3186,1
2.0213,-5.3317,1
2.0152,-5.3446,1
2.0089,-5.3573,1
2.0024,-5.3698,1
1.9959,-5.3822,1
1.9892,-5.3943,1
1.9824,-5.4063,1
1.9755,-5.4181,1
1.9684,-5.4296,1
1.9613,-5.4410,1
1.9540,-5.4521,1
1.9466,-5.4630,1
1.9391,-5.4737,1
1.9314,-5.4842,1
1.9237,-5.4945,1
1.9159,-5.5045,1
1.9079,-5.5143,1
1.8999,-5.5239,1
1.8917,-5.5333,1
1.8835,-5.5424,1
1.8751,-5.5512,1
1.8667,-5.5598,1
1.8582,-5.5682,1
1.8496,-5.5763,1
1.8409,-5.5842,1
1.8321,-5.5918,1
1.8233,-5.5992,1
1.8144,-5.6063,1
1.8054,-5.6131,1
1.7963,-5.6197,1
1.7872,-5.6260,1
1.7780,-5.6320,1
1.7687,-5.6378,1
1.7594,-5.6433,1
1.7500,-5.6485,1
1.7406,-5.6535,1
1.7311,-5.6582,1
1.7216,-5.6626,1
1.7120,-5.6667,1
1.7024,-5.6706,1
1.6928,-5.6741,1
1.6831,-5.6774,1
1.6734,-5.6804,1
1.6636,-5.6832,1
1.6538,-5.6856,1
1.6440,-5.6877,1
1.6342,-5.6896,1
1.6244,-5.6912,1
1.6145,-5.6925,1
1.6046,-5.6935,1
1.5948,-5.6942,1
1.5849,-5.6946,1
1.5750,-5.6948,1
1.5651,-5.6946,1
1.5552,-5.6942,1
1.5454,-5.6935,1
1.5355,-5.6925,1
1.5256,-5.6912,1
1.5158,-5.6896,1
1.5060,-5.6877,1
1.4962,-5.6856,1
1.4864,-5.6832,1
1.4766,-5.6804,1
1.4669,-5.6774,1
1.4572,-5.6741,1
1.4476,-5.6706,1
1.4380,-5.6667,1
1.4284,-5.6626,1
1.4189,-5.6582,1
1.4094,-5.6535,1
1.4000,-5.6485,1
1.3906,-5.6433,1
1.3813,-5.6378,1
1.3720,-5.6320,1
1.3628,-5.6260,1
1.3537,-5.6197,1
1.3446,-5.6131,1
1.3356,-5.6063,1
1.3267,-5.5992,1
1.3179,-5.5918,1
1.3091,-5.5842,1
1.3004,-5.5763,1
1.2918,-5.5682,1
1.2833,-5.5598,1
1.2749,-5.5512,1
1.2665,-5.5424,1
1.2583,-5.5333,1
1.2501,-5.5239,1
1.2421,-5.5143,1
1.2341,-5.5045,1
1.2263,-5.4945,1
1.2186,-5.4842,1
1.2109,-5.4737,1
1.2034,-5.4630,1
1.1960,-5.4521,1
1.1887,-5.4410,1
1.1816,-5.4296,1
1.1745,-5.4181,1
1.1676,-5.4063,1
1.1608,-5.3943,1
1.1541,-5.3822,1
1.1476,-5.3698,1
1.1411,-5.3573,1
1.1348,-5.3446,1
1.1287,-5.3317,1
1.1227,-5.3186,1
1.1168,-5.3053,1
1.1111,-5.2919,1
1.1055,-5.2783,1
1.1000,-5.2646,1
1.0947,-5.2507,1
1.0895,-5.2366,1
1.0845,-5.2224,1
1.0796,-5.2080,1
1.0749,-5.1935,1
1.0704,-5.1789,1
1.0659,-5.1642,1
1.0617,-5.1493,1
1.0576,-5.1343,1
1.0536,-5.1192,1
1.0499,-5.1039,1
1.0462,-5.0886,1
1.0428,-5.0731,1
1.0395,-5.0576,1
1.0363,-5.0420,1
1.0334,-5.0262,1
1.0306,-5.0104,1
1.0279,-4.9945,1
1.0254,-4.9786,1
1.0231,-4.9625,1
1.0210,-4.9464,1
1.0190,-4.9303,1
1.0172,-4.9141,1
1.0156,-4.8978,1
1.0141,-4.8815,1
1.0128,-4.8651,1
1.0117,-4.8488,1
1.0108,-4.8323,1
1.0100,-4.8159,1
1.0094,-4.7994,1
1.0090,-4.7830,1
1.0087,-4.7665,1
1.0086,-4.7500,1
1.0087,-4.7335,1
1.0090,-4.7170,1
1.0094,-4.7006,1
1.0100,-4.6841,1
1.0108,-4.6677,1
1.0117,-4.6512,1
1.0128,-4.6349,1
1.0141,-4.6185,1
1.0156,-4.6022,1
1.0172,-4.5859,1
1.0190,-4.5697,1
1.0210,-4.5536,1
1.0231,-4.5375,1
1.0254,-4.5214,1
1.0279,-4.5055,1
1.0306,-4.4896,1
1.0334,-4.4738,1
1.0363,-4.4580,1
1.0395,-4.4424,1
1.0428,-4.4269,1
1.0462,-4.4114,1
1.0499,-4.3961,1
1.0536,-4.3808,1
1.0576,-4.3657,1
1.0617,-4.3507,1
1.0659,-4.3358,1
1.0704,-4.3211,1
1.0749,-4.3065,1
1.0796,-4.2920,1
1.0845,-4.2776,1
1.0895,-4.2634,1
1.0947,-4.2493,1
1.1000,-4.2354,1
1.1055,-4.2217,1
1.1111,-4.2081,1
1.1168,-4.1947,1
1.1227,-4.1814,1
1.1287,-4.1683,1
1.1348,-4.1554,1
1.1411,-4.1427,1
1.1476,-4.1302,1
1.1541,-4.1178,1
1.1608,-4.1057,1
1.1676,-4.0937,1
1.1745,-4.0819,1
1.1816,-4.0704,1
1.1887,-4.0590,1
1.1960,-4.0479,1
1.2034,-4.0370,1
1.2109,-4.0263,1
1.2186,-4.0158,1
1.2263,-4.0055,1
1.2341,-3.9955,1
1.2421,-3.9857,1
1.2501,-3.9761,1
1.2583,-3.9667,1
1.2665,-3.9576,1
1.2749,-3.9488,1
1.2833,-3.9402,1
1.2918,-3.9318,1
1.3004,-3.9237,1
1.3091,-3.9158,1
1.3179,-3.9082,1
1.3267,-3.9008,1
1.3356,-3.8937,1
1.3446,-3.8869,1
1.3537,-3.8803,1
1.3628,-3.8740,1
1.3720,-3.8680,1
1.3813,-3.8622,1
1.3906,-3.8567,1
1.4000,-3.8515,1
1.4094,-3.8465,1
1.4189,-3.8418,1
1.4284,-3.8374,1
1.4380,-3.8333,1
1.4476,-3.8294,1
1.4572,-3.8259,1
1.4669,-3.8226,1
1.4766,-3.8196,1
1.4864,-3.8168,1
1.4962,-3.8144,1
1.5060,-3.8123,1
1.5158,-3.8104,1
1.5256,-3.8088,1
1.5355,-3.8075,1
1.5454,-3.8065,1
1.5552,-3.8058,1
1.5651,-3.8054,1
1.5750,-3.8052,1
nan,nan,1
1.0086,-4.7500,1
2.1414,-4.7500,1
nan,nan,1
1.5750,-5.8748,4
1.5750,-3.6252,4
nan,nan,4
1.5750,-6.9483,1
1.6346,-6.9528,1
1.6592,-6.9572,1
1.6780,-6.9617,1
1.6937,-6.9661,1
1.7076,-6.9706,1
1.7200,-6.9750,1
1.7314,-6.9795,1
1.7420,-6.9840,1
1.7519,-6.9884,1
1.7612,-6.9929,1
1.7700,-6.9973,1
1.7783,-7.0018,1
1.7863,-7.0062,1
1.7940,-7.0107,1
1.8014,-7.0151,1
1.8084,-7.0196,1
1.8153,-7.0240,1
1.8219,-7.0285,1
1.8283,-7.0329,1
1.8345,-7.0374,1
1.8405,-7.0419,1
1.8463,-7.0463,1
1.8520,-7.0508,1
1.8576,-7.0552,1
1.8630,-7.0597,1
1.8682,-7.0641,1
1.8734,-7.0686,1
1.8784,-7.0730,1
1.8833,-7.0775,1
1.8881,-7.0819,1
1.8928,-7.0864,1
1.8974,-7.0908,1
1.9019,-7.0953,1
1.9063,-7.0998,1
1.9106,-7.1042,1
1.9148,-7.1087,1
1.9190,-7.1131,1
1.9231,-7.1176,1
1.9271,-7.1220,1
1.9310,-7.1265,1
1.9348,-7.1309,1
1.9386,-7.1354,1
1.9424,-7.1398,1
1.9460,-7.1443,1
1.9496,-7.1487,1
1.9532,-7.1532,1
1.9566,-7.1577,1
1.9601,-7.1621,1
1.9634,-7.1666,1
1.9667,-7.1710,1
1.9700,-7.1755,1
1.9732,-7.1799,1
1.9764,-7.1844,1
1.9795,-7.1888,1
1.9825,-7.1933,1
1.9855,-7.1977,1
1.9885,-7.2022,1
1.9914,-7.2066,1
1.9943,-7.2111,1
1.9972,-7.2155,1
1.9999,-7.2200,1
2.0027,-7.2245,1
2.0054,-7.2289,1
2.0081,-7.2334,1
2.0107,-7.2378,1
2.0133,-7.2423,1
2.0159,-7.2467,1
2.0184,-7.2512,1
2.0209,-7.2556,1
2.0233,-7.2601,1
2.0257,-7.2645,1
2.0281,-7.2690,1
2.0304,-7.2734,1
2.0328,-7.2779,1
2.0350,-7.2824,1
2.0373,-7.2868,1
2.0395,-7.2913,1
2.0417,-7.2957,1
2.0438,-7.3002,1
2.0459,-7.3046,1
2.0480,-7.3091,1
2.0501,-7.3135,1
2.0521,-7.3180,1
2.0541,-7.3224,1
2.0561,-7.3269,1
2.0580,-7.3313,1
2.0599,-7.3358,1
2.0618,-7.3403,1
2.0637,-7.3447,1
2.0655,-7.3492,1
2.0673,-7.3536,1
2.0691,-7.3581,1
2.0708,-7.3625,1
2.0726,-7.3670,1
2.0742,-7.3714,1
2.0759,-7.3759,1
2.0776,-7.3803,1
2.0792,-7.3848,1
2.0808,-7.3892,1
2.0824,-7.3937,1
2.0839,-7.3982,1
2.0854,-7.4026,1
2.0869,-7.4071,1
2.0884,-7.4115,1
2.0899,-7.4160,1
2.0913,-7.4204,1
2.0927,-7.4249,1
2.0941,-7.4293,1
2.0955,-7.4338,1
2.0968,-7.4382,1
2.0981,-7.4427,1
2.0994,-7.4471,1
2.1007,-7.4516,1
2.1019,-7.4561,1
2.1032,-7.4605,1
2.1044,-7.4650,1
2.1056,-7.4694,1
2.1067,-7.4739,1
2.1079,-7.4783,1
2.1090,-7.4828,1
2.1101,-7.4872,1
2.1112,-7.4917,1
2.1122,-7.4961,1
2.1133,-7.5006,1
2.1143,-7.5050,1
2.1153,-7.5095,1
2.1163,-7.5140,1
2.1172,-7.5184,1
2.1182,-7.5229,1
2.1191,-7.5273,1
2.1200,-7.5318,1
2.1209,-7.5362,1
2.1217,-7.5407,1
2.1226,-7.5451,1
2.1234,-7.5496,1
2.1242,-7.5540,1
2.1250,-7.5585,1
2.1257,-7.5629,1
2.1265,-7.5674,1
2.1272,-7.5718,1
2.1279,-7.5763,1
2.1286,-7.5808,1
2.1293,-7.5852,1
2.1299,-7.5897,1
2.1306,-7.5941,1
2.1312,-7.5986,1
2.1318,-7.6030,1
2.1324,-7.6075,1
2.1329,-7.6119,1
2.1335,-7.6164,1
2.1340,-7.6208,1
2.1345,-7.6253,1
2.1350,-7.6297,1
2.1354,-7.6342,1
2.1359,-7.6387,1
2.1363,-7.6431,1
2.1367,-7.6476,1
2.1371,-7.6520,1
2.1375,-7.6565,1
2.1379,-7.6609,1
2.1382,-7.6654,1
2.1385,-7.6698,1
2.1388,-7.6743,1
2.1391,-7.6787,1
2.1394,-7.6832,1
2.1397,-7.6876,1
2.1399,-7.6921,1
2.1401,-7.6966,1
2.1403,-7.7010,1
2.1405,-7.7055,1
2.1407,-7.7099,1
2.1408,-7.7144,1
2.1409,-7.7188,1
2.1411,-7.7233,1
2.1412,-7.7277,1
2.1412,-7.7322,1
2.1413,-7.7366,1
2.1413,-7.7411,1
2.1414,-7.7455,1
2.1414,-7.7500,1
nan,nan,1
1.5750,-6.9483,1
1.5154,-6.9528,1
1.4908,-6.9572,1
1.4720,-6.9617,1
1.4563,-6.9661,1
1.4424,-6.9706,1
1.4300,-6.9750,1
1.4186,-6.9795,1
1.4080,-6.9840,1
1.3981,-6.9884,1
1.3888,-6.9929,1
1.3800,-6.9973,1
1.3717,-7.0018,1
1.3637,-7.0062,1
1.3560,-7.0107,1
1.3486,-7.0151,1
1.3416,-7.0196,1
1.3347,-7.0240,1
1.3281,-7.0285,1
1.3217,-7.0329,1
1.3155,-7.0374,1
1.3095,-7.0419,1
1.3037,-7.0463,1
1.2980,-7.0508,1
1.2924,-7.0552,1
1.2870,-7.0597,1
1.2818,-7.0641,1
1.2766,-7.0686,1
1.2716,-7.0730,1
1.2667,-7.0775,1
1.2619,-7.0819,1
1.2572,-7.0864,1
1.2526,-7.0908,1
1.2481,-7.0953,1
1.2437,-7.0998,1
1.2394,-7.1042,1
1.2352,-7.1087,1
1.2310,-7.1131,1
1.2269,-7.1176,1
1.2229,-7.1220,1
1.2190,-7.1265,1
1.2152,-7.1309,1
1.2114,-7.1354,1
1.2076,-7.1398,1
1.2040,-7.1443,1
1.2004,-7.1487,1
1.1968,-7.1532,1
1.1934,-7.1577,1
1.1899,-7.1621,1
1.1866,-7.1666,1
1.1833,-7.1710,1
1.1800,-7.1755,1
1.1768,-7.1799,1
1.1736,-7.1844,1
1.1705,-7.1888,1
1.1675,-7.1933,1
1.1645,-7.1977,1
1.1615,-7.2022,1
1.1586,-7.2066,1
1.1557,-7.2111,1
1.1528,-7.2155,1
1.1501,-7.2200,1
1.1473,-7.2245,1
1.1446,-7.2289,1
1.1419,-7.2334,1
1.1393,-7.2378,1
1.1367,-7.2423,1
1.1341,-7.2467,1
1.1316,-7.2512,1
1.1291,-7.2556,1
1.1267,-7.2601,1
1.1243,-7.2645,1
1.1219,-7.2690,1
1.1196,-7.2734,1
1.1172,-7.2779,1
1.1150,-7.2824,1
1.1127,-7.2868,1
1.1105,-7.2913,1
1.1083,-7.2957,1
1.1062,-7.3002,1
1.1041,-7.3046,1
1.1020,-7.3091,1
1.0999,-7.3135,1
1.0979,-7.3180,1
1.0959,-7.3224,1
1.0939,-7.3269,1
1.0920,-7.3313,1
1.0901,-7.3358,1
1.0882,-7.3403,1
1.0863,-7.3447,1
1.0845,-7.3492,1
1.0827,-7.3536,1
1.0809,-7.3581,1
1.0792,-7.3625,1
1.0774,-7.3670,1
1.0758,-7.3714,1
1.0741,-7.3759,1
1.0724,-7.3803,1
1.0708,-7.3848,1
1.0692,-7.3892,1
1.0676,-7.3937,1
1.0661,-7.3982,1
1.0646,-7.4026,1
1.0631,-7.4071,1
1.0616,-7.4115,1
1.0601,-7.4160,1
1.0587,-7.4204,1
1.0573,-7.4249,1
1.0559,-7.4293,1
1.0545,-7.4338,1
1.0532,-7.4382,1
1.0519,-7.4427,1
1.0506,-7.4471,1
1.0493,-7.4516,1
1.0481,-7.4561,1
1.0468,-7.4605,1
1.0456,-7.4650,1
1.0444,-7.4694,1
1.0433,-7.4739,1
1.0421,-7.4783,1
1.0410,-7.4828,1
1.0399,-7.4872,1
1.0388,-7.4917,1
1.0378,-7.4961,1
1.0367,-7.5006,1
1.0357,-7.5050,1
1.0347,-7.5095,1
1.0337,-7.5140,1
1.0328,-7.5184,1
1.0318,-7.5229,1
1.0309,-7.5273,1
1.0300,-7.5318,1
1.0291,-7.5362,1
1.0283,-7.5407,1
1.0274,-7.5451,1
1.0266,-7.5496,1
1.0258,-7.5540,1
1.0250,-7.5585,1
1.0243,-7.5629,1
1.0235,-7.5674,1
1.0228,-7.5718,1
1.0221,-7.5763,1
1.0214,-7.5808,1
1.0207,-7.5852,1
1.0201,-7.5897,1
1.0194,-7.5941,1
1.0188,-7.5986,1
1.0182,-7.6030,1
1.0176,-7.6075,1
1.0171,-7.6119,1
1.0165,-7.6164,1
1.0160,-7.6208,1
1.0155,-7.6253,1
1.0150,-7.6297,1
1.0146,-7.6342,1
1.0141,-7.6387,1
1.0137,-7.6431,1
1.0133,-7.6476,1
1.0129,-7.6520,1
1.0125,-7.6565,1
1.0121,-7.6609,1
1.0118,-7.6654,1
1.0115,-7.6698,1
1.0112,-7.6743,1
1.0109,-7.6787,1
1.0106,-7.6832,1
1.0103,-7.6876,1
1.0101,-7.6921,1
1.0099,-7.6966,1
1.0097,-7.7010,1
1.0095,-7.7055,1
1.0093,-7.7099,1
1.0092,-7.7144,1
1.0091,-7.7188,1
1.0089,-7.7233,1
1.0088,-7.7277,1
1.0088,-7.7322,1
1.0087,-7.7366,1
1.0087,-7.7411,1
1.0086,-7.7455,1
1.0086,-7.7500,1
nan,nan,1
1.0086,-7.7500,1
2.1414,-7.7500,1
nan,nan,1
1.9755,-7.5376,3
1.9649,-7.5321,3
1.9540,-7.5267,3
1.9428,-7.5216,3
1.9314,-7.5165,3
1.9198,-7.5117,3
1.9079,-7.5070,3
1.8958,-7.5024,3
1.8835,-7.4980,3
1.8709,-7.4938,3
1.8582,-7.4898,3
1.8453,-7.4860,3
1.8321,-7.4823,3
1.8188,-7.4788,3
1.8054,-7.4755,3
1.7917,-7.4724,3
1.7780,-7.4695,3
1.7641,-7.4668,3
1.7500,-7.4643,3
1.7359,-7.4619,3
1.7216,-7.4598,3
1.7072,-7.4579,3
1.6928,-7.4561,3
1.6782,-7.4546,3
1.6636,-7.4533,3
1.6489,-7.4521,3
1.6342,-7.4512,3
1.6194,-7.4505,3
1.6046,-7.4500,3
1.5898,-7.4497,3
1.5750,-7.4496,3
1.5602,-7.4497,3
1.5454,-7.4500,3
1.5306,-7.4505,3
1.5158,-7.4512,3
1.5011,-7.4521,3
1.4864,-7.4533,3
1.4718,-7.4546,3
1.4572,-7.4561,3
1.4428,-7.4579,3
1.4284,-7.4598,3
1.4141,-7.4619,3
1.4000,-7.4643,3
1.3859,-7.4668,3
1.3720,-7.4695,3
1.3583,-7.4724,3
1.3446,-7.4755,3
1.3312,-7.4788,3
1.3179,-7.4823,3
1.3047,-7.4860,3
1.2918,-7.4898,3
1.2791,-7.4938,3
1.2665,-7.4980,3
1.2542,-7.5024,3
1.2421,-7.5070,3
1.2302,-7.5117,3
1.2186,-7.5165,3
1.2072,-7.5216,3
1.1960,-7.5267,3
1.1851,-7.5321,3
1.1745,-7.5376,3
1.1642,-7.5432,3
1.1541,-7.5490,3
1.1443,-7.5549,3
1.1348,-7.5609,3
1.1257,-7.5671,3
1.1168,-7.5734,3
1.1082,-7.5798,3
1.1000,-7.5864,3
1.0921,-7.5930,3
1.0845,-7.5998,3
1.0773,-7.6066,3
1.0704,-7.6136,3
1.0638,-7.6207,3
1.0576,-7.6278,3
1.0517,-7.6350,3
1.0462,-7.6423,3
1.0411,-7.6497,3
1.0363,-7.6572,3
1.0319,-7.6647,3
1.0279,-7.6722,3
1.0243,-7.6799,3
1.0210,-7.6875,3
1.0181,-7.6953,3
1.0156,-7.7030,3
1.0135,-7.7108,3
1.0117,-7.7186,3
1.0104,-7.7264,3
1.0094,-7.7343,3
1.0088,-7.7421,3
1.0086,-7.7500,3
1.0088,-7.7579,3
1.0094,-7.7657,3
1.0104,-7.7736,3
1.0117,-7.7814,3
1.0135,-7.7892,3
1.0156,-7.7970,3
1.0181,-7.8047,3
1.0210,-7.8125,3
1.0243,-7.8201,3
1.0279,-7.8278,3
1.0319,-7.8353,3
1.0363,-7.8428,3
1.0411,-7.8503,3
1.0462,-7.8577,3
1.0517,-7.8650,3
1.0576,-7.8722,3
1.0638,-7.8793,3
1.0704,-7.8864,3
1.0773,-7.8934,3
1.0845,-7.9002,3
1.0921,-7.9070,3
1.1000,-7.9136,3
1.1082,-7.9202,3
1.1168,-7.9266,3
1.1257,-7.9329,3
1.1348,-7.9391,3
1.1443,-7.9451,3
1.1541,-7.9510,3
1.1642,-7.9568,3
1.1745,-7.9624,3
1.1851,-7.9679,3
1.1960,-7.9733,3
1.2072,-7.9784,3
1.2186,-7.9835,3
1.2302,-7.9883,3
1.2421,-7.9930,3
1.2542,-7.9976,3
1.2665,-8.0020,3
1.2791,-8.0062,3
1.2918,-8.0102,3
1.3047,-8.0140,3
1.3179,-8.0177,3
1.3312,-8.0212,3
1.3446,-8.0245,3
1.3583,-8.0276,3
1.3720,-8.0305,3
1.3859,-8.0332,3
1.4000,-8.0357,3
1.4141,-8.0381,3
1.4284,-8.0402,3
1.4428,-8.0421,3
1.4572,-8.0439,3
1.4718,-8.0454,3
1.4864,-8.0467,3
1.5011,-8.0479,3
1.5158,-8.0488,3
1.5306,-8.0495,3
1.5454,-8.0500,3
1.5602,-8.0503,3
1.5750,-8.0504,3
1.5898,-8.0503,3
1.6046,-8.0500,3
1.6194,-8.0495,3
1.6342,-8.0488,3
1.6489,-8.0479,3
1.6636,-8.0467,3
1.6782,-8.0454,3
1.6928,-8.0439,3
1.7072,-8.0421,3
1.7216,-8.0402,3
1.7359,-8.0381,3
1.7500,-8.0357,3
1.7641,-8.0332,3
1.7780,-8.0305,3
1.7917,-8.0276,3
1.8054,-8.0245,3
1.8188,-8.0212,3
1.8321,-8.0177,3
1.8453,-8.0140,3
1.8582,-8.0102,3
1.8709,-8.0062,3
1.8835,-8.0020,3
1.8958,-7.9976,3
1.9079,-7.9930,3
1.9198,-7.9883,3
1.9314,-7.9835,3
1.9428,-7.9784,3
1.9540,-7.9733,3
1.9649,-7.9679,3
1.9755,-7.9624,3
1.9858,-7.9568,3
1.9959,-7.9510,3
2.0057,-7.9451,3
2.0152,-7.9391,3
2.0243,-7.9329,3
2.0332,-7.9266,3
2.0418,-7.9202,3
2.0500,-7.9136,3
2.0579,-7.9070,3
2.0655,-7.9002,3
2.0727,-7.8934,3
2.0796,-7.8864,3
2.0862,-7.8793,3
2.0924,-7.8722,3
2.0983,-7.8650,3
2.1038,-7.8577,3
2.1089,-7.8503,3
2.1137,-7.8428,3
2.1181,-7.8353,3
2.1221,-7.8278,3
2.1257,-7.8201,3
2.1290,-7.8125,3
2.1319,-7.8047,3
2.1344,-7.7970,3
2.1365,-7.7892,3
2.1383,-7.7814,3
2.1396,-7.7736,3
2.1406,-7.7657,3
2.1412,-7.7579,3
2.1414,-7.7500,3
2.1412,-7.7421,3
2.1406,-7.7343,3
2.1396,-7.7264,3
2.1383,-7.7186,3
2.1365,-7.7108,3
2.1344,-7.7030,3
2.1319,-7.6953,3
2.1290,-7.6875,3
2.1257,-7.6799,3
2.1221,-7.6722,3
2.1181,-7.6647,3
2.1137,-7.6572,3
2.1089,-7.6497,3
2.1038,-7.6423,3
2.0983,-7.6350,3
2.0924,-7.6278,3
2.0862,-7.6207,3
2.0796,-7.6136,3
2.0727,-7.6066,3
2.0655,-7.5998,3
2.0579,-7.5930,3
2.0500,-7.5864,3
2.0418,-7.5798,3
2.0332,-7.5734,3
2.0243,-7.5671,3
2.0152,-7.5609,3
2.0057,-7.5549,3
1.9959,-7.5490,3
1.9858,-7.5432,3
1.9755,-7.5376,3
nan,nan,3
1.5750,-8.6359,4
1.5750,-6.6254,4
nan,nan,4
0.7829,-8.0635,11
0.7890,-8.0750,11
0.7956,-8.0863,11
0.8029,-8.0976,11
0.8108,-8.1087,11
0.8192,-8.1197,11
0.8282,-8.1306,11
0.8377,-8.1414,11
0.8478,-8.1520,11
0.8584,-8.1625,11
0.8696,-8.1728,11
0.8813,-8.1829,11
0.8935,-8.1929,11
0.9062,-8.2027,11
0.9195,-8.2123,11
0.9332,-8.2217,11
0.9474,-8.2309,11
0.9621,-8.2399,11
0.9772,-8.2487,11
0.9928,-8.2573,11
1.0088,-8.2656,11
1.0252,-8.2737,11
1.0420,-8.2815,11
1.0593,-8.2891,11
1.0769,-8.2965,11
1.0949,-8.3036,11
1.1133,-8.3104,11
1.1320,-8.3170,11
1.1510,-8.3233,11
1.1703,-8.3293,11
1.1900,-8.3350,11
1.2099,-8.3405,11
1.2301,-8.3456,11
1.2506,-8.3505,11
1.2713,-8.3550,11
1.2923,-8.3593,11
1.3134,-8.3632,11
1.3348,-8.3668,11
1.3563,-8.3702,11
1.3780,-8.3732,11
1.3998,-8.3759,11
1.4218,-8.3783,11
1.4439,-8.3803,11
1.4661,-8.3821,11
1.4883,-8.3835,11
1.5107,-8.3846,11
1.5330,-8.3854,11
1.5554,-8.3858,11
1.5779,-8.3859,11
1.6003,-8.3857,11
1.6227,-8.3852,11
1.6450,-8.3843,11
1.6674,-8.3832,11
1.6896,-8.3817,11
1.7118,-8.3798,11
1.7338,-8.3777,11
1.7558,-8.3752,11
1.7776,-8.3725,11
1.7992,-8.3694,11
1.8207,-8.3659,11
1.8420,-8.3622,11
1.8631,-8.3582,11
1.8840,-8.3539,11
1.9046,-8.3492,11
1.9250,-8.3443,11
1.9452,-8.3391,11
1.9651,-8.3336,11
1.9846,-8.3278,11
2.0039,-8.3217,11
2.0229,-8.3153,11
2.0415,-8.3087,11
2.0597,-8.3018,11
2.0776,-8.2946,11
2.0952,-8.2872,11
2.1123,-8.2796,11
2.1290,-8.2716,11
2.1454,-8.2635,11
2.1613,-8.2551,11
2.1767,-8.2465,11
2.1917,-8.2376,11
2.2063,-8.2286,11
2.2204,-8.2193,11
2.2339,-8.2099,11
2.2470,-8.2002,11
2.2596,-8.1904,11
2.2717,-8.1804,11
2.2833,-8.1702,11
2.2943,-8.1598,11
2.3048,-8.1493,11
2.3148,-8.1387,11
2.3242,-8.1279,11
2.3330,-8.1169,11
2.3413,-8.1059,11
2.3490,-8.0947,11
2.3561,-8.0834,11
2.3627,-8.0720,11
2.3686,-8.0606,11
2.3740,-8.0490,11
2.3787,-8.0374,11
2.3829,-8.0257,11
2.3864,-8.0140,11
2.3894,-8.0022,11
2.3917,-7.9904,11
2.3934,-7.9785,11
2.3946,-7.9666,11
2.3951,-7.9547,11
2.3949,-7.9428,11
2.3942,-7.9309,11
2.3929,-7.9191,11
2.3909,-7.9072,11
2.3884,-7.8954,11
2.3852,-7.8836,11
2.3814,-7.8719,11
2.3771,-7.8602,11
2.3721,-7.8486,11
2.3665,-7.8371,11
2.3604,-7.8257,11
2.3536,-7.8143,11
2.3463,-7.8031,11
2.3384,-7.7920,11
2.3299,-7.7810,11
nan,nan,11
5.3230,-2.5328,2
5.3178,-2.5300,2
5.3125,-2.5273,2
5.3071,-2.5246,2
5.3018,-2.5219,2
5.2963,-2.5193,2
5.2909,-2.5166,2
5.2854,-2.5140,2
5.2798,-2.5114,2
5.2742,-2.5089,2
5.2686,-2.5064,2
5.2629,-2.5039,2
5.2572,-2.5014,2
5.2515,-2.4989,2
5.2457,-2.4965,2
5.2398,-2.4941,2
5.2340,-2.4917,2
5.2280,-2.4894,2
5.2221,-2.4871,2
5.2161,-2.4848,2
5.2101,-2.4825,2
5.2040,-2.4803,2
5.1979,-2.4781,2
5.1918,-2.4759,2
5.1856,-2.4738,2
5.1794,-2.4717,2
5.1732,-2.4696,2
5.1669,-2.4675,2
5.1606,-2.4655,2
5.1542,-2.4635,2
5.1478,-2.4615,2
5.1414,-2.4596,2
5.1350,-2.4577,2
5.1285,-2.4558,2
5.1220,-2.4539,2
5.1155,-2.4521,2
5.1089,-2.4503,2
5.1023,-2.4485,2
5.0957,-2.4468,2
5.0891,-2.4451,2
5.0824,-2.4434,2
5.0757,-2.4418,2
5.0690,-2.4402,2
5.0622,-2.4386,2
5.0554,-2.4371,2
5.0486,-2.4356,2
5.0418,-2.4341,2
5.0349,-2.4326,2
5.0281,-2.4312,2
5.0212,-2.4298,2
5.0142,-2.4285,2
5.0073,-2.4271,2
5.0003,-2.4259,2
4.9933,-2.4246,2
4.9863,-2.4234,2
4.9793,-2.4222,2
4.9723,-2.4210,2
4.9652,-2.4199,2
4.9581,-2.4188,2
4.9510,-2.4177,2
4.9439,-2.4167,2
4.9367,-2.4157,2
4.9296,-2.4147,2
4.9224,-2.4138,2
4.9152,-2.4129,2
4.9080,-2.4120,2
4.9008,-2.4112,2
4.8936,-2.4104,2
4.8864,-2.4097,2
4.8791,-2.4089,2
4.8719,-2.4082,2
4.8646,-2.4076,2
4.8573,-2.4069,2
4.8500,-2.4063,2
4.8427,-2.4058,2
4.8354,-2.4052,2
4.8281,-2.4048,2
4.8207,-2.4043,2
4.8134,-2.4039,2
4.8061,-2.4035,2
4.7987,-2.4031,2
4.7914,-2.4028,2
4.7840,-2.4025,2
4.7766,-2.4022,2
4.7693,-2.4020,2
4.7619,-2.4018,2
4.7545,-2.4017,2
4.7471,-2.4016,2
4.7398,-2.4015,2
4.7324,-2.4014,2
4.7250,-2.4014,2
4.7176,-2.4014,2
4.7102,-2.4015,2
4.7029,-2.4016,2
4.6955,-2.4017,2
4.6881,-2.4018,2
4.6807,-2.4020,2
4.6734,-2.4022,2
4.6660,-2.4025,2
4.6586,-2.4028,2
4.6513,-2.4031,2
4.6439,-2.4035,2
4.6366,-2.4039,2
4.6293,-2.4043,2
4.6219,-2.4048,2
4.6146,-2.4052,2
4.6073,-2.4058,2
4.6000,-2.4063,2
4.5927,-2.4069,2
4.5854,-2.4076,2
4.5781,-2.4082,2
4.5709,-2.4089,2
4.5636,-2.4097,2
4.5564,-2.4104,2
4.5492,-2.4112,2
4.5420,-2.4120,2
4.5348,-2.4129,2
4.5276,-2.4138,2
4.5204,-2.4147,2
4.5133,-2.4157,2
4.5061,-2.4167,2
4.4990,-2.4177,2
4.4919,-2.4188,2
4.4848,-2.4199,2
4.4777,-2.4210,2
4.4707,-2.4222,2
4.4637,-2.4234,2
4.4567,-2.4246,2
4.4497,-2.4259,2
4.4427,-2.4271,2
4.4358,-2.4285,2
4.4288,-2.4298,2
4.4219,-2.4312,2
4.4151,-2.4326,2
4.4082,-2.4341,2
4.4014,-2.4356,2
4.3946,-2.4371,2
4.3878,-2.4386,2
4.3810,-2.4402,2
4.3743,-2.4418,2
4.3676,-2.4434,2
4.3609,-2.4451,2
4.3543,-2.4468,2
4.3477,-2.4485,2
4.3411,-2.4503,2
4.3345,-2.4521,2
4.3280,-2.4539,2
4.3215,-2.4558,2
4.3150,-2.4577,2
4.3086,-2.4596,2
4.3022,-2.4615,2
4.2958,-2.4635,2
4.2894,-2.4655,2
4.2831,-2.4675,2
4.2768,-2.4696,2
4.2706,-2.4717,2
4.2644,-2.4738,2
4.2582,-2.4759,2
4.2521,-2.4781,2
4.2460,-2.4803,2
4.2399,-2.4825,2
4.2339,-2.4848,2
4.2279,-2.4871,2
4.2220,-2.4894,2
4.2160,-2.4917,2
4.2102,-2.4941,2
4.2043,-2.4965,2
4.1985,-2.4989,2
4.1928,-2.5014,2
4.1871,-2.5039,2
4.1814,-2.5064,2
4.1758,-2.5089,2
4.1702,-2.5114,2
4.1646,-2.5140,2
4.1591,-2.5166,2
4.1537,-2.5193,2
4.1482,-2.5219,2
4.1429,-2.5246,2
4.1375,-2.5273,2
4.1322,-2.5300,2
4.1270,-2.5328,2
4.1218,-2.5356,2
4.1167,-2.5384,2
4.1116,-2.5412,2
4.1065,-2.5441,2
4.1015,-2.5469,2
4.0965,-2.5498,2
4.0916,-2.5528,2
4.0867,-2.5557,2
4.0819,-2.5587,2
4.0772,-2.5617,2
4.0724,-2.5647,2
4.0678,-2.5677,2
4.0631,-2.5707,2
4.0586,-2.5738,2
4.0541,-2.5769,2
4.0496,-2.5800,2
4.0452,-2.5832,2
4.0408,-2.5863,2
4.0365,-2.5895,2
4.0322,-2.5927,2
4.0280,-2.5959,2
4.0239,-2.5992,2
4.0198,-2.6024,2
4.0157,-2.6057,2
4.0117,-2.6090,2
4.0078,-2.6123,2
4.0039,-2.6156,2
4.0001,-2.6190,2
3.9963,-2.6223,2
3.9926,-2.6257,2
3.9889,-2.6291,2
3.9853,-2.6325,2
3.9818,-2.6360,2
3.9783,-2.6394,2
3.9749,-2.6429,2
3.9715,-2.6463,2
3.9682,-2.6498,2
3.9649,-2.6534,2
3.9617,-2.6569,2
3.9585,-2.6604,2
3.9554,-2.6640,2
3.9524,-2.6675,2
3.9494,-2.6711,2
3.9465,-2.6747,2
3.9437,-2.6783,2
3.9409,-2.6820,2
3.9381,-2.6856,2
3.9355,-2.6892,2
3.9329,-2.6929,2
3.9303,-2.6966,2
3.9278,-2.7003,2
3.9254,-2.7040,2
3.9230,-2.7077,2
3.9207,-2.7114,2
3.9184,-2.7151,2
3.9163,-2.7188,2
3.9141,-2.7226,2
3.9121,-2.7264,2
3.9101,-2.7301,2
3.9081,-2.7339,2
3.9062,-2.7377,2
3.9044,-2.7415,2
nan,nan,2
3.9044,-2.7415,1
3.9027,-2.7453,1
3.9010,-2.7491,1
3.8993,-2.7529,1
3.8978,-2.7567,1
3.8963,-2.7606,1
3.8948,-2.7644,1
3.8935,-2.7683,1
3.8921,-2.7721,1
3.8909,-2.7760,1
3.8897,-2.7798,1
3.8886,-2.7837,1
3.8875,-2.7876,1
3.8865,-2.7914,1
3.8856,-2.7953,1
3.8847,-2.7992,1
3.8839,-2.8031,1
3.8832,-2.8070,1
3.8825,-2.8109,1
3.8819,-2.8148,1
3.8814,-2.8187,1
3.8809,-2.8226,1
3.8805,-2.8265,1
3.8801,-2.8304,1
3.8798,-2.8343,1
3.8796,-2.8383,1
3.8794,-2.8422,1
3.8793,-2.8461,1
3.8793,-2.8500,1
3.8793,-2.8539,1
3.8794,-2.8578,1
3.8796,-2.8617,1
3.8798,-2.8657,1
3.8801,-2.8696,1
3.8805,-2.8735,1
3.8809,-2.8774,1
3.8814,-2.8813,1
3.8819,-2.8852,1
3.8825,-2.8891,1
3.8832,-2.8930,1
3.8839,-2.8969,1
3.8847,-2.9008,1
3.8856,-2.9047,1
3.8865,-2.9086,1
3.8875,-2.9124,1
3.8886,-2.9163,1
3.8897,-2.9202,1
3.8909,-2.9240,1
3.8921,-2.9279,1
3.8935,-2.9317,1
3.8948,-2.9356,1
3.8963,-2.9394,1
3.8978,-2.9433,1
3.8993,-2.9471,1
3.9010,-2.9509,1
3.9027,-2.9547,1
3.9044,-2.9585,1
3.9062,-2.9623,1
3.9081,-2.9661,1
3.9101,-2.9699,1
3.9121,-2.9736,1
3.9141,-2.9774,1
3.9163,-2.9812,1
3.9184,-2.9849,1
3.9207,-2.9886,1
3.9230,-2.9923,1
3.9254,-2.9960,1
3.9278,-2.9997,1
3.9303,-3.0034,1
3.9329,-3.0071,1
3.9355,-3.0108,1
3.9381,-3.0144,1
3.9409,-3.0180,1
3.9437,-3.0217,1
3.9465,-3.0253,1
3.9494,-3.0289,1
3.9524,-3.0325,1
3.9554,-3.0360,1
3.9585,-3.0396,1
3.9617,-3.0431,1
3.9649,-3.0466,1
3.9682,-3.0502,1
3.9715,-3.0537,1
3.9749,-3.0571,1
3.9783,-3.0606,1
3.9818,-3.0640,1
3.9853,-3.0675,1
3.9889,-3.0709,1
3.9926,-3.0743,1
3.9963,-3.0777,1
4.0001,-3.0810,1
4.0039,-3.0844,1
4.0078,-3.0877,1
4.0117,-3.0910,1
4.0157,-3.0943,1
4.0198,-3.0976,1
4.0239,-3.1008,1
4.0280,-3.1041,1
4.0322,-3.1073,1
4.0365,-3.1105,1
4.0408,-3.1137,1
4.0452,-3.1168,1
4.0496,-3.1200,1
4.0541,-3.1231,1
4.0586,-3.1262,1
4.0631,-3.1293,1
4.0678,-3.1323,1
4.0724,-3.1353,1
4.0772,-3.1383,1
4.0819,-3.1413,1
4.0867,-3.1443,1
4.0916,-3.1472,1
4.0965,-3.1502,1
4.1015,-3.1531,1
4.1065,-3.1559,1
4.1116,-3.1588,1
4.1167,-3.1616,1
4.1218,-3.1644,1
4.1270,-3.1672,1
4.1322,-3.1700,1
4.1375,-3.1727,1
4.1429,-3.1754,1
4.1482,-3.1781,1
4.1537,-3.1807,1
4.1591,-3.1834,1
4.1646,-3.1860,1
4.1702,-3.1886,1
4.1758,-3.1911,1
4.1814,-3.1936,1
4.1871,-3.1961,1
4.1928,-3.1986,1
4.1985,-3.2011,1
4.2043,-3.2035,1
4.2102,-3.2059,1
4.2160,-3.2083,1
4.2220,-3.2106,1
4.2279,-3.2129,1
4.2339,-3.2152,1
4.2399,-3.2175,1
4.2460,-3.2197,1
4.2521,-3.2219,1
4.2582,-3.2241,1
4.2644,-3.2262,1
4.2706,-3.2283,1
4.2768,-3.2304,1
4.2831,-3.2325,1
4.2894,-3.2345,1
4.2958,-3.2365,1
4.3022,-3.2385,1
4.3086,-3.2404,1
4.3150,-3.2423,1
4.3215,-3.2442,1
4.3280,-3.2461,1
4.3345,-3.2479,1
4.3411,-3.2497,1
4.3477,-3.2515,1
4.3543,-3.2532,1
4.3609,-3.2549,1
4.3676,-3.2566,1
4.3743,-3.2582,1
4.3810,-3.2598,1
4.3878,-3.2614,1
4.3946,-3.2629,1
4.4014,-3.2644,1
4.4082,-3.2659,1
4.4151,-3.2674,1
4.4219,-3.2688,1
4.4288,-3.2702,1
4.4358,-3.2715,1
4.4427,-3.2729,1
4.4497,-3.2741,1
4.4567,-3.2754,1
4.4637,-3.2766,1
4.4707,-3.2778,1
4.4777,-3.2790,1
4.4848,-3.2801,1
4.4919,-3.2812,1
4.4990,-3.2823,1
4.5061,-3.2833,1
4.5133,-3.2843,1
4.5204,-3.2853,1
4.5276,-3.2862,1
4.5348,-3.2871,1
4.5420,-3.2880,1
4.5492,-3.2888,1
4.5564,-3.2896,1
4.5636,-3.2903,1
4.5709,-3.2911,1
4.5781,-3.2918,1
4.5854,-3.2924,1
4.5927,-3.2931,1
4.6000,-3.2937,1
4.6073,-3.2942,1
4.6146,-3.2948,1
4.6219,-3.2952,1
4.6293,-3.2957,1
4.6366,-3.2961,1
4.6439,-3.2965,1
4.6513,-3.2969,1
4.6586,-3.2972,1
4.6660,-3.2975,1
4.6734,-3.2978,1
4.6807,-3.2980,1
4.6881,-3.2982,1
4.6955,-3.2983,1
4.7029,-3.2984,1
4.7102,-3.2985,1
4.7176,-3.2986,1
4.7250,-3.2986,1
4.7324,-3.2986,1
4.7398,-3.2985,1
4.7471,-3.2984,1
4.7545,-3.2983,1
4.7619,-3.2982,1
4.7693,-3.2980,1
4.7766,-3.2978,1
4.7840,-3.2975,1
4.7914,-3.2972,1
4.7987,-3.2969,1
4.8061,-3.2965,1
4.8134,-3.2961,1
4.8207,-3.2957,1
4.8281,-3.2952,1
4.8354,-3.2948,1
4.8427,-3.2942,1
4.8500,-3.2937,1
4.8573,-3.2931,1
4.8646,-3.2924,1
4.8719,-3.2918,1
4.8791,-3.2911,1
4.8864,-3.2903,1
4.8936,-3.2896,1
4.9008,-3.2888,1
4.9080,-3.2880,1
4.9152,-3.2871,1
4.9224,-3.2862,1
4.9296,-3.2853,1
4.9367,-3.2843,1
4.9439,-3.2833,1
4.9510,-3.2823,1
4.9581,-3.2812,1
4.9652,-3.2801,1
4.9723,-3.2790,1
4.9793,-3.2778,1
4.9863,-3.2766,1
4.9933,-3.2754,1
5.0003,-3.2741,1
5.0073,-3.2729,1
5.0142,-3.2715,1
5.0212,-3.2702,1
5.0281,-3.2688,1
5.0349,-3.2674,1
nan,nan,1
5.0349,-3.2674,2
5.0418,-3.2659,2
5.0486,-3.2644,2
5.0554,-3.2629,2
5.0622,-3.2614,2
5.0690,-3.2598,2
5.0757,-3.2582,2
5.0824,-3.2566,2
5.0891,-3.2549,2
5.0957,-3.2532,2
5.1023,-3.2515,2
5.1089,-3.2497,2
5.1155,-3.2479,2
5.1220,-3.2461,2
5.1285,-3.2442,2
5.1350,-3.2423,2
5.1414,-3.2404,2
5.1478,-3.2385,2
5.1542,-3.2365,2
5.1606,-3.2345,2
5.1669,-3.2325,2
5.1732,-3.2304,2
5.1794,-3.2283,2
5.1856,-3.2262,2
5.1918,-3.2241,2
5.1979,-3.2219,2
5.2040,-3.2197,2
5.2101,-3.2175,2
5.2161,-3.2152,2
5.2221,-3.2129,2
5.2280,-3.2106,2
5.2340,-3.2083,2
nan,nan,2
5.2340,-3.2083,7
5.2398,-3.2059,7
5.2457,-3.2035,7
5.2515,-3.2011,7
5.2572,-3.1986,7
5.2629,-3.1961,7
5.2686,-3.1936,7
5.2742,-3.1911,7
5.2798,-3.1886,7
5.2854,-3.1860,7
5.2909,-3.1834,7
5.2963,-3.1807,7
5.3018,-3.1781,7
5.3071,-3.1754,7
5.3125,-3.1727,7
5.3178,-3.1700,7
5.3230,-3.1672,7
5.3282,-3.1644,7
5.3333,-3.1616,7
5.3384,-3.1588,7
5.3435,-3.1559,7
5.3485,-3.1531,7
5.3535,-3.1502,7
5.3584,-3.1472,7
5.3633,-3.1443,7
5.3681,-3.1413,7
5.3728,-3.1383,7
5.3776,-3.1353,7
5.3822,-3.1323,7
5.3869,-3.1293,7
5.3914,-3.1262,7
5.3959,-3.1231,7
5.4004,-3.1200,7
5.4048,-3.1168,7
5.4092,-3.1137,7
5.4135,-3.1105,7
5.4178,-3.1073,7
5.4220,-3.1041,7
5.4261,-3.1008,7
5.4302,-3.0976,7
5.4343,-3.0943,7
5.4383,-3.0910,7
5.4422,-3.0877,7
5.4461,-3.0844,7
5.4499,-3.0810,7
5.4537,-3.0777,7
5.4574,-3.0743,7
5.4611,-3.0709,7
5.4647,-3.0675,7
5.4682,-3.0640,7
5.4717,-3.0606,7
5.4751,-3.0571,7
5.4785,-3.0537,7
5.4818,-3.0502,7
5.4851,-3.0466,7
5.4883,-3.0431,7
5.4915,-3.0396,7
5.4946,-3.0360,7
5.4976,-3.0325,7
5.5006,-3.0289,7
5.5035,-3.0253,7
5.5063,-3.0217,7
5.5091,-3.0180,7
5.5119,-3.0144,7
5.5145,-3.0108,7
5.5171,-3.0071,7
5.5197,-3.0034,7
5.5222,-2.9997,7
5.5246,-2.9960,7
5.5270,-2.9923,7
5.5293,-2.9886,7
5.5316,-2.9849,7
5.5337,-2.9812,7
5.5359,-2.9774,7
5.5379,-2.9736,7
5.5399,-2.9699,7
5.5419,-2.9661,7
5.5438,-2.9623,7
5.5456,-2.9585,7
5.5473,-2.9547,7
5.5490,-2.9509,7
5.5507,-2.9471,7
5.5522,-2.9433,7
5.5537,-2.9394,7
5.5552,-2.9356,7
5.5565,-2.9317,7
5.5579,-2.9279,7
5.5591,-2.9240,7
5.5603,-2.9202,7
5.5614,-2.9163,7
5.5625,-2.9124,7
5.5635,-2.9086,7
5.5644,-2.9047,7
5.5653,-2.9008,7
5.5661,-2.8969,7
5.5668,-2.8930,7
5.5675,-2.8891,7
5.5681,-2.8852,7
5.5686,-2.8813,7
5.5691,-2.8774,7
5.5695,-2.8735,7
5.5699,-2.8696,7
5.5702,-2.8657,7
5.5704,-2.8617,7
5.5706,-2.8578,7
5.5707,-2.8539,7
5.5707,-2.8500,7
5.5707,-2.8461,7
5.5706,-2.8422,7
5.5704,-2.8383,7
5.5702,-2.8343,7
5.5699,-2.8304,7
5.5695,-2.8265,7
5.5691,-2.8226,7
5.5686,-2.8187,7
5.5681,-2.8148,7
5.5675,-2.8109,7
5.5668,-2.8070,7
5.5661,-2.8031,7
5.5653,-2.7992,7
5.5644,-2.7953,7
5.5635,-2.7914,7
5.5625,-2.7876,7
5.5614,-2.7837,7
5.5603,-2.7798,7
5.5591,-2.7760,7
5.5579,-2.7721,7
5.5565,-2.7683,7
5.5552,-2.7644,7
5.5537,-2.7606,7
5.5522,-2.7567,7
5.5507,-2.7529,7
5.5490,-2.7491,7
5.5473,-2.7453,7
5.5456,-2.7415,7
5.5438,-2.7377,7
5.5419,-2.7339,7
5.5399,-2.7301,7
5.5379,-2.7264,7
5.5359,-2.7226,7
5.5337,-2.7188,7
5.5316,-2.7151,7
5.5293,-2.7114,7
5.5270,-2.7077,7
5.5246,-2.7040,7
5.5222,-2.7003,7
5.5197,-2.6966,7
5.5171,-2.6929,7
5.5145,-2.6892,7
5.5119,-2.6856,7
5.5091,-2.6820,7
5.5063,-2.6783,7
5.5035,-2.6747,7
5.5006,-2.6711,7
5.4976,-2.6675,7
5.4946,-2.6640,7
5.4915,-2.6604,7
5.4883,-2.6569,7
5.4851,-2.6534,7
5.4818,-2.6498,7
5.4785,-2.6463,7
5.4751,-2.6429,7
5.4717,-2.6394,7
5.4682,-2.6360,7
5.4647,-2.6325,7
5.4611,-2.6291,7
5.4574,-2.6257,7
5.4537,-2.6223,7
5.4499,-2.6190,7
5.4461,-2.6156,7
5.4422,-2.6123,7
5.4383,-2.6090,7
5.4343,-2.6057,7
5.4302,-2.6024,7
5.4261,-2.5992,7
5.4220,-2.5959,7
5.4178,-2.5927,7
5.4135,-2.5895,7
5.4092,-2.5863,7
5.4048,-2.5832,7
5.4004,-2.5800,7
5.3959,-2.5769,7
5.3914,-2.5738,7
5.3869,-2.5707,7
5.3822,-2.5677,7
5.3776,-2.5647,7
5.3728,-2.5617,7
5.3681,-2.5587,7
5.3633,-2.5557,7
5.3584,-2.5528,7
nan,nan,7
5.3584,-2.5528,2
5.3535,-2.5498,2
5.3485,-2.5469,2
5.3435,-2.5441,2
5.3384,-2.5412,2
5.3333,-2.5384,2
5.3282,-2.5356,2
5.3230,-2.5328,2
nan,nan,2
5.5574,-2.7707,7
5.5553,-2.7664,7
5.5532,-2.7621,7
5.5511,-2.7578,7
5.5491,-2.7535,7
5.5470,-2.7493,7
5.5449,-2.7450,7
5.5428,-2.7407,7
5.5407,-2.7364,7
5.5386,-2.7321,7
5.5366,-2.7278,7
5.5345,-2.7235,7
5.5324,-2.7192,7
5.5303,-2.7150,7
5.5282,-2.7107,7
5.5262,-2.7064,7
5.5241,-2.7021,7
5.5220,-2.6978,7
5.5199,-2.6935,7
5.5178,-2.6892,7
5.5158,-2.6850,7
5.5137,-2.6807,7
5.5116,-2.6764,7
5.5095,-2.6721,7
5.5074,-2.6678,7
5.5054,-2.6635,7
5.5033,-2.6592,7
5.5012,-2.6549,7
5.4991,-2.6507,7
5.4970,-2.6464,7
5.4949,-2.6421,7
5.4929,-2.6378,7
5.4908,-2.6335,7
5.4887,-2.6292,7
5.4866,-2.6249,7
5.4845,-2.6206,7
5.4825,-2.6164,7
5.4804,-2.6121,7
5.4783,-2.6078,7
5.4762,-2.6035,7
5.4741,-2.5992,7
5.4721,-2.5949,7
5.4700,-2.5906,7
5.4679,-2.5864,7
5.4658,-2.5821,7
5.4637,-2.5778,7
5.4617,-2.5735,7
5.4596,-2.5692,7
5.4575,-2.5649,7
5.4554,-2.5606,7
5.4533,-2.5563,7
5.4512,-2.5521,7
5.4492,-2.5478,7
5.4471,-2.5435,7
5.4450,-2.5392,7
5.4429,-2.5349,7
5.4408,-2.5306,7
5.4388,-2.5263,7
5.4367,-2.5221,7
5.4346,-2.5178,7
5.4325,-2.5135,7
5.4304,-2.5092,7
5.4284,-2.5049,7
5.4263,-2.5006,7
5.4242,-2.4963,7
5.4221,-2.4920,7
5.4200,-2.4878,7
5.4180,-2.4835,7
5.4159,-2.4792,7
5.4138,-2.4749,7
5.4117,-2.4706,7
5.4096,-2.4663,7
5.4075,-2.4620,7
5.4055,-2.4578,7
5.4034,-2.4535,7
5.4013,-2.4492,7
5.3992,-2.4449,7
5.3971,-2.4406,7
5.3951,-2.4363,7
5.3930,-2.4320,7
5.3909,-2.4277,7
5.3888,-2.4235,7
5.3867,-2.4192,7
5.3847,-2.4149,7
5.3826,-2.4106,7
5.3805,-2.4063,7
5.3784,-2.4020,7
5.3763,-2.3977,7
5.3743,-2.3935,7
5.3722,-2.3892,7
5.3701,-2.3849,7
5.3680,-2.3806,7
5.3659,-2.3763,7
5.3638,-2.3720,7
5.3618,-2.3677,7
5.3597,-2.3634,7
5.3576,-2.3592,7
5.3555,-2.3549,7
5.3534,-2.3506,7
5.3514,-2.3463,7
5.3493,-2.3420,7
5.3472,-2.3377,7
5.3451,-2.3334,7
5.3430,-2.3292,7
5.3410,-2.3249,7
5.3389,-2.3206,7
5.3368,-2.3163,7
5.3347,-2.3120,7
5.3326,-2.3077,7
5.3306,-2.3034,7
5.3285,-2.2991,7
5.3264,-2.2949,7
5.3243,-2.2906,7
5.3222,-2.2863,7
5.3201,-2.2820,7
5.3181,-2.2777,7
5.3160,-2.2734,7
5.3139,-2.2691,7
5.3118,-2.2649,7
5.3097,-2.2606,7
5.3077,-2.2563,7
5.3056,-2.2520,7
5.3035,-2.2477,7
5.3014,-2.2434,7
5.2993,-2.2391,7
5.2973,-2.2348,7
5.2952,-2.2306,7
5.2931,-2.2263,7
5.2910,-2.2220,7
5.2889,-2.2177,7
5.2869,-2.2134,7
5.2848,-2.2091,7
5.2827,-2.2048,7
5.2806,-2.2006,7
5.2785,-2.1963,7
5.2764,-2.1920,7
5.2744,-2.1877,7
5.2723,-2.1834,7
5.2702,-2.1791,7
5.2681,-2.1748,7
5.2660,-2.1705,7
5.2640,-2.1663,7
5.2619,-2.1620,7
5.2598,-2.1577,7
5.2577,-2.1534,7
5.2556,-2.1491,7
5.2536,-2.1448,7
5.2515,-2.1405,7
5.2494,-2.1363,7
5.2473,-2.1320,7
5.2452,-2.1277,7
5.2432,-2.1234,7
5.2411,-2.1191,7
5.2390,-2.1148,7
5.2369,-2.1105,7
5.2348,-2.1062,7
5.2327,-2.1020,7
5.2307,-2.0977,7
5.2286,-2.0934,7
5.2265,-2.0891,7
5.2244,-2.0848,7
5.2223,-2.0805,7
5.2203,-2.0762,7
5.2182,-2.0720,7
5.2161,-2.0677,7
5.2140,-2.0634,7
5.2119,-2.0591,7
5.2099,-2.0548,7
5.2078,-2.0505,7
5.2057,-2.0462,7
5.2036,-2.0419,7
5.2015,-2.0377,7
5.1995,-2.0334,7
5.1974,-2.0291,7
5.1953,-2.0248,7
5.1932,-2.0205,7
5.1911,-2.0162,7
5.1890,-2.0119,7
5.1870,-2.0076,7
5.1849,-2.0034,7
5.1828,-1.9991,7
5.1807,-1.9948,7
5.1786,-1.9905,7
5.1766,-1.9862,7
5.1745,-1.9819,7
5.1724,-1.9776,7
5.1703,-1.9734,7
5.1682,-1.9691,7
5.1662,-1.9648,7
5.1641,-1.9605,7
5.1620,-1.9562,7
5.1599,-1.9519,7
5.1578,-1.9476,7
5.1558,-1.9433,7
5.1537,-1.9391,7
5.1516,-1.9348,7
5.1495,-1.9305,7
5.1474,-1.9262,7
5.1453,-1.9219,7
5.1433,-1.9176,7
5.1412,-1.9133,7
5.1391,-1.9091,7
5.1370,-1.9048,7
5.1349,-1.9005,7
5.1329,-1.8962,7
5.1308,-1.8919,7
5.1287,-1.8876,7
5.1266,-1.8833,7
5.1245,-1.8790,7
5.1225,-1.8748,7
5.1204,-1.8705,7
5.1183,-1.8662,7
5.1162,-1.8619,7
5.1141,-1.8576,7
5.1121,-1.8533,7
5.1100,-1.8490,7
5.1079,-1.8448,7
5.1058,-1.8405,7
5.1037,-1.8362,7
5.1016,-1.8319,7
5.0996,-1.8276,7
5.0975,-1.8233,7
5.0954,-1.8190,7
5.0933,-1.8147,7
5.0912,-1.8105,7
5.0892,-1.8062,7
5.0871,-1.8019,7
5.0850,-1.7976,7
5.0829,-1.7933,7
5.0808,-1.7890,7
5.0788,-1.7847,7
5.0767,-1.7805,7
5.0746,-1.7762,7
5.0725,-1.7719,7
5.0704,-1.7676,7
5.0684,-1.7633,7
5.0663,-1.7590,7
5.0642,-1.7547,7
5.0621,-1.7504,7
5.0600,-1.7462,7
5.0580,-1.7419,7
5.0559,-1.7376,7
5.0538,-1.7333,7
5.0517,-1.7290,7
5.0496,-1.7247,7
5.0475,-1.7204,7
5.0455,-1.7162,7
5.0434,-1.7119,7
5.0413,-1.7076,7
5.0392,-1.7033,7
5.0371,-1.6990,7
5.0351,-1.6947,7
5.0330,-1.6904,7
5.0309,-1.6861,7
5.0288,-1.6819,7
5.0267,-1.6776,7
5.0247,-1.6733,7
5.0226,-1.6690,7
5.0205,-1.6647,7
5.0184,-1.6604,7
5.0163,-1.6561,7
5.0143,-1.6519,7
5.0122,-1.6476,7
5.0101,-1.6433,7
5.0080,-1.6390,7
5.0059,-1.6347,7
5.0038,-1.6304,7
5.0018,-1.6261,7
4.9997,-1.6218,7
4.9976,-1.6176,7
4.9955,-1.6133,7
4.9934,-1.6090,7
4.9914,-1.6047,7
4.9893,-1.6004,7
4.9872,-1.5961,7
4.9851,-1.5918,7
4.9830,-1.5876,7
4.9810,-1.5833,7
4.9789,-1.5790,7
4.9768,-1.5747,7
4.9747,-1.5704,7
4.9726,-1.5661,7
4.9706,-1.5618,7
4.9685,-1.5575,7
4.9664,-1.5533,7
4.9643,-1.5490,7
4.9622,-1.5447,7
4.9601,-1.5404,7
4.9581,-1.5361,7
4.9560,-1.5318,7
4.9539,-1.5275,7
4.9518,-1.5233,7
4.9497,-1.5190,7
4.9477,-1.5147,7
4.9456,-1.5104,7
4.9435,-1.5061,7
4.9414,-1.5018,7
4.9393,-1.4975,7
4.9373,-1.4932,7
4.9352,-1.4890,7
4.9331,-1.4847,7
4.9310,-1.4804,7
4.9289,-1.4761,7
4.9269,-1.4718,7
4.9248,-1.4675,7
4.9227,-1.4632,7
4.9206,-1.4590,7
4.9185,-1.4547,7
4.9164,-1.4504,7
4.9144,-1.4461,7
4.9123,-1.4418,7
4.9102,-1.4375,7
4.9081,-1.4332,7
4.9060,-1.4289,7
4.9040,-1.4247,7
4.9019,-1.4204,7
4.8998,-1.4161,7
4.8977,-1.4118,7
4.8956,-1.4075,7
4.8936,-1.4032,7
4.8915,-1.3989,7
4.8894,-1.3947,7
4.8873,-1.3904,7
4.8852,-1.3861,7
4.8832,-1.3818,7
4.8811,-1.3775,7
4.8790,-1.3732,7
4.8769,-1.3689,7
4.8748,-1.3646,7
4.8727,-1.3604,7
4.8707,-1.3561,7
4.8686,-1.3518,7
4.8665,-1.3475,7
4.8644,-1.3432,7
4.8623,-1.3389,7
4.8603,-1.3346,7
4.8582,-1.3303,7
4.8561,-1.3261,7
4.8540,-1.3218,7
4.8519,-1.3175,7
4.8499,-1.3132,7
4.8478,-1.3089,7
4.8457,-1.3046,7
4.8436,-1.3003,7
4.8415,-1.2961,7
4.8395,-1.2918,7
4.8374,-1.2875,7
4.8353,-1.2832,7
4.8332,-1.2789,7
4.8311,-1.2746,7
4.8290,-1.2703,7
4.8270,-1.2660,7
4.8249,-1.2618,7
4.8228,-1.2575,7
4.8207,-1.2532,7
4.8186,-1.2489,7
4.8166,-1.2446,7
4.8145,-1.2403,7
4.8124,-1.2360,7
4.8103,-1.2318,7
4.8082,-1.2275,7
4.8062,-1.2232,7
4.8041,-1.2189,7
4.8020,-1.2146,7
4.7999,-1.2103,7
4.7978,-1.2060,7
4.7958,-1.2017,7
4.7937,-1.1975,7
4.7916,-1.1932,7
4.7895,-1.1889,7
4.7874,-1.1846,7
4.7853,-1.1803,7
4.7833,-1.1760,7
4.7812,-1.1717,7
4.7791,-1.1675,7
4.7770,-1.1632,7
4.7749,-1.1589,7
4.7729,-1.1546,7
4.7708,-1.1503,7
4.7687,-1.1460,7
4.7666,-1.1417,7
4.7645,-1.1374,7
4.7625,-1.1332,7
4.7604,-1.1289,7
4.7583,-1.1246,7
4.7562,-1.1203,7
4.7541,-1.1160,7
4.7521,-1.1117,7
4.7500,-1.1074,7
4.7479,-1.1032,7
4.7458,-1.0989,7
4.7437,-1.0946,7
4.7416,-1.0903,7
4.7396,-1.0860,7
4.7375,-1.0817,7
4.7354,-1.0774,7
4.7333,-1.0731,7
4.7312,-1.0689,7
4.7292,-1.0646,7
4.7271,-1.0603,7
4.7250,-1.0560,7
nan,nan,7
3.8926,-2.7707,1
3.8947,-2.7664,1
3.8968,-2.7621,1
3.8989,-2.7578,1
3.9009,-2.7535,1
3.9030,-2.7493,1
3.9051,-2.7450,1
3.9072,-2.7407,1
3.9093,-2.7364,1
3.9114,-2.7321,1
3.9134,-2.7278,1
3.9155,-2.7235,1
3.9176,-2.7192,1
3.9197,-2.7150,1
3.9218,-2.7107,1
3.9238,-2.7064,1
3.9259,-2.7021,1
3.9280,-2.6978,1
3.9301,-2.6935,1
3.9322,-2.6892,1
3.9342,-2.6850,1
3.9363,-2.6807,1
3.9384,-2.6764,1
3.9405,-2.6721,1
3.9426,-2.6678,1
3.9446,-2.6635,1
3.9467,-2.6592,1
3.9488,-2.6549,1
3.9509,-2.6507,1
3.9530,-2.6464,1
3.9551,-2.6421,1
3.9571,-2.6378,1
3.9592,-2.6335,1
3.9613,-2.6292,1
3.9634,-2.6249,1
3.9655,-2.6206,1
3.9675,-2.6164,1
3.9696,-2.6121,1
3.9717,-2.6078,1
3.9738,-2.6035,1
3.9759,-2.5992,1
3.9779,-2.5949,1
3.9800,-2.5906,1
3.9821,-2.5864,1
3.9842,-2.5821,1
3.9863,-2.5778,1
3.9883,-2.5735,1
3.9904,-2.5692,1
3.9925,-2.5649,1
3.9946,-2.5606,1
3.9967,-2.5563,1
3.9988,-2.5521,1
4.0008,-2.5478,1
4.0029,-2.5435,1
4.0050,-2.5392,1
4.0071,-2.5349,1
4.0092,-2.5306,1
4.0112,-2.5263,1
4.0133,-2.5221,1
4.0154,-2.5178,1
4.0175,-2.5135,1
4.0196,-2.5092,1
4.0216,-2.5049,1
4.0237,-2.5006,1
4.0258,-2.4963,1
4.0279,-2.4920,1
4.0300,-2.4878,1
4.0320,-2.4835,1
4.0341,-2.4792,1
4.0362,-2.4749,1
4.0383,-2.4706,1
4.0404,-2.4663,1
4.0425,-2.4620,1
4.0445,-2.4578,1
4.0466,-2.4535,1
4.0487,-2.4492,1
4.0508,-2.4449,1
4.0529,-2.4406,1
4.0549,-2.4363,1
4.0570,-2.4320,1
4.0591,-2.4277,1
4.0612,-2.4235,1
4.0633,-2.4192,1
4.0653,-2.4149,1
4.0674,-2.4106,1
4.0695,-2.4063,1
4.0716,-2.4020,1
4.0737,-2.3977,1
4.0757,-2.3935,1
4.0778,-2.3892,1
4.0799,-2.3849,1
4.0820,-2.3806,1
4.0841,-2.3763,1
4.0862,-2.3720,1
4.0882,-2.3677,1
4.0903,-2.3634,1
4.0924,-2.3592,1
4.0945,-2.3549,1
4.0966,-2.3506,1
4.0986,-2.3463,1
4.1007,-2.3420,1
4.1028,-2.3377,1
4.1049,-2.3334,1
4.1070,-2.3292,1
4.1090,-2.3249,1
4.1111,-2.3206,1
4.1132,-2.3163,1
4.1153,-2.3120,1
4.1174,-2.3077,1
4.1194,-2.3034,1
4.1215,-2.2991,1
4.1236,-2.2949,1
4.1257,-2.2906,1
4.1278,-2.2863,1
4.1299,-2.2820,1
4.1319,-2.2777,1
4.1340,-2.2734,1
4.1361,-2.2691,1
4.1382,-2.2649,1
4.1403,-2.2606,1
4.1423,-2.2563,1
4.1444,-2.2520,1
4.1465,-2.2477,1
4.1486,-2.2434,1
4.1507,-2.2391,1
4.1527,-2.2348,1
4.1548,-2.2306,1
4.1569,-2.2263,1
4.1590,-2.2220,1
4.1611,-2.2177,1
4.1631,-2.2134,1
4.1652,-2.2091,1
4.1673,-2.2048,1
4.1694,-2.2006,1
4.1715,-2.1963,1
4.1736,-2.1920,1
4.1756,-2.1877,1
4.1777,-2.1834,1
4.1798,-2.1791,1
4.1819,-2.1748,1
4.1840,-2.1705,1
4.1860,-2.1663,1
4.1881,-2.1620,1
4.1902,-2.1577,1
4.1923,-2.1534,1
4.1944,-2.1491,1
4.1964,-2.1448,1
4.1985,-2.1405,1
4.2006,-2.1363,1
4.2027,-2.1320,1
4.2048,-2.1277,1
4.2068,-2.1234,1
4.2089,-2.1191,1
4.2110,-2.1148,1
4.2131,-2.1105,1
4.2152,-2.1062,1
4.2173,-2.1020,1
4.2193,-2.0977,1
4.2214,-2.0934,1
4.2235,-2.0891,1
4.2256,-2.0848,1
4.2277,-2.0805,1
4.2297,-2.0762,1
4.2318,-2.0720,1
4.2339,-2.0677,1
4.2360,-2.0634,1
4.2381,-2.0591,1
4.2401,-2.0548,1
4.2422,-2.0505,1
4.2443,-2.0462,1
4.2464,-2.0419,1
4.2485,-2.0377,1
4.2505,-2.0334,1
4.2526,-2.0291,1
4.2547,-2.0248,1
4.2568,-2.0205,1
4.2589,-2.0162,1
4.2610,-2.0119,1
4.2630,-2.0076,1
4.2651,-2.0034,1
4.2672,-1.9991,1
4.2693,-1.9948,1
4.2714,-1.9905,1
4.2734,-1.9862,1
4.2755,-1.9819,1
4.2776,-1.9776,1
4.2797,-1.9734,1
4.2818,-1.9691,1
4.2838,-1.9648,1
4.2859,-1.9605,1
4.2880,-1.9562,1
4.2901,-1.9519,1
4.2922,-1.9476,1
4.2942,-1.9433,1
4.2963,-1.9391,1
4.2984,-1.9348,1
4.3005,-1.9305,1
4.3026,-1.9262,1
4.3047,-1.9219,1
4.3067,-1.9176,1
4.3088,-1.9133,1
4.3109,-1.9091,1
4.3130,-1.9048,1
4.3151,-1.9005,1
4.3171,-1.8962,1
4.3192,-1.8919,1
4.3213,-1.8876,1
4.3234,-1.8833,1
4.3255,-1.8790,1
4.3275,-1.8748,1
4.3296,-1.8705,1
4.3317,-1.8662,1
4.3338,-1.8619,1
4.3359,-1.8576,1
4.3379,-1.8533,1
4.3400,-1.8490,1
4.3421,-1.8448,1
4.3442,-1.8405,1
4.3463,-1.8362,1
4.3484,-1.8319,1
4.3504,-1.8276,1
4.3525,-1.8233,1
4.3546,-1.8190,1
4.3567,-1.8147,1
4.3588,-1.8105,1
4.3608,-1.8062,1
4.3629,-1.8019,1
4.3650,-1.7976,1
nan,nan,1
4.3650,-1.7976,2
4.3671,-1.7933,2
4.3692,-1.7890,2
4.3712,-1.7847,2
4.3733,-1.7805,2
4.3754,-1.7762,2
4.3775,-1.7719,2
4.3796,-1.7676,2
4.3816,-1.7633,2
4.3837,-1.7590,2
4.3858,-1.7547,2
4.3879,-1.7504,2
4.3900,-1.7462,2
4.3920,-1.7419,2
4.3941,-1.7376,2
4.3962,-1.7333,2
4.3983,-1.7290,2
4.4004,-1.7247,2
4.4025,-1.7204,2
4.4045,-1.7162,2
4.4066,-1.7119,2
4.4087,-1.7076,2
4.4108,-1.7033,2
4.4129,-1.6990,2
4.4149,-1.6947,2
4.4170,-1.6904,2
4.4191,-1.6861,2
4.4212,-1.6819,2
4.4233,-1.6776,2
4.4253,-1.6733,2
4.4274,-1.6690,2
4.4295,-1.6647,2
4.4316,-1.6604,2
4.4337,-1.6561,2
4.4357,-1.6519,2
4.4378,-1.6476,2
4.4399,-1.6433,2
4.4420,-1.6390,2
4.4441,-1.6347,2
4.4462,-1.6304,2
4.4482,-1.6261,2
4.4503,-1.6218,2
4.4524,-1.6176,2
4.4545,-1.6133,2
4.4566,-1.6090,2
4.4586,-1.6047,2
4.4607,-1.6004,2
4.4628,-1.5961,2
4.4649,-1.5918,2
4.4670,-1.5876,2
4.4690,-1.5833,2
4.4711,-1.5790,2
4.4732,-1.5747,2
4.4753,-1.5704,2
4.4774,-1.5661,2
4.4794,-1.5618,2
4.4815,-1.5575,2
4.4836,-1.5533,2
4.4857,-1.5490,2
4.4878,-1.5447,2
4.4899,-1.5404,2
4.4919,-1.5361,2
4.4940,-1.5318,2
4.4961,-1.5275,2
4.4982,-1.5233,2
4.5003,-1.5190,2
4.5023,-1.5147,2
4.5044,-1.5104,2
4.5065,-1.5061,2
4.5086,-1.5018,2
4.5107,-1.4975,2
4.5127,-1.4932,2
4.5148,-1.4890,2
4.5169,-1.4847,2
4.5190,-1.4804,2
4.5211,-1.4761,2
4.5231,-1.4718,2
4.5252,-1.4675,2
4.5273,-1.4632,2
4.5294,-1.4590,2
4.5315,-1.4547,2
4.5336,-1.4504,2
4.5356,-1.4461,2
4.5377,-1.4418,2
4.5398,-1.4375,2
4.5419,-1.4332,2
4.5440,-1.4289,2
4.5460,-1.4247,2
4.5481,-1.4204,2
4.5502,-1.4161,2
4.5523,-1.4118,2
4.5544,-1.4075,2
4.5564,-1.4032,2
4.5585,-1.3989,2
4.5606,-1.3947,2
4.5627,-1.3904,2
4.5648,-1.3861,2
4.5668,-1.3818,2
4.5689,-1.3775,2
4.5710,-1.3732,2
4.5731,-1.3689,2
4.5752,-1.3646,2
4.5773,-1.3604,2
4.5793,-1.3561,2
4.5814,-1.3518,2
4.5835,-1.3475,2
4.5856,-1.3432,2
4.5877,-1.3389,2
4.5897,-1.3346,2
4.5918,-1.3303,2
nan,nan,2
4.5918,-1.3303,7
4.5939,-1.3261,7
4.5960,-1.3218,7
4.5981,-1.3175,7
4.6001,-1.3132,7
4.6022,-1.3089,7
4.6043,-1.3046,7
4.6064,-1.3003,7
4.6085,-1.2961,7
4.6105,-1.2918,7
4.6126,-1.2875,7
4.6147,-1.2832,7
4.6168,-1.2789,7
4.6189,-1.2746,7
4.6210,-1.2703,7
4.6230,-1.2660,7
4.6251,-1.2618,7
4.6272,-1.2575,7
4.6293,-1.2532,7
4.6314,-1.2489,7
4.6334,-1.2446,7
4.6355,-1.2403,7
4.6376,-1.2360,7
4.6397,-1.2318,7
4.6418,-1.2275,7
4.6438,-1.2232,7
4.6459,-1.2189,7
4.6480,-1.2146,7
4.6501,-1.2103,7
4.6522,-1.2060,7
4.6542,-1.2017,7
4.6563,-1.1975,7
4.6584,-1.1932,7
4.6605,-1.1889,7
4.6626,-1.1846,7
4.6647,-1.1803,7
4.6667,-1.1760,7
4.6688,-1.1717,7
4.6709,-1.1675,7
4.6730,-1.1632,7
4.6751,-1.1589,7
4.6771,-1.1546,7
4.6792,-1.1503,7
4.6813,-1.1460,7
4.6834,-1.1417,7
4.6855,-1.1374,7
4.6875,-1.1332,7
4.6896,-1.1289,7
4.6917,-1.1246,7
4.6938,-1.1203,7
4.6959,-1.1160,7
4.6979,-1.1117,7
4.7000,-1.1074,7
4.7021,-1.1032,7
4.7042,-1.0989,7
4.7063,-1.0946,7
4.7084,-1.0903,7
4.7104,-1.0860,7
4.7125,-1.0817,7
4.7146,-1.0774,7
4.7167,-1.0731,7
4.7188,-1.0689,7
4.7208,-1.0646,7
4.7229,-1.0603,7
4.7250,-1.0560,7
nan,nan,7
5.5076,-2.3836,1
5.2424,-3.7220,1
4.2860,-1.6287,1
4.5512,-0.2903,1
5.5076,-2.3836,1
nan,nan,1
5.3617,-2.5548,5
5.3556,-2.5433,5
5.3495,-2.5319,5
5.3434,-2.5205,5
5.3374,-2.5092,5
5.3313,-2.4979,5
5.3253,-2.4867,5
5.3193,-2.4756,5
5.3134,-2.4645,5
5.3074,-2.4534,5
5.3015,-2.4425,5
5.2956,-2.4315,5
5.2898,-2.4206,5
5.2839,-2.4098,5
5.2781,-2.3990,5
5.2723,-2.3883,5
5.2666,-2.3776,5
5.2608,-2.3670,5
5.2551,-2.3565,5
5.2494,-2.3459,5
5.2437,-2.3355,5
5.2381,-2.3251,5
5.2325,-2.3147,5
5.2269,-2.3044,5
5.2213,-2.2942,5
5.2158,-2.2840,5
5.2102,-2.2739,5
5.2047,-2.2638,5
5.1993,-2.2538,5
5.1938,-2.2438,5
5.1884,-2.2339,5
5.1830,-2.2240,5
5.1776,-2.2142,5
5.1723,-2.2044,5
5.1669,-2.1947,5
5.1616,-2.1851,5
5.1564,-2.1755,5
5.1511,-2.1659,5
5.1459,-2.1564,5
5.1407,-2.1470,5
5.1355,-2.1376,5
5.1303,-2.1282,5
5.1252,-2.1190,5
5.1201,-2.1097,5
5.1150,-2.1006,5
5.1100,-2.0914,5
5.1049,-2.0824,5
5.0999,-2.0734,5
5.0949,-2.0644,5
5.0900,-2.0555,5
5.0850,-2.0467,5
5.0801,-2.0379,5
5.0752,-2.0291,5
5.0704,-2.0204,5
5.0655,-2.0118,5
5.0607,-2.0032,5
5.0559,-1.9947,5
5.0512,-1.9862,5
5.0464,-1.9778,5
5.0417,-1.9694,5
5.0370,-1.9611,5
5.0324,-1.9528,5
5.0277,-1.9446,5
5.0231,-1.9364,5
5.0185,-1.9283,5
5.0139,-1.9203,5
5.0094,-1.9123,5
5.0049,-1.9043,5
5.0004,-1.8964,5
4.9959,-1.8886,5
4.9915,-1.8808,5
4.9870,-1.8731,5
4.9826,-1.8654,5
4.9783,-1.8578,5
4.9739,-1.8502,5
4.9696,-1.8427,5
4.9653,-1.8353,5
4.9610,-1.8278,5
4.9568,-1.8205,5
4.9525,-1.8132,5
4.9483,-1.8059,5
4.9442,-1.7987,5
4.9400,-1.7916,5
4.9359,-1.7845,5
4.9318,-1.7775,5
4.9277,-1.7705,5
4.9236,-1.7636,5
4.9196,-1.7567,5
4.9156,-1.7499,5
4.9116,-1.7431,5
4.9077,-1.7364,5
4.9037,-1.7297,5
4.8998,-1.7231,5
4.8959,-1.7166,5
4.8921,-1.7101,5
4.8882,-1.7036,5
4.8844,-1.6972,5
4.8806,-1.6909,5
4.8769,-1.6846,5
4.8731,-1.6784,5
4.8694,-1.6722,5
4.8657,-1.6661,5
4.8621,-1.6600,5
4.8584,-1.6540,5
4.8548,-1.6480,5
4.8512,-1.6421,5
4.8476,-1.6362,5
4.8441,-1.6304,5
4.8406,-1.6247,5
4.8371,-1.6190,5
4.8336,-1.6133,5
4.8302,-1.6078,5
4.8268,-1.6022,5
4.8234,-1.5967,5
4.8200,-1.5913,5
4.8166,-1.5859,5
4.8133,-1.5806,5
4.8100,-1.5753,5
4.8067,-1.5701,5
4.8035,-1.5650,5
4.8003,-1.5598,5
4.7971,-1.5548,5
4.7939,-1.5498,5
4.7907,-1.5448,5
4.7876,-1.5399,5
4.7845,-1.5351,5
4.7814,-1.5303,5
4.7784,-1.5256,5
4.7753,-1.5209,5
4.7723,-1.5163,5
4.7694,-1.5117,5
4.7664,-1.5072,5
4.7635,-1.5027,5
4.7606,-1.4983,5
4.7577,-1.4939,5
4.7548,-1.4896,5
4.7520,-1.4854,5
4.7492,-1.4812,5
4.7464,-1.4770,5
4.7436,-1.4729,5
4.7409,-1.4689,5
4.7382,-1.4649,5
4.7355,-1.4610,5
4.7328,-1.4571,5
4.7302,-1.4533,5
4.7276,-1.4495,5
4.7250,-1.4458,5
4.7224,-1.4421,5
4.7199,-1.4385,5
4.7174,-1.4349,5
4.7149,-1.4314,5
4.7124,-1.4280,5
4.7100,-1.4246,5
4.7075,-1.4212,5
4.7051,-1.4179,5
4.7028,-1.4147,5
4.7004,-1.4115,5
4.6981,-1.4084,5
4.6958,-1.4053,5
4.6935,-1.4023,5
4.6913,-1.3993,5
4.6891,-1.3964,5
4.6869,-1.3935,5
4.6847,-1.3907,5
4.6825,-1.3880,5
4.6804,-1.3852,5
4.6783,-1.3826,5
4.6762,-1.3800,5
4.6742,-1.3775,5
4.6721,-1.3750,5
4.6701,-1.3725,5
4.6682,-1.3702,5
4.6662,-1.3678,5
4.6643,-1.3655,5
4.6624,-1.3633,5
4.6605,-1.3612,5
4.6586,-1.3590,5
4.6568,-1.3570,5
4.6550,-1.3550,5
4.6532,-1.3530,5
4.6514,-1.3511,5
4.6497,-1.3493,5
4.6480,-1.3475,5
4.6463,-1.3457,5
4.6447,-1.3440,5
4.6430,-1.3424,5
4.6414,-1.3408,5
4.6398,-1.3393,5
4.6382,-1.3378,5
4.6367,-1.3364,5
4.6352,-1.3350,5
4.6337,-1.3337,5
4.6322,-1.3325,5
4.6308,-1.3313,5
4.6294,-1.3301,5
4.6280,-1.3290,5
4.6266,-1.3280,5
4.6253,-1.3270,5
4.6240,-1.3260,5
4.6227,-1.3251,5
4.6214,-1.3243,5
4.6201,-1.3235,5
4.6189,-1.3228,5
4.6177,-1.3221,5
4.6165,-1.3215,5
4.6154,-1.3209,5
4.6143,-1.3204,5
4.6132,-1.3200,5
4.6121,-1.3196,5
4.6110,-1.3192,5
4.6100,-1.3189,5
4.6090,-1.3187,5
4.6080,-1.3185,5
4.6071,-1.3184,5
4.6062,-1.3183,5
4.6053,-1.3182,5
4.6044,-1.3183,5
4.6035,-1.3183,5
4.6027,-1.3185,5
4.6019,-1.3187,5
4.6011,-1.3189,5
4.6003,-1.3192,5
4.5996,-1.3195,5
4.5989,-1.3199,5
4.5982,-1.3204,5
4.5975,-1.3209,5
4.5969,-1.3214,5
4.5963,-1.3220,5
4.5957,-1.3227,5
4.5952,-1.3234,5
4.5946,-1.3242,5
4.5941,-1.3250,5
4.5936,-1.3259,5
4.5931,-1.3268,5
4.5927,-1.3278,5
4.5923,-1.3288,5
4.5919,-1.3299,5
4.5915,-1.3310,5
4.5912,-1.3322,5
4.5909,-1.3334,5
4.5906,-1.3345,5
4.5902,-1.3366,5
4.5900,-1.3378,5
4.5898,-1.3392,5
4.5896,-1.3407,5
4.5895,-1.3423,5
4.5893,-1.3439,5
4.5892,-1.3456,5
4.5891,-1.3473,5
4.5890,-1.3491,5
4.5890,-1.3509,5
4.5889,-1.3528,5
4.5889,-1.3547,5
4.5890,-1.3567,5
4.5890,-1.3588,5
4.5891,-1.3609,5
4.5892,-1.3631,5
4.5893,-1.3653,5
4.5895,-1.3675,5
4.5896,-1.3699,5
4.5898,-1.3722,5
4.5900,-1.3747,5
4.5903,-1.3772,5
4.5906,-1.3797,5
4.5908,-1.3823,5
4.5912,-1.3849,5
4.5915,-1.3876,5
4.5919,-1.3904,5
4.5923,-1.3932,5
4.5927,-1.3960,5
4.5931,-1.3989,5
4.5936,-1.4019,5
4.5941,-1.4049,5
4.5946,-1.4080,5
4.5951,-1.4111,5
4.5957,-1.4143,5
4.5963,-1.4175,5
4.5969,-1.4208,5
4.5975,-1.4242,5
4.5982,-1.4275,5
4.5988,-1.4310,5
4.5996,-1.4345,5
4.6003,-1.4380,5
4.6010,-1.4416,5
4.6018,-1.4453,5
4.6026,-1.4490,5
4.6035,-1.4528,5
4.6043,-1.4566,5
4.6052,-1.4605,5
4.6061,-1.4644,5
4.6070,-1.4684,5
4.6080,-1.4724,5
4.6089,-1.4765,5
4.6099,-1.4806,5
4.6110,-1.4848,5
4.6120,-1.4891,5
4.6131,-1.4934,5
4.6142,-1.4977,5
4.6153,-1.5021,5
4.6165,-1.5066,5
4.6176,-1.5111,5
4.6188,-1.5157,5
4.6201,-1.5203,5
4.6213,-1.5250,5
4.6226,-1.5297,5
4.6239,-1.5345,5
4.6252,-1.5393,5
4.6265,-1.5442,5
4.6279,-1.5492,5
4.6293,-1.5542,5
4.6307,-1.5592,5
4.6321,-1.5643,5
4.6336,-1.5695,5
4.6351,-1.5747,5
4.6366,-1.5799,5
4.6381,-1.5853,5
4.6397,-1.5906,5
4.6413,-1.5961,5
4.6429,-1.6015,5
4.6445,-1.6071,5
4.6462,-1.6126,5
4.6479,-1.6183,5
4.6496,-1.6240,5
4.6513,-1.6297,5
4.6531,-1.6355,5
4.6549,-1.6414,5
4.6567,-1.6473,5
4.6585,-1.6532,5
4.6604,-1.6592,5
4.6622,-1.6653,5
4.6642,-1.6714,5
4.6661,-1.6776,5
4.6680,-1.6838,5
4.6700,-1.6901,5
4.6720,-1.6964,5
4.6740,-1.7028,5
4.6761,-1.7093,5
4.6782,-1.7158,5
4.6803,-1.7223,5
4.6824,-1.7289,5
4.6845,-1.7356,5
4.6867,-1.7423,5
4.6889,-1.7490,5
4.6911,-1.7558,5
4.6934,-1.7627,5
4.6957,-1.7696,5
4.6980,-1.7766,5
4.7003,-1.7836,5
4.7026,-1.7907,5
4.7050,-1.7978,5
4.7074,-1.8050,5
4.7098,-1.8123,5
4.7122,-1.8196,5
4.7147,-1.8269,5
4.7172,-1.8343,5
4.7197,-1.8418,5
4.7223,-1.8493,5
4.7248,-1.8569,5
4.7274,-1.8645,5
4.7300,-1.8721,5
4.7327,-1.8799,5
4.7353,-1.8876,5
4.7380,-1.8955,5
4.7407,-1.9033,5
4.7434,-1.9113,5
4.7462,-1.9193,5
4.7490,-1.9273,5
4.7518,-1.9354,5
4.7546,-1.9436,5
4.7575,-1.9518,5
4.7604,-1.9600,5
4.7633,-1.9683,5
4.7662,-1.9767,5
4.7692,-1.9851,5
4.7721,-1.9936,5
4.7751,-2.0021,5
4.7782,-2.0107,5
4.7812,-2.0193,5
4.7843,-2.0280,5
4.7874,-2.0368,5
4.7905,-2.0455,5
4.7937,-2.0544,5
4.7969,-2.0633,5
4.8001,-2.0722,5
4.8033,-2.0813,5
4.8065,-2.0903,5
4.8098,-2.0994,5
4.8131,-2.1086,5
4.8164,-2.1178,5
4.8198,-2.1271,5
4.8231,-2.1364,5
4.8265,-2.1458,5
4.8300,-2.1552,5
4.8334,-2.1647,5
4.8369,-2.1743,5
4.8404,-2.1838,5
4.8439,-2.1935,5
4.8474,-2.2032,5
4.8510,-2.2130,5
4.8546,-2.2228,5
4.8582,-2.2326,5
4.8618,-2.2425,5
4.8655,-2.2525,5
4.8692,-2.2625,5
4.8729,-2.2726,5
4.8766,-2.2827,5
4.8804,-2.2929,5
4.8842,-2.3032,5
4.8880,-2.3134,5
4.8918,-2.3238,5
4.8957,-2.3342,5
4.8996,-2.3446,5
4.9035,-2.3551,5
4.9074,-2.3657,5
4.9114,-2.3763,5
4.9153,-2.3870,5
4.9193,-2.3977,5
4.9234,-2.4085,5
4.9274,-2.4193,5
4.9315,-2.4302,5
4.9356,-2.4411,5
4.9397,-2.4521,5
4.9439,-2.4631,5
4.9481,-2.4742,5
4.9523,-2.4853,5
4.9565,-2.4965,5
4.9607,-2.5078,5
4.9650,-2.5191,5
4.9693,-2.5305,5
4.9736,-2.5419,5
4.9780,-2.5533,5
4.9824,-2.5649,5
4.9868,-2.5764,5
4.9912,-2.5881,5
4.9956,-2.5997,5
5.0001,-2.6115,5
5.0046,-2.6233,5
5.0091,-2.6351,5
5.0136,-2.6470,5
5.0182,-2.6589,5
5.0228,-2.6709,5
5.0274,-2.6830,5
5.0321,-2.6951,5
5.0367,-2.7073,5
5.0414,-2.7195,5
5.0461,-2.7317,5
5.0509,-2.7441,5
5.0556,-2.7564,5
5.0604,-2.7689,5
5.0652,-2.7813,5
5.0701,-2.7939,5
5.0749,-2.8065,5
5.0798,-2.8191,5
5.0847,-2.8318,5
5.0897,-2.8446,5
5.0946,-2.8574,5
5.0996,-2.8702,5
5.1046,-2.8831,5
5.1096,-2.8961,5
5.1147,-2.9091,5
5.1198,-2.9222,5
5.1249,-2.9353,5
5.1300,-2.9485,5
5.1352,-2.9617,5
5.1403,-2.9750,5
5.1455,-2.9883,5
5.1508,-3.0017,5
5.1560,-3.0152,5
5.1613,-3.0287,5
5.1666,-3.0422,5
5.1719,-3.0558,5
5.1773,-3.0695,5
5.1826,-3.0832,5
5.1880,-3.0969,5
5.1935,-3.1108,5
5.1989,-3.1246,5
5.2044,-3.1386,5
5.2099,-3.1525,5
5.2154,-3.1666,5
5.2209,-3.1807,5
5.2265,-3.1948,5
5.2321,-3.2090,5
5.3617,-2.5548,5
nan,nan,5
5.3617,-2.5548,1
5.3556,-2.5433,1
5.3495,-2.5319,1
5.3434,-2.5205,1
5.3374,-2.5092,1
5.3313,-2.4979,1
5.3253,-2.4867,1
5.3193,-2.4756,1
5.3134,-2.4645,1
5.3074,-2.4534,1
5.3015,-2.4425,1
5.2956,-2.4315,1
5.2898,-2.4206,1
5.2839,-2.4098,1
5.2781,-2.3990,1
5.2723,-2.3883,1
5.2666,-2.3776,1
5.2608,-2.3670,1
5.2551,-2.3565,1
5.2494,-2.3459,1
5.2437,-2.3355,1
5.2381,-2.3251,1
5.2325,-2.3147,1
5.2269,-2.3044,1
5.2213,-2.2942,1
5.2158,-2.2840,1
5.2102,-2.2739,1
5.2047,-2.2638,1
5.1993,-2.2538,1
5.1938,-2.2438,1
5.1884,-2.2339,1
5.1830,-2.2240,1
5.1776,-2.2142,1
5.1723,-2.2044,1
5.1669,-2.1947,1
5.1616,-2.1851,1
5.1564,-2.1755,1
5.1511,-2.1659,1
5.1459,-2.1564,1
5.1407,-2.1470,1
5.1355,-2.1376,1
5.1303,-2.1282,1
5.1252,-2.1190,1
5.1201,-2.1097,1
5.1150,-2.1006,1
5.1100,-2.0914,1
5.1049,-2.0824,1
5.0999,-2.0734,1
5.0949,-2.0644,1
5.0900,-2.0555,1
5.0850,-2.0467,1
5.0801,-2.0379,1
5.0752,-2.0291,1
5.0704,-2.0204,1
5.0655,-2.0118,1
5.0607,-2.0032,1
5.0559,-1.9947,1
5.0512,-1.9862,1
5.0464,-1.9778,1
5.0417,-1.9694,1
5.0370,-1.9611,1
5.0324,-1.9528,1
5.0277,-1.9446,1
5.0231,-1.9364,1
5.0185,-1.9283,1
5.0139,-1.9203,1
5.0094,-1.9123,1
5.0049,-1.9043,1
5.0004,-1.8964,1
4.9959,-1.8886,1
4.9915,-1.8808,1
4.9870,-1.8731,1
4.9826,-1.8654,1
4.9783,-1.8578,1
4.9739,-1.8502,1
4.9696,-1.8427,1
4.9653,-1.8353,1
4.9610,-1.8278,1
4.9568,-1.8205,1
4.9525,-1.8132,1
4.9483,-1.8059,1
4.9442,-1.7987,1
4.9400,-1.7916,1
4.9359,-1.7845,1
4.9318,-1.7775,1
4.9277,-1.7705,1
4.9236,-1.7636,1
4.9196,-1.7567,1
4.9156,-1.7499,1
4.9116,-1.7431,1
4.9077,-1.7364,1
4.9037,-1.7297,1
4.8998,-1.7231,1
4.8959,-1.7166,1
4.8921,-1.7101,1
4.8882,-1.7036,1
4.8844,-1.6972,1
4.8806,-1.6909,1
4.8769,-1.6846,1
4.8731,-1.6784,1
4.8694,-1.6722,1
4.8657,-1.6661,1
4.8621,-1.6600,1
4.8584,-1.6540,1
4.8548,-1.6480,1
4.8512,-1.6421,1
4.8476,-1.6362,1
4.8441,-1.6304,1
4.8406,-1.6247,1
4.8371,-1.6190,1
4.8336,-1.6133,1
4.8302,-1.6078,1
4.8268,-1.6022,1
4.8234,-1.5967,1
4.8200,-1.5913,1
4.8166,-1.5859,1
4.8133,-1.5806,1
4.8100,-1.5753,1
4.8067,-1.5701,1
4.8035,-1.5650,1
4.8003,-1.5598,1
4.7971,-1.5548,1
4.7939,-1.5498,1
4.7907,-1.5448,1
4.7876,-1.5399,1
4.7845,-1.5351,1
4.7814,-1.5303,1
4.7784,-1.5256,1
4.7753,-1.5209,1
4.7723,-1.5163,1
4.7694,-1.5117,1
4.7664,-1.5072,1
4.7635,-1.5027,1
4.7606,-1.4983,1
4.7577,-1.4939,1
4.7548,-1.4896,1
4.7520,-1.4854,1
4.7492,-1.4812,1
4.7464,-1.4770,1
4.7436,-1.4729,1
4.7409,-1.4689,1
4.7382,-1.4649,1
4.7355,-1.4610,1
4.7328,-1.4571,1
4.7302,-1.4533,1
4.7276,-1.4495,1
4.7250,-1.4458,1
4.7224,-1.4421,1
4.7199,-1.4385,1
4.7174,-1.4349,1
4.7149,-1.4314,1
4.7124,-1.4280,1
4.7100,-1.4246,1
4.7075,-1.4212,1
4.7051,-1.4179,1
4.7028,-1.4147,1
4.7004,-1.4115,1
4.6981,-1.4084,1
4.6958,-1.4053,1
4.6935,-1.4023,1
4.6913,-1.3993,1
4.6891,-1.3964,1
4.6869,-1.3935,1
4.6847,-1.3907,1
4.6825,-1.3880,1
4.6804,-1.3852,1
4.6783,-1.3826,1
4.6762,-1.3800,1
4.6742,-1.3775,1
4.6721,-1.3750,1
4.6701,-1.3725,1
4.6682,-1.3702,1
4.6662,-1.3678,1
4.6643,-1.3655,1
4.6624,-1.3633,1
4.6605,-1.3612,1
4.6586,-1.3590,1
4.6568,-1.3570,1
4.6550,-1.3550,1
4.6532,-1.3530,1
4.6514,-1.3511,1
4.6497,-1.3493,1
4.6480,-1.3475,1
4.6463,-1.3457,1
4.6447,-1.3440,1
4.6430,-1.3424,1
4.6414,-1.3408,1
4.6398,-1.3393,1
4.6382,-1.3378,1
4.6367,-1.3364,1
4.6352,-1.3350,1
4.6337,-1.3337,1
4.6322,-1.3325,1
4.6308,-1.3313,1
4.6294,-1.3301,1
4.6280,-1.3290,1
4.6266,-1.3280,1
4.6253,-1.3270,1
4.6240,-1.3260,1
4.6227,-1.3251,1
4.6214,-1.3243,1
4.6201,-1.3235,1
4.6189,-1.3228,1
4.6177,-1.3221,1
4.6165,-1.3215,1
4.6154,-1.3209,1
4.6143,-1.3204,1
4.6132,-1.3200,1
4.6121,-1.3196,1
4.6110,-1.3192,1
4.6100,-1.3189,1
4.6090,-1.3187,1
4.6080,-1.3185,1
4.6071,-1.3184,1
4.6062,-1.3183,1
4.6053,-1.3182,1
4.6044,-1.3183,1
4.6035,-1.3183,1
4.6027,-1.3185,1
4.6019,-1.3187,1
4.6011,-1.3189,1
4.6003,-1.3192,1
4.5996,-1.3195,1
4.5989,-1.3199,1
4.5982,-1.3204,1
4.5975,-1.3209,1
4.5969,-1.3214,1
4.5963,-1.3220,1
4.5957,-1.3227,1
4.5952,-1.3234,1
4.5946,-1.3242,1
4.5941,-1.3250,1
4.5936,-1.3259,1
4.5931,-1.3268,1
4.5927,-1.3278,1
4.5923,-1.3288,1
4.5919,-1.3299,1
4.5915,-1.3310,1
4.5912,-1.3322,1
4.5909,-1.3334,1
4.5906,-1.3345,1
4.5902,-1.3366,1
4.5900,-1.3378,1
4.5898,-1.3392,1
4.5896,-1.3407,1
4.5895,-1.3423,1
4.5893,-1.3439,1
4.5892,-1.3456,1
4.5891,-1.3473,1
4.5890,-1.3491,1
4.5890,-1.3509,1
4.5889,-1.3528,1
4.5889,-1.3547,1
4.5890,-1.3567,1
4.5890,-1.3588,1
4.5891,-1.3609,1
4.5892,-1.3631,1
4.5893,-1.3653,1
4.5895,-1.3675,1
4.5896,-1.3699,1
4.5898,-1.3722,1
4.5900,-1.3747,1
4.5903,-1.3772,1
4.5906,-1.3797,1
4.5908,-1.3823,1
4.5912,-1.3849,1
4.5915,-1.3876,1
4.5919,-1.3904,1
4.5923,-1.3932,1
4.5927,-1.3960,1
4.5931,-1.3989,1
4.5936,-1.4019,1
4.5941,-1.4049,1
4.5946,-1.4080,1
4.5951,-1.4111,1
4.5957,-1.4143,1
4.5963,-1.4175,1
4.5969,-1.4208,1
4.5975,-1.4242,1
4.5982,-1.4275,1
4.5988,-1.4310,1
4.5996,-1.4345,1
4.6003,-1.4380,1
4.6010,-1.4416,1
4.6018,-1.4453,1
4.6026,-1.4490,1
4.6035,-1.4528,1
4.6043,-1.4566,1
4.6052,-1.4605,1
4.6061,-1.4644,1
4.6070,-1.4684,1
4.6080,-1.4724,1
4.6089,-1.4765,1
4.6099,-1.4806,1
4.6110,-1.4848,1
4.6120,-1.4891,1
4.6131,-1.4934,1
4.6142,-1.4977,1
4.6153,-1.5021,1
4.6165,-1.5066,1
4.6176,-1.5111,1
4.6188,-1.5157,1
4.6201,-1.5203,1
4.6213,-1.5250,1
4.6226,-1.5297,1
4.6239,-1.5345,1
4.6252,-1.5393,1
4.6265,-1.5442,1
4.6279,-1.5492,1
4.6293,-1.5542,1
4.6307,-1.5592,1
4.6321,-1.5643,1
4.6336,-1.5695,1
4.6351,-1.5747,1
4.6366,-1.5799,1
4.6381,-1.5853,1
4.6397,-1.5906,1
4.6413,-1.5961,1
4.6429,-1.6015,1
4.6445,-1.6071,1
4.6462,-1.6126,1
4.6479,-1.6183,1
4.6496,-1.6240,1
4.6513,-1.6297,1
4.6531,-1.6355,1
4.6549,-1.6414,1
4.6567,-1.6473,1
4.6585,-1.6532,1
4.6604,-1.6592,1
4.6622,-1.6653,1
4.6642,-1.6714,1
4.6661,-1.6776,1
4.6680,-1.6838,1
4.6700,-1.6901,1
4.6720,-1.6964,1
4.6740,-1.7028,1
4.6761,-1.7093,1
4.6782,-1.7158,1
4.6803,-1.7223,1
4.6824,-1.7289,1
4.6845,-1.7356,1
4.6867,-1.7423,1
4.6889,-1.7490,1
4.6911,-1.7558,1
4.6934,-1.7627,1
4.6957,-1.7696,1
4.6980,-1.7766,1
4.7003,-1.7836,1
4.7026,-1.7907,1
4.7050,-1.7978,1
4.7074,-1.8050,1
4.7098,-1.8123,1
4.7122,-1.8196,1
4.7147,-1.8269,1
4.7172,-1.8343,1
4.7197,-1.8418,1
4.7223,-1.8493,1
4.7248,-1.8569,1
4.7274,-1.8645,1
4.7300,-1.8721,1
4.7327,-1.8799,1
4.7353,-1.8876,1
4.7380,-1.8955,1
4.7407,-1.9033,1
4.7434,-1.9113,1
4.7462,-1.9193,1
4.7490,-1.9273,1
4.7518,-1.9354,1
4.7546,-1.9436,1
4.7575,-1.9518,1
4.7604,-1.9600,1
4.7633,-1.9683,1
4.7662,-1.9767,1
4.7692,-1.9851,1
4.7721,-1.9936,1
4.7751,-2.0021,1
4.7782,-2.0107,1
4.7812,-2.0193,1
4.7843,-2.0280,1
4.7874,-2.0368,1
4.7905,-2.0455,1
4.7937,-2.0544,1
4.7969,-2.0633,1
4.8001,-2.0722,1
4.8033,-2.0813,1
4.8065,-2.0903,1
4.8098,-2.0994,1
4.8131,-2.1086,1
4.8164,-2.1178,1
4.8198,-2.1271,1
4.8231,-2.1364,1
4.8265,-2.1458,1
4.8300,-2.1552,1
4.8334,-2.1647,1
4.8369,-2.1743,1
4.8404,-2.1838,1
4.8439,-2.1935,1
4.8474,-2.2032,1
4.8510,-2.2130,1
4.8546,-2.2228,1
4.8582,-2.2326,1
4.8618,-2.2425,1
4.8655,-2.2525,1
4.8692,-2.2625,1
4.8729,-2.2726,1
4.8766,-2.2827,1
4.8804,-2.2929,1
4.8842,-2.3032,1
4.8880,-2.3134,1
4.8918,-2.3238,1
4.8957,-2.3342,1
4.8996,-2.3446,1
4.9035,-2.3551,1
4.9074,-2.3657,1
4.9114,-2.3763,1
4.9153,-2.3870,1
4.9193,-2.3977,1
4.9234,-2.4085,1
4.9274,-2.4193,1
4.9315,-2.4302,1
4.9356,-2.4411,1
4.9397,-2.4521,1
4.9439,-2.4631,1
4.9481,-2.4742,1
4.9523,-2.4853,1
4.9565,-2.4965,1
4.9607,-2.5078,1
4.9650,-2.5191,1
4.9693,-2.5305,1
4.9736,-2.5419,1
4.9780,-2.5533,1
4.9824,-2.5649,1
4.9868,-2.5764,1
4.9912,-2.5881,1
4.9956,-2.5997,1
5.0001,-2.6115,1
5.0046,-2.6233,1
5.0091,-2.6351,1
5.0136,-2.6470,1
5.0182,-2.6589,1
5.0228,-2.6709,1
5.0274,-2.6830,1
5.0321,-2.6951,1
5.0367,-2.7073,1
5.0414,-2.7195,1
5.0461,-2.7317,1
5.0509,-2.7441,1
5.0556,-2.7564,1
5.0604,-2.7689,1
5.0652,-2.7813,1
5.0701,-2.7939,1
5.0749,-2.8065,1
5.0798,-2.8191,1
5.0847,-2.8318,1
5.0897,-2.8446,1
5.0946,-2.8574,1
5.0996,-2.8702,1
5.1046,-2.8831,1
5.1096,-2.8961,1
5.1147,-2.9091,1
5.1198,-2.9222,1
5.1249,-2.9353,1
5.1300,-2.9485,1
5.1352,-2.9617,1
5.1403,-2.9750,1
5.1455,-2.9883,1
5.1508,-3.0017,1
5.1560,-3.0152,1
5.1613,-3.0287,1
5.1666,-3.0422,1
5.1719,-3.0558,1
5.1773,-3.0695,1
5.1826,-3.0832,1
5.1880,-3.0969,1
5.1935,-3.1108,1
5.1989,-3.1246,1
5.2044,-3.1386,1
5.2099,-3.1525,1
5.2154,-3.1666,1
5.2209,-3.1807,1
5.2265,-3.1948,1
5.2321,-3.2090,1
5.3617,-2.5548,1
nan,nan,1
4.7265,-6.1270,1
4.7288,-6.1270,1
4.7321,-6.1272,1
4.7354,-6.1274,1
4.7389,-6.1278,1
4.7423,-6.1282,1
4.7457,-6.1288,1
4.7492,-6.1294,1
4.7526,-6.1302,1
4.7560,-6.1310,1
4.7595,-6.1320,1
4.7629,-6.1330,1
4.7664,-6.1342,1
4.7698,-6.1354,1
4.7733,-6.1368,1
4.7767,-6.1382,1
4.7801,-6.1398,1
4.7836,-6.1414,1
4.7870,-6.1432,1
4.7905,-6.1450,1
4.7939,-6.1470,1
4.7974,-6.1491,1
4.8008,-6.1512,1
4.8042,-6.1535,1
4.8077,-6.1558,1
4.8111,-6.1583,1
4.8146,-6.1608,1
4.8180,-6.1635,1
4.8215,-6.1662,1
4.8249,-6.1691,1
4.8284,-6.1720,1
4.8318,-6.1751,1
4.8352,-6.1783,1
4.8387,-6.1815,1
4.8421,-6.1849,1
4.8456,-6.1883,1
4.8490,-6.1919,1
4.8525,-6.1955,1
4.8559,-6.1993,1
4.8594,-6.2032,1
4.8628,-6.2071,1
4.8662,-6.2112,1
4.8697,-6.2153,1
4.8731,-6.2196,1
4.8766,-6.2239,1
4.8800,-6.2284,1
4.8835,-6.2330,1
4.8869,-6.2376,1
4.8904,-6.2424,1
4.8938,-6.2472,1
4.8972,-6.2522,1
4.9007,-6.2573,1
4.9041,-6.2624,1
4.9076,-6.2677,1
4.9110,-6.2730,1
4.9145,-6.2785,1
4.9179,-6.2841,1
4.9214,-6.2897,1
4.9248,-6.2955,1
4.9283,-6.3013,1
4.9317,-6.3073,1
4.9351,-6.3134,1
4.9386,-6.3195,1
4.9420,-6.3258,1
4.9455,-6.3321,1
4.9489,-6.3386,1
4.9524,-6.3452,1
4.9558,-6.3518,1
4.9593,-6.3586,1
4.9627,-6.3655,1
4.9661,-6.3724,1
4.9696,-6.3795,1
4.9730,-6.3866,1
4.9765,-6.3939,1
4.9799,-6.4013,1
4.9834,-6.4087,1
4.9868,-6.4163,1
4.9903,-6.4240,1
4.9937,-6.4317,1
4.9971,-6.4396,1
5.0006,-6.4476,1
5.0040,-6.4556,1
5.0075,-6.4638,1
5.0109,-6.4721,1
5.0144,-6.4804,1
5.0178,-6.4889,1
5.0213,-6.4975,1
5.0247,-6.5061,1
5.0282,-6.5149,1
5.0316,-6.5238,1
5.0350,-6.5327,1
5.0385,-6.5418,1
5.0419,-6.5510,1
5.0454,-6.5602,1
5.0488,-6.5696,1
5.0523,-6.5791,1
5.0557,-6.5886,1
5.0592,-6.5983,1
5.0626,-6.6081,1
5.0660,-6.6179,1
5.0695,-6.6279,1
5.0729,-6.6380,1
5.0764,-6.6481,1
5.0798,-6.6584,1
5.0833,-6.6688,1
5.0867,-6.6792,1
5.0902,-6.6898,1
5.0936,-6.7005,1
5.0970,-6.7113,1
5.1005,-6.7221,1
5.1039,-6.7331,1
5.1074,-6.7442,1
5.1108,-6.7553,1
5.1143,-6.7666,1
5.1177,-6.7780,1
5.1212,-6.7895,1
5.1246,-6.8010,1
5.1281,-6.8127,1
5.1315,-6.8245,1
5.1349,-6.8363,1
5.1384,-6.8483,1
5.1418,-6.8604,1
5.1453,-6.8726,1
5.1487,-6.8848,1
5.1522,-6.8972,1
5.1556,-6.9097,1
5.1591,-6.9223,1
5.1625,-6.9349,1
5.1659,-6.9477,1
5.1694,-6.9606,1
5.1728,-6.9735,1
5.1763,-6.9866,1
5.1797,-6.9998,1
5.1832,-7.0131,1
5.1866,-7.0264,1
5.1901,-7.0399,1
5.1935,-7.0535,1
5.1969,-7.0672,1
5.2004,-7.0809,1
5.2038,-7.0948,1
5.2073,-7.1088,1
5.2107,-7.1229,1
5.2142,-7.1371,1
5.2176,-7.1513,1
5.2211,-7.1657,1
5.2245,-7.1802,1
5.2280,-7.1948,1
5.2314,-7.2094,1
5.2348,-7.2242,1
5.2383,-7.2391,1
5.2417,-7.2541,1
5.2452,-7.2692,1
5.2486,-7.2843,1
5.2521,-7.2996,1
5.2555,-7.3150,1
5.2590,-7.3305,1
5.2624,-7.3460,1
5.2658,-7.3617,1
5.2693,-7.3775,1
5.2727,-7.3934,1
5.2762,-7.4094,1
5.2796,-7.4254,1
5.2831,-7.4416,1
5.2865,-7.4579,1
5.2900,-7.4743,1
5.2934,-7.4908,1
5.2968,-7.5073,1
5.3003,-7.5240,1
5.3037,-7.5408,1
5.3072,-7.5577,1
5.3106,-7.5747,1
5.3141,-7.5918,1
5.3175,-7.6089,1
5.3210,-7.6262,1
5.3244,-7.6436,1
5.3279,-7.6611,1
5.3313,-7.6787,1
5.3347,-7.6963,1
5.3382,-7.7141,1
5.3416,-7.7320,1
5.3451,-7.7500,1
nan,nan,1
4.7235,-6.1270,1
4.7212,-6.1270,1
4.7179,-6.1272,1
4.7146,-6.1274,1
4.7111,-6.1278,1
4.7077,-6.1282,1
4.7043,-6.1288,1
4.7008,-6.1294,1
4.6974,-6.1302,1
4.6940,-6.1310,1
4.6905,-6.1320,1
4.6871,-6.1330,1
4.6836,-6.1342,1
4.6802,-6.1354,1
4.6767,-6.1368,1
4.6733,-6.1382,1
4.6699,-6.1398,1
4.6664,-6.1414,1
4.6630,-6.1432,1
4.6595,-6.1450,1
4.6561,-6.1470,1
4.6526,-6.1491,1
4.6492,-6.1512,1
4.6458,-6.1535,1
4.6423,-6.1558,1
4.6389,-6.1583,1
4.6354,-6.1608,1
4.6320,-6.1635,1
4.6285,-6.1662,1
4.6251,-6.1691,1
4.6216,-6.1720,1
4.6182,-6.1751,1
4.6148,-6.1783,1
4.6113,-6.1815,1
4.6079,-6.1849,1
4.6044,-6.1883,1
4.6010,-6.1919,1
4.5975,-6.1955,1
4.5941,-6.1993,1
4.5906,-6.2032,1
4.5872,-6.2071,1
4.5838,-6.2112,1
4.5803,-6.2153,1
4.5769,-6.2196,1
4.5734,-6.2239,1
4.5700,-6.2284,1
4.5665,-6.2330,1
4.5631,-6.2376,1
4.5596,-6.2424,1
4.5562,-6.2472,1
4.5528,-6.2522,1
4.5493,-6.2573,1
4.5459,-6.2624,1
4.5424,-6.2677,1
4.5390,-6.2730,1
4.5355,-6.2785,1
4.5321,-6.2841,1
4.5286,-6.2897,1
4.5252,-6.2955,1
4.5217,-6.3013,1
4.5183,-6.3073,1
4.5149,-6.3134,1
4.5114,-6.3195,1
4.5080,-6.3258,1
4.5045,-6.3321,1
4.5011,-6.3386,1
4.4976,-6.3452,1
4.4942,-6.3518,1
4.4907,-6.3586,1
4.4873,-6.3655,1
4.4839,-6.3724,1
4.4804,-6.3795,1
4.4770,-6.3866,1
4.4735,-6.3939,1
4.4701,-6.4013,1
4.4666,-6.4087,1
4.4632,-6.4163,1
4.4597,-6.4240,1
4.4563,-6.4317,1
4.4529,-6.4396,1
4.4494,-6.4476,1
4.4460,-6.4556,1
4.4425,-6.4638,1
4.4391,-6.4721,1
4.4356,-6.4804,1
4.4322,-6.4889,1
4.4287,-6.4975,1
4.4253,-6.5061,1
4.4218,-6.5149,1
4.4184,-6.5238,1
4.4150,-6.5327,1
4.4115,-6.5418,1
4.4081,-6.5510,1
4.4046,-6.5602,1
4.4012,-6.5696,1
4.3977,-6.5791,1
4.3943,-6.5886,1
4.3908,-6.5983,1
4.3874,-6.6081,1
4.3840,-6.6179,1
4.3805,-6.6279,1
4.3771,-6.6380,1
4.3736,-6.6481,1
4.3702,-6.6584,1
4.3667,-6.6688,1
4.3633,-6.6792,1
4.3598,-6.6898,1
4.3564,-6.7005,1
4.3530,-6.7113,1
4.3495,-6.7221,1
4.3461,-6.7331,1
4.3426,-6.7442,1
4.3392,-6.7553,1
4.3357,-6.7666,1
4.3323,-6.7780,1
4.3288,-6.7895,1
4.3254,-6.8010,1
4.3219,-6.8127,1
4.3185,-6.8245,1
4.3151,-6.8363,1
4.3116,-6.8483,1
4.3082,-6.8604,1
4.3047,-6.8726,1
4.3013,-6.8848,1
4.2978,-6.8972,1
4.2944,-6.9097,1
4.2909,-6.9223,1
4.2875,-6.9349,1
4.2841,-6.9477,1
4.2806,-6.9606,1
4.2772,-6.9735,1
4.2737,-6.9866,1
4.2703,-6.9998,1
4.2668,-7.0131,1
4.2634,-7.0264,1
4.2599,-7.0399,1
4.2565,-7.0535,1
4.2531,-7.0672,1
4.2496,-7.0809,1
4.2462,-7.0948,1
4.2427,-7.1088,1
4.2393,-7.1229,1
4.2358,-7.1371,1
4.2324,-7.1513,1
4.2289,-7.1657,1
4.2255,-7.1802,1
4.2220,-7.1948,1
4.2186,-7.2094,1
4.2152,-7.2242,1
4.2117,-7.2391,1
4.2083,-7.2541,1
4.2048,-7.2692,1
4.2014,-7.2843,1
4.1979,-7.2996,1
4.1945,-7.3150,1
4.1910,-7.3305,1
4.1876,-7.3460,1
4.1842,-7.3617,1
4.1807,-7.3775,1
4.1773,-7.3934,1
4.1738,-7.4094,1
4.1704,-7.4254,1
4.1669,-7.4416,1
4.1635,-7.4579,1
4.1600,-7.4743,1
4.1566,-7.4908,1
4.1532,-7.5073,1
4.1497,-7.5240,1
4.1463,-7.5408,1
4.1428,-7.5577,1
4.1394,-7.5747,1
4.1359,-7.5918,1
4.1325,-7.6089,1
4.1290,-7.6262,1
4.1256,-7.6436,1
4.1221,-7.6611,1
4.1187,-7.6787,1
4.1153,-7.6963,1
4.1118,-7.7141,1
4.1084,-7.7320,1
4.1049,-7.7500,1
nan,nan,1
4.1049,-7.7500,1
5.3451,-7.7500,1
nan,nan,1
5.1635,-7.5174,3
5.1518,-7.5114,3
5.1399,-7.5056,3
5.1277,-7.4999,3
5.1152,-7.4944,3
5.1025,-7.4891,3
5.0895,-7.4839,3
5.0762,-7.4789,3
5.0627,-7.4742,3
5.0490,-7.4696,3
5.0350,-7.4652,3
5.0209,-7.4609,3
5.0065,-7.4569,3
4.9920,-7.4531,3
4.9772,-7.4495,3
4.9623,-7.4461,3
4.9472,-7.4429,3
4.9320,-7.4400,3
4.9166,-7.4372,3
4.9011,-7.4346,3
4.8855,-7.4323,3
4.8698,-7.4302,3
4.8539,-7.4283,3
4.8380,-7.4266,3
4.8220,-7.4251,3
4.8059,-7.4239,3
4.7898,-7.4229,3
4.7737,-7.4221,3
4.7575,-7.4215,3
4.7412,-7.4212,3
4.7250,-7.4211,3
4.7088,-7.4212,3
4.6925,-7.4215,3
4.6763,-7.4221,3
4.6602,-7.4229,3
4.6441,-7.4239,3
4.6280,-7.4251,3
4.6120,-7.4266,3
4.5961,-7.4283,3
4.5802,-7.4302,3
4.5645,-7.4323,3
4.5489,-7.4346,3
4.5334,-7.4372,3
4.5180,-7.4400,3
4.5028,-7.4429,3
4.4877,-7.4461,3
4.4728,-7.4495,3
4.4580,-7.4531,3
4.4435,-7.4569,3
4.4291,-7.4609,3
4.4150,-7.4652,3
4.4010,-7.4696,3
4.3873,-7.4742,3
4.3738,-7.4789,3
4.3605,-7.4839,3
4.3475,-7.4891,3
4.3348,-7.4944,3
4.3223,-7.4999,3
4.3101,-7.5056,3
4.2982,-7.5114,3
4.2865,-7.5174,3
4.2752,-7.5236,3
4.2642,-7.5299,3
4.2535,-7.5364,3
4.2431,-7.5430,3
4.2331,-7.5498,3
4.2233,-7.5567,3
4.2140,-7.5637,3
4.2050,-7.5709,3
4.1963,-7.5781,3
4.1880,-7.5855,3
4.1801,-7.5931,3
4.1725,-7.6007,3
4.1653,-7.6084,3
4.1585,-7.6162,3
4.1521,-7.6241,3
4.1461,-7.6321,3
4.1405,-7.6402,3
4.1353,-7.6484,3
4.1305,-7.6566,3
4.1261,-7.6649,3
4.1221,-7.6732,3
4.1185,-7.6816,3
4.1153,-7.6901,3
4.1126,-7.6985,3
4.1102,-7.7071,3
4.1083,-7.7156,3
4.1068,-7.7242,3
4.1058,-7.7328,3
4.1051,-7.7414,3
4.1049,-7.7500,3
4.1051,-7.7586,3
4.1058,-7.7672,3
4.1068,-7.7758,3
4.1083,-7.7844,3
4.1102,-7.7929,3
4.1126,-7.8015,3
4.1153,-7.8099,3
4.1185,-7.8184,3
4.1221,-7.8268,3
4.1261,-7.8351,3
4.1305,-7.8434,3
4.1353,-7.8516,3
4.1405,-7.8598,3
4.1461,-7.8679,3
4.1521,-7.8759,3
4.1585,-7.8838,3
4.1653,-7.8916,3
4.1725,-7.8993,3
4.1801,-7.9069,3
4.1880,-7.9145,3
4.1963,-7.9219,3
4.2050,-7.9291,3
4.2140,-7.9363,3
4.2233,-7.9433,3
4.2331,-7.9502,3
4.2431,-7.9570,3
4.2535,-7.9636,3
4.2642,-7.9701,3
4.2752,-7.9764,3
4.2865,-7.9826,3
4.2982,-7.9886,3
4.3101,-7.9944,3
4.3223,-8.0001,3
4.3348,-8.0056,3
4.3475,-8.0109,3
4.3605,-8.0161,3
4.3738,-8.0211,3
4.3873,-8.0258,3
4.4010,-8.0304,3
4.4150,-8.0348,3
4.4291,-8.0391,3
4.4435,-8.0431,3
4.4580,-8.0469,3
4.4728,-8.0505,3
4.4877,-8.0539,3
4.5028,-8.0571,3
4.5180,-8.0600,3
4.5334,-8.0628,3
4.5489,-8.0654,3
4.5645,-8.0677,3
4.5802,-8.0698,3
4.5961,-8.0717,3
4.6120,-8.0734,3
4.6280,-8.0749,3
4.6441,-8.0761,3
4.6602,-8.0771,3
4.6763,-8.0779,3
4.6925,-8.0785,3
4.7088,-8.0788,3
4.7250,-8.0789,3
4.7412,-8.0788,3
4.7575,-8.0785,3
4.7737,-8.0779,3
4.7898,-8.0771,3
4.8059,-8.0761,3
4.8220,-8.0749,3
4.8380,-8.0734,3
4.8539,-8.0717,3
4.8698,-8.0698,3
4.8855,-8.0677,3
4.9011,-8.0654,3
4.9166,-8.0628,3
4.9320,-8.0600,3
4.9472,-8.0571,3
4.9623,-8.0539,3
4.9772,-8.0505,3
4.9920,-8.0469,3
5.0065,-8.0431,3
5.0209,-8.0391,3
5.0350,-8.0348,3
5.0490,-8.0304,3
5.0627,-8.0258,3
5.0762,-8.0211,3
5.0895,-8.0161,3
5.1025,-8.0109,3
5.1152,-8.0056,3
5.1277,-8.0001,3
5.1399,-7.9944,3
5.1518,-7.9886,3
5.1635,-7.9826,3
5.1748,-7.9764,3
5.1858,-7.9701,3
5.1965,-7.9636,3
5.2069,-7.9570,3
5.2169,-7.9502,3
5.2267,-7.9433,3
5.2360,-7.9363,3
5.2450,-7.9291,3
5.2537,-7.9219,3
5.2620,-7.9145,3
5.2699,-7.9069,3
5.2775,-7.8993,3
5.2847,-7.8916,3
5.2915,-7.8838,3
5.2979,-7.8759,3
5.3039,-7.8679,3
5.3095,-7.8598,3
5.3147,-7.8516,3
5.3195,-7.8434,3
5.3239,-7.8351,3
5.3279,-7.8268,3
5.3315,-7.8184,3
5.3347,-7.8099,3
5.3374,-7.8015,3
5.3398,-7.7929,3
5.3417,-7.7844,3
5.3432,-7.7758,3
5.3442,-7.7672,3
5.3449,-7.7586,3
5.3451,-7.7500,3
5.3449,-7.7414,3
5.3442,-7.7328,3
5.3432,-7.7242,3
5.3417,-7.7156,3
5.3398,-7.7071,3
5.3374,-7.6985,3
5.3347,-7.6901,3
5.3315,-7.6816,3
5.3279,-7.6732,3
5.3239,-7.6649,3
5.3195,-7.6566,3
5.3147,-7.6484,3
5.3095,-7.6402,3
5.3039,-7.6321,3
5.2979,-7.6241,3
5.2915,-7.6162,3
5.2847,-7.6084,3
5.2775,-7.6007,3
5.2699,-7.5931,3
5.2620,-7.5855,3
5.2537,-7.5781,3
5.2450,-7.5709,3
5.2360,-7.5637,3
5.2267,-7.5567,3
5.2169,-7.5498,3
5.2069,-7.5430,3
5.1965,-7.5364,3
5.1858,-7.5299,3
5.1748,-7.5236,3
5.1635,-7.5174,3
nan,nan,3
4.7250,-8.6644,4
4.7250,-5.8040,4
nan,nan,4
3.8810,-8.0709,12
3.8875,-8.0831,12
3.8946,-8.0952,12
3.9024,-8.1072,12
3.9107,-8.1190,12
3.9197,-8.1308,12
3.9293,-8.1424,12
3.9394,-8.1539,12
3.9502,-8.1652,12
3.9615,-8.1763,12
3.9734,-8.1873,12
3.9859,-8.1981,12
3.9989,-8.2088,12
4.0125,-8.2192,12
4.0266,-8.2294,12
4.0412,-8.2395,12
4.0563,-8.2493,12
4.0719,-8.2589,12
4.0880,-8.2682,12
4.1046,-8.2773,12
4.1217,-8.2862,12
4.1392,-8.2948,12
4.1571,-8.3032,12
4.1755,-8.3113,12
4.1943,-8.3191,12
4.2135,-8.3267,12
4.2330,-8.3340,12
4.2529,-8.3410,12
4.2732,-8.3477,12
4.2938,-8.3541,12
4.3148,-8.3602,12
4.3360,-8.3660,12
4.3576,-8.3714,12
4.3794,-8.3766,12
4.4014,-8.3815,12
4.4238,-8.3860,12
4.4463,-8.3902,12
4.4690,-8.3941,12
4.4920,-8.3976,12
4.5151,-8.4008,12
4.5384,-8.4037,12
4.5618,-8.4063,12
4.5853,-8.4085,12
4.6089,-8.4103,12
4.6327,-8.4118,12
4.6564,-8.4130,12
4.6803,-8.4138,12
4.7042,-8.4143,12
4.7281,-8.4144,12
4.7519,-8.4142,12
4.7758,-8.4136,12
4.7996,-8.4127,12
4.8234,-8.4115,12
4.8471,-8.4099,12
4.8707,-8.4079,12
4.8942,-8.4056,12
4.9176,-8.4030,12
4.9408,-8.4001,12
4.9639,-8.3968,12
4.9868,-8.3931,12
5.0095,-8.3892,12
5.0320,-8.3849,12
5.0542,-8.3803,12
5.0762,-8.3753,12
5.0980,-8.3701,12
5.1194,-8.3645,12
5.1406,-8.3586,12
5.1615,-8.3525,12
5.1820,-8.3460,12
5.2022,-8.3392,12
5.2220,-8.3321,12
5.2415,-8.3248,12
5.2606,-8.3172,12
5.2792,-8.3093,12
5.2975,-8.3011,12
5.3153,-8.2926,12
5.3327,-8.2840,12
5.3497,-8.2750,12
5.3661,-8.2658,12
5.3821,-8.2564,12
5.3976,-8.2468,12
5.4126,-8.2369,12
5.4271,-8.2268,12
5.4411,-8.2166,12
5.4545,-8.2061,12
5.4674,-8.1954,12
5.4797,-8.1845,12
5.4914,-8.1735,12
5.5026,-8.1623,12
5.5132,-8.1510,12
5.5232,-8.1394,12
5.5327,-8.1278,12
5.5415,-8.1160,12
5.5497,-8.1041,12
5.5573,-8.0921,12
5.5642,-8.0800,12
5.5706,-8.0678,12
5.5763,-8.0555,12
5.5813,-8.0431,12
5.5858,-8.0306,12
5.5896,-8.0181,12
5.5927,-8.0055,12
5.5952,-7.9929,12
5.5970,-7.9803,12
5.5982,-7.9676,12
5.5988,-7.9550,12
5.5986,-7.9423,12
5.5979,-7.9296,12
5.5964,-7.9170,12
5.5944,-7.9044,12
5.5916,-7.8918,12
5.5883,-7.8792,12
5.5842,-7.8667,12
5.5796,-7.8543,12
5.5743,-7.8419,12
5.5684,-7.8297,12
5.5618,-7.8175,12
5.5546,-7.8054,12
5.5468,-7.7934,12
5.5384,-7.7816,12
5.5293,-7.7698,12
nan,nan,12
8.4730,-2.5328,7
8.4678,-2.5300,7
8.4625,-2.5273,7
8.4571,-2.5246,7
nan,nan,7
8.4571,-2.5246,2
8.4518,-2.5219,2
8.4463,-2.5193,2
8.4409,-2.5166,2
8.4354,-2.5140,2
8.4298,-2.5114,2
8.4242,-2.5089,2
8.4186,-2.5064,2
8.4129,-2.5039,2
8.4072,-2.5014,2
8.4015,-2.4989,2
8.3957,-2.4965,2
8.3898,-2.4941,2
8.3840,-2.4917,2
8.3780,-2.4894,2
8.3721,-2.4871,2
8.3661,-2.4848,2
8.3601,-2.4825,2
8.3540,-2.4803,2
8.3479,-2.4781,2
8.3418,-2.4759,2
8.3356,-2.4738,2
8.3294,-2.4717,2
8.3232,-2.4696,2
8.3169,-2.4675,2
8.3106,-2.4655,2
8.3042,-2.4635,2
8.2978,-2.4615,2
8.2914,-2.4596,2
8.2850,-2.4577,2
8.2785,-2.4558,2
8.2720,-2.4539,2
8.2655,-2.4521,2
8.2589,-2.4503,2
8.2523,-2.4485,2
8.2457,-2.4468,2
8.2391,-2.4451,2
8.2324,-2.4434,2
8.2257,-2.4418,2
8.2190,-2.4402,2
8.2122,-2.4386,2
8.2054,-2.4371,2
8.1986,-2.4356,2
8.1918,-2.4341,2
8.1849,-2.4326,2
8.1781,-2.4312,2
8.1712,-2.4298,2
8.1642,-2.4285,2
8.1573,-2.4271,2
8.1503,-2.4259,2
8.1433,-2.4246,2
8.1363,-2.4234,2
8.1293,-2.4222,2
8.1223,-2.4210,2
8.1152,-2.4199,2
8.1081,-2.4188,2
8.1010,-2.4177,2
8.0939,-2.4167,2
8.0867,-2.4157,2
8.0796,-2.4147,2
8.0724,-2.4138,2
8.0652,-2.4129,2
8.0580,-2.4120,2
8.0508,-2.4112,2
8.0436,-2.4104,2
8.0364,-2.4097,2
8.0291,-2.4089,2
8.0219,-2.4082,2
8.0146,-2.4076,2
8.0073,-2.4069,2
8.0000,-2.4063,2
7.9927,-2.4058,2
7.9854,-2.4052,2
7.9781,-2.4048,2
7.9707,-2.4043,2
7.9634,-2.4039,2
7.9561,-2.4035,2
7.9487,-2.4031,2
7.9414,-2.4028,2
7.9340,-2.4025,2
7.9266,-2.4022,2
7.9193,-2.4020,2
7.9119,-2.4018,2
7.9045,-2.4017,2
7.8971,-2.4016,2
7.8898,-2.4015,2
7.8824,-2.4014,2
7.8750,-2.4014,2
7.8676,-2.4014,2
7.8602,-2.4015,2
7.8529,-2.4016,2
7.8455,-2.4017,2
7.8381,-2.4018,2
7.8307,-2.4020,2
7.8234,-2.4022,2
7.8160,-2.4025,2
7.8086,-2.4028,2
7.8013,-2.4031,2
7.7939,-2.4035,2
7.7866,-2.4039,2
7.7793,-2.4043,2
7.7719,-2.4048,2
7.7646,-2.4052,2
7.7573,-2.4058,2
7.7500,-2.4063,2
7.7427,-2.4069,2
7.7354,-2.4076,2
7.7281,-2.4082,2
7.7209,-2.4089,2
7.7136,-2.4097,2
7.7064,-2.4104,2
7.6992,-2.4112,2
7.6920,-2.4120,2
7.6848,-2.4129,2
7.6776,-2.4138,2
7.6704,-2.4147,2
7.6633,-2.4157,2
7.6561,-2.4167,2
7.6490,-2.4177,2
7.6419,-2.4188,2
7.6348,-2.4199,2
7.6277,-2.4210,2
7.6207,-2.4222,2
7.6137,-2.4234,2
7.6067,-2.4246,2
7.5997,-2.4259,2
7.5927,-2.4271,2
7.5858,-2.4285,2
7.5788,-2.4298,2
7.5719,-2.4312,2
7.5651,-2.4326,2
7.5582,-2.4341,2
7.5514,-2.4356,2
7.5446,-2.4371,2
7.5378,-2.4386,2
7.5310,-2.4402,2
7.5243,-2.4418,2
7.5176,-2.4434,2
7.5109,-2.4451,2
7.5043,-2.4468,2
7.4977,-2.4485,2
7.4911,-2.4503,2
7.4845,-2.4521,2
7.4780,-2.4539,2
7.4715,-2.4558,2
7.4650,-2.4577,2
7.4586,-2.4596,2
7.4522,-2.4615,2
7.4458,-2.4635,2
7.4394,-2.4655,2
7.4331,-2.4675,2
7.4268,-2.4696,2
7.4206,-2.4717,2
7.4144,-2.4738,2
7.4082,-2.4759,2
7.4021,-2.4781,2
7.3960,-2.4803,2
7.3899,-2.4825,2
7.3839,-2.4848,2
7.3779,-2.4871,2
7.3720,-2.4894,2
7.3660,-2.4917,2
7.3602,-2.4941,2
7.3543,-2.4965,2
7.3485,-2.4989,2
7.3428,-2.5014,2
7.3371,-2.5039,2
7.3314,-2.5064,2
7.3258,-2.5089,2
7.3202,-2.5114,2
7.3146,-2.5140,2
7.3091,-2.5166,2
7.3037,-2.5193,2
7.2982,-2.5219,2
7.2929,-2.5246,2
7.2875,-2.5273,2
7.2822,-2.5300,2
7.2770,-2.5328,2
7.2718,-2.5356,2
7.2667,-2.5384,2
7.2616,-2.5412,2
7.2565,-2.5441,2
7.2515,-2.5469,2
7.2465,-2.5498,2
7.2416,-2.5528,2
7.2367,-2.5557,2
7.2319,-2.5587,2
7.2272,-2.5617,2
7.2224,-2.5647,2
7.2178,-2.5677,2
7.2131,-2.5707,2
7.2086,-2.5738,2
7.2041,-2.5769,2
7.1996,-2.5800,2
7.1952,-2.5832,2
7.1908,-2.5863,2
7.1865,-2.5895,2
7.1822,-2.5927,2
7.1780,-2.5959,2
7.1739,-2.5992,2
7.1698,-2.6024,2
7.1657,-2.6057,2
7.1617,-2.6090,2
7.1578,-2.6123,2
7.1539,-2.6156,2
7.1501,-2.6190,2
7.1463,-2.6223,2
7.1426,-2.6257,2
7.1389,-2.6291,2
7.1353,-2.6325,2
7.1318,-2.6360,2
7.1283,-2.6394,2
7.1249,-2.6429,2
7.1215,-2.6463,2
7.1182,-2.6498,2
7.1149,-2.6534,2
7.1117,-2.6569,2
7.1085,-2.6604,2
7.1054,-2.6640,2
7.1024,-2.6675,2
7.0994,-2.6711,2
7.0965,-2.6747,2
7.0937,-2.6783,2
7.0909,-2.6820,2
7.0881,-2.6856,2
7.0855,-2.6892,2
7.0829,-2.6929,2
7.0803,-2.6966,2
7.0778,-2.7003,2
7.0754,-2.7040,2
7.0730,-2.7077,2
7.0707,-2.7114,2
7.0684,-2.7151,2
7.0663,-2.7188,2
7.0641,-2.7226,2
7.0621,-2.7264,2
7.0601,-2.7301,2
7.0581,-2.7339,2
7.0562,-2.7377,2
7.0544,-2.7415,2
nan,nan,2
7.0544,-2.7415,1
7.0527,-2.7453,1
7.0510,-2.7491,1
7.0493,-2.7529,1
7.0478,-2.7567,1
7.0463,-2.7606,1
7.0448,-2.7644,1
7.0435,-2.7683,1
7.0421,-2.7721,1
7.0409,-2.7760,1
7.0397,-2.7798,1
7.0386,-2.7837,1
7.0375,-2.7876,1
7.0365,-2.7914,1
7.0356,-2.7953,1
7.0347,-2.7992,1
7.0339,-2.8031,1
7.0332,-2.8070,1
7.0325,-2.8109,1
7.0319,-2.8148,1
7.0314,-2.8187,1
7.0309,-2.8226,1
7.0305,-2.8265,1
7.0301,-2.8304,1
7.0298,-2.8343,1
7.0296,-2.8383,1
7.0294,-2.8422,1
7.0293,-2.8461,1
7.0293,-2.8500,1
7.0293,-2.8539,1
7.0294,-2.8578,1
7.0296,-2.8617,1
7.0298,-2.8657,1
7.0301,-2.8696,1
7.0305,-2.8735,1
7.0309,-2.8774,1
7.0314,-2.8813,1
7.0319,-2.8852,1
7.0325,-2.8891,1
7.0332,-2.8930,1
7.0339,-2.8969,1
7.0347,-2.9008,1
7.0356,-2.9047,1
7.0365,-2.9086,1
7.0375,-2.9124,1
7.0386,-2.9163,1
7.0397,-2.9202,1
7.0409,-2.9240,1
7.0421,-2.9279,1
7.0435,-2.9317,1
7.0448,-2.9356,1
7.0463,-2.9394,1
7.0478,-2.9433,1
7.0493,-2.9471,1
7.0510,-2.9509,1
7.0527,-2.9547,1
7.0544,-2.9585,1
7.0562,-2.9623,1
7.0581,-2.9661,1
7.0601,-2.9699,1
7.0621,-2.9736,1
7.0641,-2.9774,1
7.0663,-2.9812,1
7.0684,-2.9849,1
7.0707,-2.9886,1
7.0730,-2.9923,1
7.0754,-2.9960,1
7.0778,-2.9997,1
7.0803,-3.0034,1
7.0829,-3.0071,1
7.0855,-3.0108,1
7.0881,-3.0144,1
7.0909,-3.0180,1
7.0937,-3.0217,1
7.0965,-3.0253,1
7.0994,-3.0289,1
7.1024,-3.0325,1
7.1054,-3.0360,1
7.1085,-3.0396,1
7.1117,-3.0431,1
7.1149,-3.0466,1
7.1182,-3.0502,1
7.1215,-3.0537,1
7.1249,-3.0571,1
7.1283,-3.0606,1
7.1318,-3.0640,1
7.1353,-3.0675,1
7.1389,-3.0709,1
7.1426,-3.0743,1
7.1463,-3.0777,1
7.1501,-3.0810,1
7.1539,-3.0844,1
7.1578,-3.0877,1
7.1617,-3.0910,1
7.1657,-3.0943,1
7.1698,-3.0976,1
7.1739,-3.1008,1
7.1780,-3.1041,1
7.1822,-3.1073,1
7.1865,-3.1105,1
7.1908,-3.1137,1
7.1952,-3.1168,1
7.1996,-3.1200,1
7.2041,-3.1231,1
7.2086,-3.1262,1
7.2131,-3.1293,1
7.2178,-3.1323,1
7.2224,-3.1353,1
7.2272,-3.1383,1
7.2319,-3.1413,1
7.2367,-3.1443,1
7.2416,-3.1472,1
7.2465,-3.1502,1
7.2515,-3.1531,1
7.2565,-3.1559,1
7.2616,-3.1588,1
7.2667,-3.1616,1
7.2718,-3.1644,1
7.2770,-3.1672,1
7.2822,-3.1700,1
7.2875,-3.1727,1
7.2929,-3.1754,1
7.2982,-3.1781,1
7.3037,-3.1807,1
7.3091,-3.1834,1
7.3146,-3.1860,1
7.3202,-3.1886,1
7.3258,-3.1911,1
7.3314,-3.1936,1
7.3371,-3.1961,1
7.3428,-3.1986,1
7.3485,-3.2011,1
7.3543,-3.2035,1
7.3602,-3.2059,1
7.3660,-3.2083,1
7.3720,-3.2106,1
7.3779,-3.2129,1
7.3839,-3.2152,1
7.3899,-3.2175,1
7.3960,-3.2197,1
7.4021,-3.2219,1
7.4082,-3.2241,1
7.4144,-3.2262,1
7.4206,-3.2283,1
7.4268,-3.2304,1
7.4331,-3.2325,1
7.4394,-3.2345,1
7.4458,-3.2365,1
7.4522,-3.2385,1
7.4586,-3.2404,1
7.4650,-3.2423,1
7.4715,-3.2442,1
7.4780,-3.2461,1
7.4845,-3.2479,1
7.4911,-3.2497,1
7.4977,-3.2515,1
7.5043,-3.2532,1
7.5109,-3.2549,1
7.5176,-3.2566,1
7.5243,-3.2582,1
7.5310,-3.2598,1
7.5378,-3.2614,1
7.5446,-3.2629,1
7.5514,-3.2644,1
7.5582,-3.2659,1
7.5651,-3.2674,1
7.5719,-3.2688,1
7.5788,-3.2702,1
7.5858,-3.2715,1
7.5927,-3.2729,1
7.5997,-3.2741,1
7.6067,-3.2754,1
7.6137,-3.2766,1
7.6207,-3.2778,1
7.6277,-3.2790,1
7.6348,-3.2801,1
7.6419,-3.2812,1
7.6490,-3.2823,1
7.6561,-3.2833,1
7.6633,-3.2843,1
7.6704,-3.2853,1
7.6776,-3.2862,1
7.6848,-3.2871,1
7.6920,-3.2880,1
7.6992,-3.2888,1
7.7064,-3.2896,1
7.7136,-3.2903,1
7.7209,-3.2911,1
7.7281,-3.2918,1
7.7354,-3.2924,1
7.7427,-3.2931,1
7.7500,-3.2937,1
7.7573,-3.2942,1
7.7646,-3.2948,1
7.7719,-3.2952,1
7.7793,-3.2957,1
7.7866,-3.2961,1
7.7939,-3.2965,1
7.8013,-3.2969,1
7.8086,-3.2972,1
7.8160,-3.2975,1
7.8234,-3.2978,1
7.8307,-3.2980,1
nan,nan,1
7.8307,-3.2980,2
7.8381,-3.2982,2
7.8455,-3.2983,2
7.8529,-3.2984,2
7.8602,-3.2985,2
7.8676,-3.2986,2
7.8750,-3.2986,2
7.8824,-3.2986,2
7.8898,-3.2985,2
7.8971,-3.2984,2
7.9045,-3.2983,2
7.9119,-3.2982,2
7.9193,-3.2980,2
7.9266,-3.2978,2
7.9340,-3.2975,2
7.9414,-3.2972,2
7.9487,-3.2969,2
7.9561,-3.2965,2
7.9634,-3.2961,2
7.9707,-3.2957,2
7.9781,-3.2952,2
7.9854,-3.2948,2
7.9927,-3.2942,2
8.0000,-3.2937,2
8.0073,-3.2931,2
8.0146,-3.2924,2
8.0219,-3.2918,2
8.0291,-3.2911,2
8.0364,-3.2903,2
8.0436,-3.2896,2
8.0508,-3.2888,2
8.0580,-3.2880,2
8.0652,-3.2871,2
8.0724,-3.2862,2
8.0796,-3.2853,2
8.0867,-3.2843,2
8.0939,-3.2833,2
8.1010,-3.2823,2
8.1081,-3.2812,2
nan,nan,2
8.1081,-3.2812,7
8.1152,-3.2801,7
8.1223,-3.2790,7
8.1293,-3.2778,7
8.1363,-3.2766,7
8.1433,-3.2754,7
8.1503,-3.2741,7
8.1573,-3.2729,7
8.1642,-3.2715,7
8.1712,-3.2702,7
8.1781,-3.2688,7
8.1849,-3.2674,7
8.1918,-3.2659,7
8.1986,-3.2644,7
8.2054,-3.2629,7
8.2122,-3.2614,7
8.2190,-3.2598,7
8.2257,-3.2582,7
8.2324,-3.2566,7
8.2391,-3.2549,7
8.2457,-3.2532,7
8.2523,-3.2515,7
8.2589,-3.2497,7
8.2655,-3.2479,7
8.2720,-3.2461,7
8.2785,-3.2442,7
8.2850,-3.2423,7
8.2914,-3.2404,7
8.2978,-3.2385,7
8.3042,-3.2365,7
8.3106,-3.2345,7
8.3169,-3.2325,7
8.3232,-3.2304,7
8.3294,-3.2283,7
8.3356,-3.2262,7
8.3418,-3.2241,7
8.3479,-3.2219,7
8.3540,-3.2197,7
8.3601,-3.2175,7
8.3661,-3.2152,7
8.3721,-3.2129,7
8.3780,-3.2106,7
8.3840,-3.2083,7
8.3898,-3.2059,7
8.3957,-3.2035,7
8.4015,-3.2011,7
8.4072,-3.1986,7
8.4129,-3.1961,7
8.4186,-3.1936,7
8.4242,-3.1911,7
8.4298,-3.1886,7
8.4354,-3.1860,7
8.4409,-3.1834,7
8.4463,-3.1807,7
8.4518,-3.1781,7
8.4571,-3.1754,7
8.4625,-3.1727,7
8.4678,-3.1700,7
8.4730,-3.1672,7
8.4782,-3.1644,7
8.4833,-3.1616,7
8.4884,-3.1588,7
8.4935,-3.1559,7
8.4985,-3.1531,7
8.5035,-3.1502,7
8.5084,-3.1472,7
8.5133,-3.1443,7
8.5181,-3.1413,7
8.5228,-3.1383,7
8.5276,-3.1353,7
8.5322,-3.1323,7
8.5369,-3.1293,7
8.5414,-3.1262,7
8.5459,-3.1231,7
8.5504,-3.1200,7
8.5548,-3.1168,7
8.5592,-3.1137,7
8.5635,-3.1105,7
8.5678,-3.1073,7
8.5720,-3.1041,7
8.5761,-3.1008,7
8.5802,-3.0976,7
8.5843,-3.0943,7
8.5883,-3.0910,7
8.5922,-3.0877,7
8.5961,-3.0844,7
8.5999,-3.0810,7
8.6037,-3.0777,7
8.6074,-3.0743,7
8.6111,-3.0709,7
8.6147,-3.0675,7
8.6182,-3.0640,7
8.6217,-3.0606,7
8.6251,-3.0571,7
8.6285,-3.0537,7
8.6318,-3.0502,7
8.6351,-3.0466,7
8.6383,-3.0431,7
8.6415,-3.0396,7
8.6446,-3.0360,7
8.6476,-3.0325,7
8.6506,-3.0289,7
8.6535,-3.0253,7
8.6563,-3.0217,7
8.6591,-3.0180,7
8.6619,-3.0144,7
8.6645,-3.0108,7
8.6671,-3.0071,7
8.6697,-3.0034,7
8.6722,-2.9997,7
8.6746,-2.9960,7
8.6770,-2.9923,7
8.6793,-2.9886,7
8.6816,-2.9849,7
8.6837,-2.9812,7
8.6859,-2.9774,7
8.6879,-2.9736,7
8.6899,-2.9699,7
8.6919,-2.9661,7
8.6938,-2.9623,7
8.6956,-2.9585,7
8.6973,-2.9547,7
8.6990,-2.9509,7
8.7007,-2.9471,7
8.7022,-2.9433,7
8.7037,-2.9394,7
8.7052,-2.9356,7
8.7065,-2.9317,7
8.7079,-2.9279,7
8.7091,-2.9240,7
8.7103,-2.9202,7
8.7114,-2.9163,7
8.7125,-2.9124,7
8.7135,-2.9086,7
8.7144,-2.9047,7
8.7153,-2.9008,7
8.7161,-2.8969,7
8.7168,-2.8930,7
8.7175,-2.8891,7
8.7181,-2.8852,7
8.7186,-2.8813,7
8.7191,-2.8774,7
8.7195,-2.8735,7
8.7199,-2.8696,7
8.7202,-2.8657,7
8.7204,-2.8617,7
8.7206,-2.8578,7
8.7207,-2.8539,7
8.7207,-2.8500,7
8.7207,-2.8461,7
8.7206,-2.8422,7
8.7204,-2.8383,7
8.7202,-2.8343,7
8.7199,-2.8304,7
8.7195,-2.8265,7
8.7191,-2.8226,7
8.7186,-2.8187,7
8.7181,-2.8148,7
8.7175,-2.8109,7
8.7168,-2.8070,7
8.7161,-2.8031,7
8.7153,-2.7992,7
8.7144,-2.7953,7
8.7135,-2.7914,7
8.7125,-2.7876,7
8.7114,-2.7837,7
8.7103,-2.7798,7
8.7091,-2.7760,7
8.7079,-2.7721,7
8.7065,-2.7683,7
8.7052,-2.7644,7
8.7037,-2.7606,7
8.7022,-2.7567,7
8.7007,-2.7529,7
8.6990,-2.7491,7
8.6973,-2.7453,7
8.6956,-2.7415,7
8.6938,-2.7377,7
8.6919,-2.7339,7
8.6899,-2.7301,7
8.6879,-2.7264,7
8.6859,-2.7226,7
8.6837,-2.7188,7
8.6816,-2.7151,7
8.6793,-2.7114,7
8.6770,-2.7077,7
8.6746,-2.7040,7
8.6722,-2.7003,7
8.6697,-2.6966,7
8.6671,-2.6929,7
8.6645,-2.6892,7
8.6619,-2.6856,7
8.6591,-2.6820,7
8.6563,-2.6783,7
8.6535,-2.6747,7
8.6506,-2.6711,7
8.6476,-2.6675,7
8.6446,-2.6640,7
8.6415,-2.6604,7
8.6383,-2.6569,7
8.6351,-2.6534,7
8.6318,-2.6498,7
8.6285,-2.6463,7
8.6251,-2.6429,7
8.6217,-2.6394,7
8.6182,-2.6360,7
8.6147,-2.6325,7
8.6111,-2.6291,7
8.6074,-2.6257,7
8.6037,-2.6223,7
8.5999,-2.6190,7
8.5961,-2.6156,7
8.5922,-2.6123,7
8.5883,-2.6090,7
8.5843,-2.6057,7
8.5802,-2.6024,7
8.5761,-2.5992,7
8.5720,-2.5959,7
8.5678,-2.5927,7
8.5635,-2.5895,7
8.5592,-2.5863,7
8.5548,-2.5832,7
8.5504,-2.5800,7
8.5459,-2.5769,7
8.5414,-2.5738,7
8.5369,-2.5707,7
8.5322,-2.5677,7
8.5276,-2.5647,7
8.5228,-2.5617,7
8.5181,-2.5587,7
8.5133,-2.5557,7
8.5084,-2.5528,7
8.5035,-2.5498,7
8.4985,-2.5469,7
8.4935,-2.5441,7
8.4884,-2.5412,7
8.4833,-2.5384,7
8.4782,-2.5356,7
8.4730,-2.5328,7
nan,nan,7
8.7074,-2.7707,7
8.7053,-2.7664,7
8.7032,-2.7621,7
8.7011,-2.7578,7
8.6991,-2.7535,7
8.6970,-2.7493,7
8.6949,-2.7450,7
8.6928,-2.7407,7
8.6907,-2.7364,7
8.6886,-2.7321,7
8.6866,-2.7278,7
8.6845,-2.7235,7
8.6824,-2.7192,7
8.6803,-2.7150,7
8.6782,-2.7107,7
8.6762,-2.7064,7
8.6741,-2.7021,7
8.6720,-2.6978,7
8.6699,-2.6935,7
8.6678,-2.6892,7
8.6658,-2.6850,7
8.6637,-2.6807,7
8.6616,-2.6764,7
8.6595,-2.6721,7
8.6574,-2.6678,7
8.6554,-2.6635,7
8.6533,-2.6592,7
8.6512,-2.6549,7
8.6491,-2.6507,7
8.6470,-2.6464,7
8.6449,-2.6421,7
8.6429,-2.6378,7
8.6408,-2.6335,7
8.6387,-2.6292,7
8.6366,-2.6249,7
8.6345,-2.6206,7
8.6325,-2.6164,7
8.6304,-2.6121,7
8.6283,-2.6078,7
8.6262,-2.6035,7
8.6241,-2.5992,7
8.6221,-2.5949,7
8.6200,-2.5906,7
8.6179,-2.5864,7
8.6158,-2.5821,7
8.6137,-2.5778,7
8.6117,-2.5735,7
8.6096,-2.5692,7
8.6075,-2.5649,7
8.6054,-2.5606,7
8.6033,-2.5563,7
8.6012,-2.5521,7
8.5992,-2.5478,7
8.5971,-2.5435,7
8.5950,-2.5392,7
8.5929,-2.5349,7
8.5908,-2.5306,7
8.5888,-2.5263,7
8.5867,-2.5221,7
8.5846,-2.5178,7
8.5825,-2.5135,7
8.5804,-2.5092,7
8.5784,-2.5049,7
8.5763,-2.5006,7
8.5742,-2.4963,7
8.5721,-2.4920,7
8.5700,-2.4878,7
8.5680,-2.4835,7
8.5659,-2.4792,7
8.5638,-2.4749,7
8.5617,-2.4706,7
8.5596,-2.4663,7
8.5575,-2.4620,7
8.5555,-2.4578,7
8.5534,-2.4535,7
8.5513,-2.4492,7
8.5492,-2.4449,7
8.5471,-2.4406,7
8.5451,-2.4363,7
8.5430,-2.4320,7
8.5409,-2.4277,7
8.5388,-2.4235,7
8.5367,-2.4192,7
8.5347,-2.4149,7
8.5326,-2.4106,7
8.5305,-2.4063,7
8.5284,-2.4020,7
8.5263,-2.3977,7
8.5243,-2.3935,7
8.5222,-2.3892,7
8.5201,-2.3849,7
8.5180,-2.3806,7
8.5159,-2.3763,7
8.5138,-2.3720,7
8.5118,-2.3677,7
8.5097,-2.3634,7
8.5076,-2.3592,7
8.5055,-2.3549,7
8.5034,-2.3506,7
8.5014,-2.3463,7
8.4993,-2.3420,7
8.4972,-2.3377,7
8.4951,-2.3334,7
8.4930,-2.3292,7
8.4910,-2.3249,7
8.4889,-2.3206,7
8.4868,-2.3163,7
8.4847,-2.3120,7
8.4826,-2.3077,7
8.4806,-2.3034,7
8.4785,-2.2991,7
8.4764,-2.2949,7
8.4743,-2.2906,7
8.4722,-2.2863,7
8.4701,-2.2820,7
8.4681,-2.2777,7
8.4660,-2.2734,7
8.4639,-2.2691,7
8.4618,-2.2649,7
8.4597,-2.2606,7
8.4577,-2.2563,7
8.4556,-2.2520,7
8.4535,-2.2477,7
8.4514,-2.2434,7
8.4493,-2.2391,7
8.4473,-2.2348,7
8.4452,-2.2306,7
8.4431,-2.2263,7
8.4410,-2.2220,7
8.4389,-2.2177,7
8.4369,-2.2134,7
8.4348,-2.2091,7
8.4327,-2.2048,7
8.4306,-2.2006,7
8.4285,-2.1963,7
8.4264,-2.1920,7
8.4244,-2.1877,7
8.4223,-2.1834,7
8.4202,-2.1791,7
8.4181,-2.1748,7
8.4160,-2.1705,7
8.4140,-2.1663,7
8.4119,-2.1620,7
8.4098,-2.1577,7
8.4077,-2.1534,7
8.4056,-2.1491,7
8.4036,-2.1448,7
8.4015,-2.1405,7
8.3994,-2.1363,7
8.3973,-2.1320,7
8.3952,-2.1277,7
8.3932,-2.1234,7
8.3911,-2.1191,7
8.3890,-2.1148,7
8.3869,-2.1105,7
8.3848,-2.1062,7
8.3827,-2.1020,7
8.3807,-2.0977,7
8.3786,-2.0934,7
8.3765,-2.0891,7
8.3744,-2.0848,7
8.3723,-2.0805,7
8.3703,-2.0762,7
8.3682,-2.0720,7
8.3661,-2.0677,7
8.3640,-2.0634,7
8.3619,-2.0591,7
8.3599,-2.0548,7
8.3578,-2.0505,7
8.3557,-2.0462,7
8.3536,-2.0419,7
8.3515,-2.0377,7
8.3495,-2.0334,7
8.3474,-2.0291,7
8.3453,-2.0248,7
8.3432,-2.0205,7
8.3411,-2.0162,7
8.3390,-2.0119,7
8.3370,-2.0076,7
8.3349,-2.0034,7
8.3328,-1.9991,7
8.3307,-1.9948,7
8.3286,-1.9905,7
8.3266,-1.9862,7
8.3245,-1.9819,7
8.3224,-1.9776,7
8.3203,-1.9734,7
8.3182,-1.9691,7
8.3162,-1.9648,7
8.3141,-1.9605,7
8.3120,-1.9562,7
8.3099,-1.9519,7
8.3078,-1.9476,7
8.3058,-1.9433,7
8.3037,-1.9391,7
8.3016,-1.9348,7
8.2995,-1.9305,7
8.2974,-1.9262,7
8.2953,-1.9219,7
8.2933,-1.9176,7
8.2912,-1.9133,7
8.2891,-1.9091,7
8.2870,-1.9048,7
8.2849,-1.9005,7
8.2829,-1.8962,7
8.2808,-1.8919,7
8.2787,-1.8876,7
8.2766,-1.8833,7
8.2745,-1.8790,7
8.2725,-1.8748,7
8.2704,-1.8705,7
8.2683,-1.8662,7
8.2662,-1.8619,7
8.2641,-1.8576,7
8.2621,-1.8533,7
8.2600,-1.8490,7
8.2579,-1.8448,7
8.2558,-1.8405,7
8.2537,-1.8362,7
8.2516,-1.8319,7
8.2496,-1.8276,7
8.2475,-1.8233,7
8.2454,-1.8190,7
8.2433,-1.8147,7
8.2412,-1.8105,7
8.2392,-1.8062,7
8.2371,-1.8019,7
8.2350,-1.7976,7
8.2329,-1.7933,7
8.2308,-1.7890,7
8.2288,-1.7847,7
8.2267,-1.7805,7
8.2246,-1.7762,7
8.2225,-1.7719,7
8.2204,-1.7676,7
8.2184,-1.7633,7
8.2163,-1.7590,7
8.2142,-1.7547,7
8.2121,-1.7504,7
8.2100,-1.7462,7
8.2080,-1.7419,7
8.2059,-1.7376,7
8.2038,-1.7333,7
8.2017,-1.7290,7
8.1996,-1.7247,7
8.1975,-1.7204,7
8.1955,-1.7162,7
8.1934,-1.7119,7
8.1913,-1.7076,7
8.1892,-1.7033,7
8.1871,-1.6990,7
8.1851,-1.6947,7
8.1830,-1.6904,7
8.1809,-1.6861,7
8.1788,-1.6819,7
8.1767,-1.6776,7
8.1747,-1.6733,7
8.1726,-1.6690,7
8.1705,-1.6647,7
8.1684,-1.6604,7
8.1663,-1.6561,7
8.1643,-1.6519,7
8.1622,-1.6476,7
8.1601,-1.6433,7
8.1580,-1.6390,7
8.1559,-1.6347,7
8.1538,-1.6304,7
8.1518,-1.6261,7
8.1497,-1.6218,7
8.1476,-1.6176,7
8.1455,-1.6133,7
8.1434,-1.6090,7
8.1414,-1.6047,7
8.1393,-1.6004,7
8.1372,-1.5961,7
8.1351,-1.5918,7
8.1330,-1.5876,7
8.1310,-1.5833,7
8.1289,-1.5790,7
8.1268,-1.5747,7
8.1247,-1.5704,7
8.1226,-1.5661,7
8.1206,-1.5618,7
8.1185,-1.5575,7
8.1164,-1.5533,7
8.1143,-1.5490,7
8.1122,-1.5447,7
8.1101,-1.5404,7
8.1081,-1.5361,7
8.1060,-1.5318,7
8.1039,-1.5275,7
8.1018,-1.5233,7
8.0997,-1.5190,7
8.0977,-1.5147,7
8.0956,-1.5104,7
8.0935,-1.5061,7
8.0914,-1.5018,7
8.0893,-1.4975,7
8.0873,-1.4932,7
8.0852,-1.4890,7
8.0831,-1.4847,7
8.0810,-1.4804,7
8.0789,-1.4761,7
8.0769,-1.4718,7
8.0748,-1.4675,7
8.0727,-1.4632,7
8.0706,-1.4590,7
8.0685,-1.4547,7
8.0664,-1.4504,7
8.0644,-1.4461,7
8.0623,-1.4418,7
8.0602,-1.4375,7
8.0581,-1.4332,7
8.0560,-1.4289,7
8.0540,-1.4247,7
8.0519,-1.4204,7
8.0498,-1.4161,7
8.0477,-1.4118,7
8.0456,-1.4075,7
8.0436,-1.4032,7
8.0415,-1.3989,7
8.0394,-1.3947,7
8.0373,-1.3904,7
8.0352,-1.3861,7
8.0332,-1.3818,7
8.0311,-1.3775,7
8.0290,-1.3732,7
8.0269,-1.3689,7
8.0248,-1.3646,7
8.0227,-1.3604,7
8.0207,-1.3561,7
8.0186,-1.3518,7
8.0165,-1.3475,7
8.0144,-1.3432,7
8.0123,-1.3389,7
8.0103,-1.3346,7
8.0082,-1.3303,7
8.0061,-1.3261,7
8.0040,-1.3218,7
8.0019,-1.3175,7
7.9999,-1.3132,7
7.9978,-1.3089,7
7.9957,-1.3046,7
7.9936,-1.3003,7
7.9915,-1.2961,7
7.9895,-1.2918,7
7.9874,-1.2875,7
7.9853,-1.2832,7
7.9832,-1.2789,7
7.9811,-1.2746,7
7.9790,-1.2703,7
7.9770,-1.2660,7
7.9749,-1.2618,7
7.9728,-1.2575,7
7.9707,-1.2532,7
7.9686,-1.2489,7
7.9666,-1.2446,7
7.9645,-1.2403,7
7.9624,-1.2360,7
7.9603,-1.2318,7
7.9582,-1.2275,7
7.9562,-1.2232,7
7.9541,-1.2189,7
7.9520,-1.2146,7
7.9499,-1.2103,7
7.9478,-1.2060,7
7.9458,-1.2017,7
7.9437,-1.1975,7
7.9416,-1.1932,7
7.9395,-1.1889,7
7.9374,-1.1846,7
7.9353,-1.1803,7
7.9333,-1.1760,7
7.9312,-1.1717,7
7.9291,-1.1675,7
7.9270,-1.1632,7
7.9249,-1.1589,7
7.9229,-1.1546,7
7.9208,-1.1503,7
7.9187,-1.1460,7
7.9166,-1.1417,7
7.9145,-1.1374,7
7.9125,-1.1332,7
7.9104,-1.1289,7
7.9083,-1.1246,7
7.9062,-1.1203,7
7.9041,-1.1160,7
7.9021,-1.1117,7
7.9000,-1.1074,7
7.8979,-1.1032,7
7.8958,-1.0989,7
7.8937,-1.0946,7
7.8916,-1.0903,7
7.8896,-1.0860,7
7.8875,-1.0817,7
7.8854,-1.0774,7
7.8833,-1.0731,7
7.8812,-1.0689,7
7.8792,-1.0646,7
7.8771,-1.0603,7
7.8750,-1.0560,7
nan,nan,7
7.0426,-2.7707,1
7.0447,-2.7664,1
7.0468,-2.7621,1
7.0489,-2.7578,1
7.0509,-2.7535,1
7.0530,-2.7493,1
7.0551,-2.7450,1
7.0572,-2.7407,1
7.0593,-2.7364,1
7.0614,-2.7321,1
7.0634,-2.7278,1
7.0655,-2.7235,1
7.0676,-2.7192,1
7.0697,-2.7150,1
7.0718,-2.7107,1
7.0738,-2.7064,1
7.0759,-2.7021,1
7.0780,-2.6978,1
7.0801,-2.6935,1
7.0822,-2.6892,1
7.0842,-2.6850,1
7.0863,-2.6807,1
7.0884,-2.6764,1
7.0905,-2.6721,1
7.0926,-2.6678,1
7.0946,-2.6635,1
7.0967,-2.6592,1
7.0988,-2.6549,1
7.1009,-2.6507,1
7.1030,-2.6464,1
7.1051,-2.6421,1
7.1071,-2.6378,1
7.1092,-2.6335,1
7.1113,-2.6292,1
7.1134,-2.6249,1
7.1155,-2.6206,1
7.1175,-2.6164,1
7.1196,-2.6121,1
7.1217,-2.6078,1
7.1238,-2.6035,1
7.1259,-2.5992,1
7.1279,-2.5949,1
7.1300,-2.5906,1
7.1321,-2.5864,1
7.1342,-2.5821,1
7.1363,-2.5778,1
7.1383,-2.5735,1
7.1404,-2.5692,1
7.1425,-2.5649,1
7.1446,-2.5606,1
7.1467,-2.5563,1
7.1488,-2.5521,1
7.1508,-2.5478,1
7.1529,-2.5435,1
7.1550,-2.5392,1
7.1571,-2.5349,1
7.1592,-2.5306,1
7.1612,-2.5263,1
7.1633,-2.5221,1
7.1654,-2.5178,1
7.1675,-2.5135,1
7.1696,-2.5092,1
7.1716,-2.5049,1
7.1737,-2.5006,1
7.1758,-2.4963,1
7.1779,-2.4920,1
7.1800,-2.4878,1
7.1820,-2.4835,1
7.1841,-2.4792,1
7.1862,-2.4749,1
7.1883,-2.4706,1
7.1904,-2.4663,1
7.1925,-2.4620,1
7.1945,-2.4578,1
7.1966,-2.4535,1
7.1987,-2.4492,1
7.2008,-2.4449,1
7.2029,-2.4406,1
7.2049,-2.4363,1
7.2070,-2.4320,1
7.2091,-2.4277,1
7.2112,-2.4235,1
7.2133,-2.4192,1
7.2153,-2.4149,1
7.2174,-2.4106,1
7.2195,-2.4063,1
7.2216,-2.4020,1
7.2237,-2.3977,1
7.2257,-2.3935,1
7.2278,-2.3892,1
7.2299,-2.3849,1
7.2320,-2.3806,1
7.2341,-2.3763,1
7.2362,-2.3720,1
7.2382,-2.3677,1
7.2403,-2.3634,1
7.2424,-2.3592,1
7.2445,-2.3549,1
7.2466,-2.3506,1
7.2486,-2.3463,1
7.2507,-2.3420,1
7.2528,-2.3377,1
7.2549,-2.3334,1
7.2570,-2.3292,1
7.2590,-2.3249,1
7.2611,-2.3206,1
7.2632,-2.3163,1
7.2653,-2.3120,1
7.2674,-2.3077,1
7.2694,-2.3034,1
7.2715,-2.2991,1
7.2736,-2.2949,1
7.2757,-2.2906,1
7.2778,-2.2863,1
7.2799,-2.2820,1
7.2819,-2.2777,1
7.2840,-2.2734,1
7.2861,-2.2691,1
7.2882,-2.2649,1
7.2903,-2.2606,1
7.2923,-2.2563,1
7.2944,-2.2520,1
7.2965,-2.2477,1
7.2986,-2.2434,1
7.3007,-2.2391,1
7.3027,-2.2348,1
7.3048,-2.2306,1
7.3069,-2.2263,1
7.3090,-2.2220,1
7.3111,-2.2177,1
7.3131,-2.2134,1
7.3152,-2.2091,1
7.3173,-2.2048,1
7.3194,-2.2006,1
7.3215,-2.1963,1
7.3236,-2.1920,1
7.3256,-2.1877,1
7.3277,-2.1834,1
7.3298,-2.1791,1
7.3319,-2.1748,1
7.3340,-2.1705,1
7.3360,-2.1663,1
7.3381,-2.1620,1
7.3402,-2.1577,1
7.3423,-2.1534,1
7.3444,-2.1491,1
7.3464,-2.1448,1
7.3485,-2.1405,1
7.3506,-2.1363,1
7.3527,-2.1320,1
7.3548,-2.1277,1
7.3568,-2.1234,1
7.3589,-2.1191,1
7.3610,-2.1148,1
7.3631,-2.1105,1
7.3652,-2.1062,1
7.3673,-2.1020,1
7.3693,-2.0977,1
7.3714,-2.0934,1
7.3735,-2.0891,1
7.3756,-2.0848,1
7.3777,-2.0805,1
7.3797,-2.0762,1
7.3818,-2.0720,1
7.3839,-2.0677,1
7.3860,-2.0634,1
7.3881,-2.0591,1
7.3901,-2.0548,1
7.3922,-2.0505,1
7.3943,-2.0462,1
7.3964,-2.0419,1
7.3985,-2.0377,1
7.4005,-2.0334,1
7.4026,-2.0291,1
7.4047,-2.0248,1
7.4068,-2.0205,1
7.4089,-2.0162,1
7.4110,-2.0119,1
7.4130,-2.0076,1
7.4151,-2.0034,1
7.4172,-1.9991,1
7.4193,-1.9948,1
7.4214,-1.9905,1
7.4234,-1.9862,1
7.4255,-1.9819,1
7.4276,-1.9776,1
7.4297,-1.9734,1
7.4318,-1.9691,1
7.4338,-1.9648,1
7.4359,-1.9605,1
7.4380,-1.9562,1
7.4401,-1.9519,1
7.4422,-1.9476,1
7.4442,-1.9433,1
7.4463,-1.9391,1
7.4484,-1.9348,1
7.4505,-1.9305,1
nan,nan,1
7.4505,-1.9305,2
7.4526,-1.9262,2
7.4547,-1.9219,2
7.4567,-1.9176,2
7.4588,-1.9133,2
7.4609,-1.9091,2
7.4630,-1.9048,2
7.4651,-1.9005,2
7.4671,-1.8962,2
7.4692,-1.8919,2
7.4713,-1.8876,2
7.4734,-1.8833,2
7.4755,-1.8790,2
7.4775,-1.8748,2
7.4796,-1.8705,2
7.4817,-1.8662,2
7.4838,-1.8619,2
7.4859,-1.8576,2
7.4879,-1.8533,2
7.4900,-1.8490,2
7.4921,-1.8448,2
7.4942,-1.8405,2
7.4963,-1.8362,2
7.4984,-1.8319,2
7.5004,-1.8276,2
7.5025,-1.8233,2
7.5046,-1.8190,2
7.5067,-1.8147,2
7.5088,-1.8105,2
7.5108,-1.8062,2
7.5129,-1.8019,2
7.5150,-1.7976,2
7.5171,-1.7933,2
7.5192,-1.7890,2
7.5212,-1.7847,2
7.5233,-1.7805,2
7.5254,-1.7762,2
7.5275,-1.7719,2
7.5296,-1.7676,2
7.5316,-1.7633,2
7.5337,-1.7590,2
7.5358,-1.7547,2
7.5379,-1.7504,2
7.5400,-1.7462,2
7.5420,-1.7419,2
7.5441,-1.7376,2
7.5462,-1.7333,2
7.5483,-1.7290,2
7.5504,-1.7247,2
7.5525,-1.7204,2
7.5545,-1.7162,2
7.5566,-1.7119,2
7.5587,-1.7076,2
7.5608,-1.7033,2
7.5629,-1.6990,2
7.5649,-1.6947,2
7.5670,-1.6904,2
7.5691,-1.6861,2
7.5712,-1.6819,2
7.5733,-1.6776,2
7.5753,-1.6733,2
7.5774,-1.6690,2
7.5795,-1.6647,2
7.5816,-1.6604,2
7.5837,-1.6561,2
7.5857,-1.6519,2
7.5878,-1.6476,2
7.5899,-1.6433,2
7.5920,-1.6390,2
7.5941,-1.6347,2
7.5962,-1.6304,2
7.5982,-1.6261,2
7.6003,-1.6218,2
7.6024,-1.6176,2
7.6045,-1.6133,2
7.6066,-1.6090,2
7.6086,-1.6047,2
7.6107,-1.6004,2
7.6128,-1.5961,2
7.6149,-1.5918,2
7.6170,-1.5876,2
7.6190,-1.5833,2
7.6211,-1.5790,2
7.6232,-1.5747,2
7.6253,-1.5704,2
7.6274,-1.5661,2
7.6294,-1.5618,2
7.6315,-1.5575,2
7.6336,-1.5533,2
7.6357,-1.5490,2
7.6378,-1.5447,2
7.6399,-1.5404,2
7.6419,-1.5361,2
7.6440,-1.5318,2
7.6461,-1.5275,2
7.6482,-1.5233,2
7.6503,-1.5190,2
7.6523,-1.5147,2
7.6544,-1.5104,2
7.6565,-1.5061,2
7.6586,-1.5018,2
7.6607,-1.4975,2
7.6627,-1.4932,2
7.6648,-1.4890,2
7.6669,-1.4847,2
7.6690,-1.4804,2
7.6711,-1.4761,2
7.6731,-1.4718,2
7.6752,-1.4675,2
7.6773,-1.4632,2
7.6794,-1.4590,2
7.6815,-1.4547,2
7.6836,-1.4504,2
7.6856,-1.4461,2
7.6877,-1.4418,2
7.6898,-1.4375,2
7.6919,-1.4332,2
7.6940,-1.4289,2
7.6960,-1.4247,2
7.6981,-1.4204,2
7.7002,-1.4161,2
7.7023,-1.4118,2
7.7044,-1.4075,2
7.7064,-1.4032,2
7.7085,-1.3989,2
7.7106,-1.3947,2
7.7127,-1.3904,2
7.7148,-1.3861,2
7.7168,-1.3818,2
7.7189,-1.3775,2
7.7210,-1.3732,2
7.7231,-1.3689,2
7.7252,-1.3646,2
7.7273,-1.3604,2
7.7293,-1.3561,2
7.7314,-1.3518,2
7.7335,-1.3475,2
7.7356,-1.3432,2
7.7377,-1.3389,2
7.7397,-1.3346,2
7.7418,-1.3303,2
7.7439,-1.3261,2
7.7460,-1.3218,2
7.7481,-1.3175,2
7.7501,-1.3132,2
7.7522,-1.3089,2
7.7543,-1.3046,2
7.7564,-1.3003,2
7.7585,-1.2961,2
7.7605,-1.2918,2
7.7626,-1.2875,2
7.7647,-1.2832,2
7.7668,-1.2789,2
7.7689,-1.2746,2
7.7710,-1.2703,2
7.7730,-1.2660,2
7.7751,-1.2618,2
7.7772,-1.2575,2
7.7793,-1.2532,2
7.7814,-1.2489,2
7.7834,-1.2446,2
7.7855,-1.2403,2
7.7876,-1.2360,2
7.7897,-1.2318,2
7.7918,-1.2275,2
7.7938,-1.2232,2
7.7959,-1.2189,2
7.7980,-1.2146,2
7.8001,-1.2103,2
7.8022,-1.2060,2
7.8042,-1.2017,2
7.8063,-1.1975,2
7.8084,-1.1932,2
7.8105,-1.1889,2
7.8126,-1.1846,2
nan,nan,2
7.8126,-1.1846,7
7.8147,-1.1803,7
7.8167,-1.1760,7
7.8188,-1.1717,7
7.8209,-1.1675,7
7.8230,-1.1632,7
7.8251,-1.1589,7
7.8271,-1.1546,7
7.8292,-1.1503,7
7.8313,-1.1460,7
7.8334,-1.1417,7
7.8355,-1.1374,7
7.8375,-1.1332,7
7.8396,-1.1289,7
7.8417,-1.1246,7
7.8438,-1.1203,7
7.8459,-1.1160,7
7.8479,-1.1117,7
7.8500,-1.1074,7
7.8521,-1.1032,7
7.8542,-1.0989,7
7.8563,-1.0946,7
7.8584,-1.0903,7
7.8604,-1.0860,7
7.8625,-1.0817,7
7.8646,-1.0774,7
7.8667,-1.0731,7
7.8688,-1.0689,7
7.8708,-1.0646,7
7.8729,-1.0603,7
7.8750,-1.0560,7
nan,nan,7
8.6919,-2.3230,1
7.9758,-3.8465,1
7.4142,-1.8027,1
8.1303,-0.2792,1
8.6919,-2.3230,1
nan,nan,1
8.4615,-2.5268,5
8.4564,-2.5152,5
8.4512,-2.5037,5
8.4461,-2.4921,5
8.4410,-2.4807,5
8.4359,-2.4693,5
8.4309,-2.4579,5
8.4258,-2.4466,5
8.4208,-2.4353,5
8.4158,-2.4241,5
8.4108,-2.4129,5
8.4059,-2.4018,5
8.4009,-2.3907,5
8.3960,-2.3797,5
8.3911,-2.3687,5
8.3863,-2.3578,5
8.3814,-2.3469,5
8.3766,-2.3361,5
8.3718,-2.3253,5
8.3670,-2.3146,5
8.3623,-2.3039,5
8.3575,-2.2933,5
8.3528,-2.2827,5
8.3481,-2.2722,5
8.3434,-2.2617,5
8.3388,-2.2513,5
8.3341,-2.2409,5
8.3295,-2.2305,5
8.3249,-2.2203,5
8.3204,-2.2100,5
8.3158,-2.1998,5
8.3113,-2.1897,5
8.3068,-2.1796,5
8.3023,-2.1696,5
8.2978,-2.1596,5
8.2934,-2.1496,5
8.2889,-2.1397,5
8.2845,-2.1299,5
8.2802,-2.1201,5
8.2758,-2.1104,5
8.2715,-2.1007,5
8.2671,-2.0910,5
8.2628,-2.0814,5
8.2586,-2.0719,5
8.2543,-2.0624,5
8.2501,-2.0529,5
8.2459,-2.0435,5
8.2417,-2.0342,5
8.2375,-2.0249,5
8.2334,-2.0156,5
8.2292,-2.0064,5
8.2251,-1.9973,5
8.2210,-1.9882,5
8.2170,-1.9791,5
8.2129,-1.9701,5
8.2089,-1.9612,5
8.2049,-1.9523,5
8.2009,-1.9434,5
8.1970,-1.9346,5
8.1930,-1.9258,5
8.1891,-1.9171,5
8.1852,-1.9085,5
8.1813,-1.8999,5
8.1775,-1.8913,5
8.1736,-1.8828,5
8.1698,-1.8743,5
8.1660,-1.8659,5
8.1623,-1.8576,5
8.1585,-1.8493,5
8.1548,-1.8410,5
8.1511,-1.8328,5
8.1474,-1.8246,5
8.1437,-1.8165,5
8.1401,-1.8084,5
8.1364,-1.8004,5
8.1328,-1.7925,5
8.1293,-1.7846,5
8.1257,-1.7767,5
8.1221,-1.7689,5
8.1186,-1.7611,5
8.1151,-1.7534,5
8.1116,-1.7457,5
8.1082,-1.7381,5
8.1048,-1.7306,5
8.1013,-1.7230,5
8.0979,-1.7156,5
8.0946,-1.7082,5
8.0912,-1.7008,5
8.0879,-1.6935,5
8.0846,-1.6862,5
8.0813,-1.6790,5
8.0780,-1.6718,5
8.0748,-1.6647,5
8.0715,-1.6576,5
8.0683,-1.6506,5
8.0651,-1.6437,5
8.0620,-1.6367,5
8.0588,-1.6299,5
8.0557,-1.6231,5
8.0526,-1.6163,5
8.0495,-1.6096,5
8.0464,-1.6029,5
8.0434,-1.5963,5
8.0404,-1.5897,5
8.0374,-1.5832,5
8.0344,-1.5768,5
8.0314,-1.5704,5
8.0285,-1.5640,5
8.0256,-1.5577,5
8.0227,-1.5514,5
8.0198,-1.5452,5
8.0169,-1.5390,5
8.0141,-1.5329,5
8.0113,-1.5269,5
8.0085,-1.5209,5
8.0057,-1.5149,5
8.0029,-1.5090,5
8.0002,-1.5031,5
7.9975,-1.4973,5
7.9948,-1.4916,5
7.9921,-1.4859,5
7.9895,-1.4802,5
7.9868,-1.4746,5
7.9842,-1.4691,5
7.9816,-1.4636,5
7.9791,-1.4581,5
7.9765,-1.4527,5
7.9740,-1.4474,5
7.9715,-1.4421,5
7.9690,-1.4368,5
7.9665,-1.4316,5
7.9641,-1.4265,5
7.9616,-1.4214,5
7.9592,-1.4163,5
7.9568,-1.4114,5
7.9545,-1.4064,5
7.9521,-1.4015,5
7.9498,-1.3967,5
7.9475,-1.3919,5
7.9452,-1.3872,5
7.9429,-1.3825,5
7.9407,-1.3779,5
7.9384,-1.3733,5
7.9362,-1.3688,5
7.9340,-1.3643,5
7.9319,-1.3599,5
7.9297,-1.3555,5
7.9276,-1.3512,5
7.9255,-1.3469,5
7.9234,-1.3427,5
7.9213,-1.3385,5
7.9193,-1.3344,5
7.9172,-1.3303,5
7.9152,-1.3263,5
7.9132,-1.3224,5
7.9112,-1.3185,5
7.9093,-1.3146,5
7.9074,-1.3108,5
7.9055,-1.3071,5
7.9036,-1.3034,5
7.9017,-1.2997,5
7.8998,-1.2962,5
7.8980,-1.2926,5
7.8962,-1.2891,5
7.8944,-1.2857,5
7.8926,-1.2823,5
7.8909,-1.2790,5
7.8891,-1.2757,5
7.8874,-1.2725,5
7.8857,-1.2694,5
7.8840,-1.2662,5
7.8824,-1.2632,5
7.8807,-1.2602,5
7.8791,-1.2572,5
7.8775,-1.2543,5
7.8759,-1.2515,5
7.8743,-1.2487,5
7.8728,-1.2459,5
7.8713,-1.2433,5
7.8698,-1.2406,5
7.8683,-1.2380,5
7.8668,-1.2355,5
7.8654,-1.2331,5
7.8639,-1.2306,5
7.8625,-1.2283,5
7.8611,-1.2260,5
7.8597,-1.2237,5
7.8584,-1.2215,5
7.8571,-1.2194,5
7.8557,-1.2173,5
7.8544,-1.2152,5
7.8531,-1.2133,5
7.8519,-1.2113,5
7.8506,-1.2095,5
7.8494,-1.2077,5
7.8482,-1.2059,5
7.8470,-1.2042,5
7.8458,-1.2025,5
7.8447,-1.2009,5
7.8436,-1.1994,5
7.8424,-1.1979,5
7.8413,-1.1965,5
7.8403,-1.1951,5
7.8392,-1.1938,5
7.8382,-1.1925,5
7.8371,-1.1913,5
7.8361,-1.1902,5
7.8351,-1.1891,5
7.8342,-1.1880,5
7.8332,-1.1871,5
7.8323,-1.1861,5
7.8313,-1.1853,5
7.8304,-1.1844,5
7.8296,-1.1837,5
7.8287,-1.1830,5
7.8278,-1.1823,5
7.8270,-1.1818,5
7.8262,-1.1812,5
7.8254,-1.1808,5
7.8246,-1.1803,5
7.8239,-1.1800,5
7.8231,-1.1797,5
7.8224,-1.1794,5
7.8217,-1.1793,5
7.8210,-1.1791,5
7.8203,-1.1791,5
7.8197,-1.1790,5
7.8190,-1.1791,5
7.8184,-1.1792,5
7.8178,-1.1793,5
7.8172,-1.1796,5
7.8166,-1.1798,5
7.8161,-1.1802,5
7.8155,-1.1806,5
7.8150,-1.1810,5
7.8145,-1.1815,5
7.8140,-1.1821,5
7.8136,-1.1827,5
7.8131,-1.1833,5
7.8127,-1.1840,5
7.8124,-1.1845,5
7.8115,-1.1864,5
7.8113,-1.1871,5
7.8109,-1.1880,5
7.8106,-1.1890,5
7.8103,-1.1901,5
7.8100,-1.1912,5
7.8097,-1.1924,5
7.8094,-1.1937,5
7.8091,-1.1951,5
7.8088,-1.1965,5
7.8086,-1.1979,5
7.8083,-1.1994,5
7.8081,-1.2010,5
7.8079,-1.2027,5
7.8078,-1.2044,5
7.8076,-1.2062,5
7.8074,-1.2080,5
7.8073,-1.2099,5
7.8072,-1.2118,5
7.8071,-1.2138,5
7.8070,-1.2159,5
7.8069,-1.2181,5
7.8068,-1.2203,5
7.8068,-1.2225,5
7.8068,-1.2248,5
7.8068,-1.2272,5
7.8068,-1.2297,5
7.8068,-1.2322,5
7.8068,-1.2348,5
7.8068,-1.2374,5
7.8069,-1.2401,5
7.8070,-1.2428,5
7.8071,-1.2457,5
7.8072,-1.2485,5
7.8073,-1.2515,5
7.8074,-1.2545,5
7.8076,-1.2576,5
7.8077,-1.2607,5
7.8079,-1.2639,5
7.8081,-1.2672,5
7.8083,-1.2705,5
7.8085,-1.2739,5
7.8088,-1.2773,5
7.8090,-1.2808,5
7.8093,-1.2844,5
7.8096,-1.2881,5
7.8099,-1.2918,5
7.8102,-1.2955,5
7.8105,-1.2994,5
7.8108,-1.3033,5
7.8112,-1.3072,5
7.8116,-1.3113,5
7.8119,-1.3154,5
7.8123,-1.3195,5
7.8127,-1.3237,5
7.8132,-1.3280,5
7.8136,-1.3324,5
7.8140,-1.3368,5
7.8145,-1.3413,5
7.8150,-1.3458,5
7.8155,-1.3504,5
7.8160,-1.3551,5
7.8165,-1.3598,5
7.8170,-1.3646,5
7.8176,-1.3695,5
7.8181,-1.3744,5
7.8187,-1.3794,5
7.8193,-1.3845,5
7.8199,-1.3896,5
7.8205,-1.3948,5
7.8211,-1.4001,5
7.8218,-1.4054,5
7.8224,-1.4108,5
7.8231,-1.4162,5
7.8238,-1.4218,5
7.8244,-1.4274,5
7.8251,-1.4330,5
7.8259,-1.4387,5
7.8266,-1.4445,5
7.8273,-1.4504,5
7.8281,-1.4563,5
7.8289,-1.4623,5
7.8297,-1.4683,5
7.8305,-1.4744,5
7.8313,-1.4806,5
7.8321,-1.4869,5
7.8329,-1.4932,5
7.8338,-1.4996,5
7.8346,-1.5060,5
7.8355,-1.5126,5
7.8364,-1.5191,5
7.8373,-1.5258,5
7.8382,-1.5325,5
7.8391,-1.5393,5
7.8401,-1.5461,5
7.8410,-1.5531,5
7.8420,-1.5601,5
7.8430,-1.5671,5
7.8440,-1.5742,5
7.8450,-1.5814,5
7.8460,-1.5887,5
7.8470,-1.5960,5
7.8481,-1.6034,5
7.8491,-1.6108,5
7.8502,-1.6184,5
7.8513,-1.6260,5
7.8524,-1.6336,5
7.8535,-1.6413,5
7.8546,-1.6491,5
7.8557,-1.6570,5
7.8568,-1.6649,5
7.8580,-1.6729,5
7.8592,-1.6810,5
7.8603,-1.6891,5
7.8615,-1.6973,5
7.8627,-1.7056,5
7.8640,-1.7139,5
7.8652,-1.7223,5
7.8664,-1.7308,5
7.8677,-1.7393,5
7.8689,-1.7480,5
7.8702,-1.7566,5
7.8715,-1.7654,5
7.8728,-1.7742,5
7.8741,-1.7831,5
7.8754,-1.7920,5
7.8768,-1.8010,5
7.8781,-1.8101,5
7.8795,-1.8193,5
7.8809,-1.8285,5
7.8823,-1.8378,5
7.8837,-1.8471,5
7.8851,-1.8566,5
7.8865,-1.8661,5
7.8879,-1.8756,5
7.8894,-1.8853,5
7.8908,-1.8950,5
7.8923,-1.9047,5
7.8938,-1.9146,5
7.8953,-1.9245,5
7.8968,-1.9345,5
7.8983,-1.9445,5
7.8998,-1.9546,5
7.9014,-1.9648,5
7.9029,-1.9750,5
7.9045,-1.9854,5
7.9061,-1.9958,5
7.9077,-2.0062,5
7.9093,-2.0167,5
7.9109,-2.0273,5
7.9125,-2.0380,5
7.9142,-2.0487,5
7.9158,-2.0595,5
7.9175,-2.0704,5
7.9192,-2.0813,5
7.9208,-2.0923,5
7.9225,-2.1034,5
7.9243,-2.1146,5
7.9260,-2.1258,5
7.9277,-2.1371,5
7.9295,-2.1484,5
7.9312,-2.1598,5
7.9330,-2.1713,5
7.9348,-2.1829,5
7.9366,-2.1945,5
7.9384,-2.2062,5
7.9402,-2.2180,5
7.9420,-2.2298,5
7.9438,-2.2417,5
7.9457,-2.2537,5
7.9476,-2.2657,5
7.9494,-2.2778,5
7.9513,-2.2900,5
7.9532,-2.3023,5
7.9551,-2.3146,5
7.9571,-2.3270,5
7.9590,-2.3394,5
7.9609,-2.3520,5
7.9629,-2.3646,5
7.9649,-2.3772,5
7.9668,-2.3900,5
7.9688,-2.4028,5
7.9708,-2.4156,5
7.9729,-2.4286,5
7.9749,-2.4416,5
7.9769,-2.4547,5
7.9790,-2.4678,5
7.9810,-2.4811,5
7.9831,-2.4943,5
7.9852,-2.5077,5
7.9873,-2.5211,5
7.9894,-2.5346,5
7.9915,-2.5482,5
7.9937,-2.5618,5
7.9958,-2.5756,5
7.9979,-2.5893,5
8.0001,-2.6032,5
8.0023,-2.6171,5
8.0045,-2.6311,5
8.0067,-2.6451,5
8.0089,-2.6593,5
8.0111,-2.6735,5
8.0134,-2.6877,5
8.0156,-2.7021,5
8.0179,-2.7165,5
8.0201,-2.7309,5
8.0224,-2.7455,5
8.0247,-2.7601,5
8.0270,-2.7748,5
8.0293,-2.7895,5
8.0317,-2.8043,5
8.0340,-2.8192,5
8.0364,-2.8342,5
8.0387,-2.8492,5
8.0411,-2.8643,5
8.0435,-2.8795,5
8.0459,-2.8947,5
8.0483,-2.9100,5
8.0507,-2.9254,5
8.0531,-2.9409,5
8.0556,-2.9564,5
8.0580,-2.9720,5
8.0605,-2.9876,5
8.0630,-3.0034,5
8.0655,-3.0192,5
8.0680,-3.0350,5
8.0705,-3.0510,5
8.0730,-3.0670,5
8.0755,-3.0830,5
8.0781,-3.0992,5
8.0806,-3.1154,5
8.0832,-3.1317,5
8.0858,-3.1480,5
8.0884,-3.1645,5
8.0910,-3.1810,5
8.0936,-3.1975,5
8.0962,-3.2142,5
8.0989,-3.2309,5
8.1015,-3.2476,5
8.1042,-3.2645,5
8.1068,-3.2814,5
8.4615,-2.5268,5
nan,nan,5
8.4615,-2.5268,1
8.4564,-2.5152,1
8.4512,-2.5037,1
8.4461,-2.4921,1
8.4410,-2.4807,1
8.4359,-2.4693,1
8.4309,-2.4579,1
8.4258,-2.4466,1
8.4208,-2.4353,1
8.4158,-2.4241,1
8.4108,-2.4129,1
8.4059,-2.4018,1
8.4009,-2.3907,1
8.3960,-2.3797,1
8.3911,-2.3687,1
8.3863,-2.3578,1
8.3814,-2.3469,1
8.3766,-2.3361,1
8.3718,-2.3253,1
8.3670,-2.3146,1
8.3623,-2.3039,1
8.3575,-2.2933,1
8.3528,-2.2827,1
8.3481,-2.2722,1
8.3434,-2.2617,1
8.3388,-2.2513,1
8.3341,-2.2409,1
8.3295,-2.2305,1
8.3249,-2.2203,1
8.3204,-2.2100,1
8.3158,-2.1998,1
8.3113,-2.1897,1
8.3068,-2.1796,1
8.3023,-2.1696,1
8.2978,-2.1596,1
8.2934,-2.1496,1
8.2889,-2.1397,1
8.2845,-2.1299,1
8.2802,-2.1201,1
8.2758,-2.1104,1
8.2715,-2.1007,1
8.2671,-2.0910,1
8.2628,-2.0814,1
8.2586,-2.0719,1
8.2543,-2.0624,1
8.2501,-2.0529,1
8.2459,-2.0435,1
8.2417,-2.0342,1
8.2375,-2.0249,1
8.2334,-2.0156,1
8.2292,-2.0064,1
8.2251,-1.9973,1
8.2210,-1.9882,1
8.2170,-1.9791,1
8.2129,-1.9701,1
8.2089,-1.9612,1
8.2049,-1.9523,1
8.2009,-1.9434,1
8.1970,-1.9346,1
8.1930,-1.9258,1
8.1891,-1.9171,1
8.1852,-1.9085,1
8.1813,-1.8999,1
8.1775,-1.8913,1
8.1736,-1.8828,1
8.1698,-1.8743,1
8.1660,-1.8659,1
8.1623,-1.8576,1
8.1585,-1.8493,1
8.1548,-1.8410,1
8.1511,-1.8328,1
8.1474,-1.8246,1
8.1437,-1.8165,1
8.1401,-1.8084,1
8.1364,-1.8004,1
8.1328,-1.7925,1
8.1293,-1.7846,1
8.1257,-1.7767,1
8.1221,-1.7689,1
8.1186,-1.7611,1
8.1151,-1.7534,1
8.1116,-1.7457,1
8.1082,-1.7381,1
8.1048,-1.7306,1
8.1013,-1.7230,1
8.0979,-1.7156,1
8.0946,-1.7082,1
8.0912,-1.7008,1
8.0879,-1.6935,1
8.0846,-1.6862,1
8.0813,-1.6790,1
8.0780,-1.6718,1
8.0748,-1.6647,1
8.0715,-1.6576,1
8.0683,-1.6506,1
8.0651,-1.6437,1
8.0620,-1.6367,1
8.0588,-1.6299,1
8.0557,-1.6231,1
8.0526,-1.6163,1
8.0495,-1.6096,1
8.0464,-1.6029,1
8.0434,-1.5963,1
8.0404,-1.5897,1
8.0374,-1.5832,1
8.0344,-1.5768,1
8.0314,-1.5704,1
8.0285,-1.5640,1
8.0256,-1.5577,1
8.0227,-1.5514,1
8.0198,-1.5452,1
8.0169,-1.5390,1
8.0141,-1.5329,1
8.0113,-1.5269,1
8.0085,-1.5209,1
8.0057,-1.5149,1
8.0029,-1.5090,1
8.0002,-1.5031,1
7.9975,-1.4973,1
7.9948,-1.4916,1
7.9921,-1.4859,1
7.9895,-1.4802,1
7.9868,-1.4746,1
7.9842,-1.4691,1
7.9816,-1.4636,1
7.9791,-1.4581,1
7.9765,-1.4527,1
7.9740,-1.4474,1
7.9715,-1.4421,1
7.9690,-1.4368,1
7.9665,-1.4316,1
7.9641,-1.4265,1
7.9616,-1.4214,1
7.9592,-1.4163,1
7.9568,-1.4114,1
7.9545,-1.4064,1
7.9521,-1.4015,1
7.9498,-1.3967,1
7.9475,-1.3919,1
7.9452,-1.3872,1
7.9429,-1.3825,1
7.9407,-1.3779,1
7.9384,-1.3733,1
7.9362,-1.3688,1
7.9340,-1.3643,1
7.9319,-1.3599,1
7.9297,-1.3555,1
7.9276,-1.3512,1
7.9255,-1.3469,1
7.9234,-1.3427,1
7.9213,-1.3385,1
7.9193,-1.3344,1
7.9172,-1.3303,1
7.9152,-1.3263,1
7.9132,-1.3224,1
7.9112,-1.3185,1
7.9093,-1.3146,1
7.9074,-1.3108,1
7.9055,-1.3071,1
7.9036,-1.3034,1
7.9017,-1.2997,1
7.8998,-1.2962,1
7.8980,-1.2926,1
7.8962,-1.2891,1
7.8944,-1.2857,1
7.8926,-1.2823,1
7.8909,-1.2790,1
7.8891,-1.2757,1
7.8874,-1.2725,1
7.8857,-1.2694,1
7.8840,-1.2662,1
7.8824,-1.2632,1
7.8807,-1.2602,1
7.8791,-1.2572,1
7.8775,-1.2543,1
7.8759,-1.2515,1
7.8743,-1.2487,1
7.8728,-1.2459,1
7.8713,-1.2433,1
7.8698,-1.2406,1
7.8683,-1.2380,1
7.8668,-1.2355,1
7.8654,-1.2331,1
7.8639,-1.2306,1
7.8625,-1.2283,1
7.8611,-1.2260,1
7.8597,-1.2237,1
7.8584,-1.2215,1
7.8571,-1.2194,1
7.8557,-1.2173,1
7.8544,-1.2152,1
7.8531,-1.2133,1
7.8519,-1.2113,1
7.8506,-1.2095,1
7.8494,-1.2077,1
7.8482,-1.2059,1
7.8470,-1.2042,1
7.8458,-1.2025,1
7.8447,-1.2009,1
7.8436,-1.1994,1
7.8424,-1.1979,1
7.8413,-1.1965,1
7.8403,-1.1951,1
7.8392,-1.1938,1
7.8382,-1.1925,1
7.8371,-1.1913,1
7.8361,-1.1902,1
7.8351,-1.1891,1
7.8342,-1.1880,1
7.8332,-1.1871,1
7.8323,-1.1861,1
7.8313,-1.1853,1
7.8304,-1.1844,1
7.8296,-1.1837,1
7.8287,-1.1830,1
7.8278,-1.1823,1
7.8270,-1.1818,1
7.8262,-1.1812,1
7.8254,-1.1808,1
7.8246,-1.1803,1
7.8239,-1.1800,1
7.8231,-1.1797,1
7.8224,-1.1794,1
7.8217,-1.1793,1
7.8210,-1.1791,1
7.8203,-1.1791,1
7.8197,-1.1790,1
7.8190,-1.1791,1
7.8184,-1.1792,1
7.8178,-1.1793,1
7.8172,-1.1796,1
7.8166,-1.1798,1
7.8161,-1.1802,1
7.8155,-1.1806,1
7.8150,-1.1810,1
7.8145,-1.1815,1
7.8140,-1.1821,1
7.8136,-1.1827,1
7.8131,-1.1833,1
7.8127,-1.1840,1
7.8124,-1.1845,1
7.8115,-1.1864,1
7.8113,-1.1871,1
7.8109,-1.1880,1
7.8106,-1.1890,1
7.8103,-1.1901,1
7.8100,-1.1912,1
7.8097,-1.1924,1
7.8094,-1.1937,1
7.8091,-1.1951,1
7.8088,-1.1965,1
7.8086,-1.1979,1
7.8083,-1.1994,1
7.8081,-1.2010,1
7.8079,-1.2027,1
7.8078,-1.2044,1
7.8076,-1.2062,1
7.8074,-1.2080,1
7.8073,-1.2099,1
7.8072,-1.2118,1
7.8071,-1.2138,1
7.8070,-1.2159,1
7.8069,-1.2181,1
7.8068,-1.2203,1
7.8068,-1.2225,1
7.8068,-1.2248,1
7.8068,-1.2272,1
7.8068,-1.2297,1
7.8068,-1.2322,1
7.8068,-1.2348,1
7.8068,-1.2374,1
7.8069,-1.2401,1
7.8070,-1.2428,1
7.8071,-1.2457,1
7.8072,-1.2485,1
7.8073,-1.2515,1
7.8074,-1.2545,1
7.8076,-1.2576,1
7.8077,-1.2607,1
7.8079,-1.2639,1
7.8081,-1.2672,1
7.8083,-1.2705,1
7.8085,-1.2739,1
7.8088,-1.2773,1
7.8090,-1.2808,1
7.8093,-1.2844,1
7.8096,-1.2881,1
7.8099,-1.2918,1
7.8102,-1.2955,1
7.8105,-1.2994,1
7.8108,-1.3033,1
7.8112,-1.3072,1
7.8116,-1.3113,1
7.8119,-1.3154,1
7.8123,-1.3195,1
7.8127,-1.3237,1
7.8132,-1.3280,1
7.8136,-1.3324,1
7.8140,-1.3368,1
7.8145,-1.3413,1
7.8150,-1.3458,1
7.8155,-1.3504,1
7.8160,-1.3551,1
7.8165,-1.3598,1
7.8170,-1.3646,1
7.8176,-1.3695,1
7.8181,-1.3744,1
7.8187,-1.3794,1
7.8193,-1.3845,1
7.8199,-1.3896,1
7.8205,-1.3948,1
7.8211,-1.4001,1
7.8218,-1.4054,1
7.8224,-1.4108,1
7.8231,-1.4162,1
7.8238,-1.4218,1
7.8244,-1.4274,1
7.8251,-1.4330,1
7.8259,-1.4387,1
7.8266,-1.4445,1
7.8273,-1.4504,1
7.8281,-1.4563,1
7.8289,-1.4623,1
7.8297,-1.4683,1
7.8305,-1.4744,1
7.8313,-1.4806,1
7.8321,-1.4869,1
7.8329,-1.4932,1
7.8338,-1.4996,1
7.8346,-1.5060,1
7.8355,-1.5126,1
7.8364,-1.5191,1
7.8373,-1.5258,1
7.8382,-1.5325,1
7.8391,-1.5393,1
7.8401,-1.5461,1
7.8410,-1.5531,1
7.8420,-1.5601,1
7.8430,-1.5671,1
7.8440,-1.5742,1
7.8450,-1.5814,1
7.8460,-1.5887,1
7.8470,-1.5960,1
7.8481,-1.6034,1
7.8491,-1.6108,1
7.8502,-1.6184,1
7.8513,-1.6260,1
7.8524,-1.6336,1
7.8535,-1.6413,1
7.8546,-1.6491,1
7.8557,-1.6570,1
7.8568,-1.6649,1
7.8580,-1.6729,1
7.8592,-1.6810,1
7.8603,-1.6891,1
7.8615,-1.6973,1
7.8627,-1.7056,1
7.8640,-1.7139,1
7.8652,-1.7223,1
7.8664,-1.7308,1
7.8677,-1.7393,1
7.8689,-1.7480,1
7.8702,-1.7566,1
7.8715,-1.7654,1
7.8728,-1.7742,1
7.8741,-1.7831,1
7.8754,-1.7920,1
7.8768,-1.8010,1
7.8781,-1.8101,1
7.8795,-1.8193,1
7.8809,-1.8285,1
7.8823,-1.8378,1
7.8837,-1.8471,1
7.8851,-1.8566,1
7.8865,-1.8661,1
7.8879,-1.8756,1
7.8894,-1.8853,1
7.8908,-1.8950,1
7.8923,-1.9047,1
7.8938,-1.9146,1
7.8953,-1.9245,1
7.8968,-1.9345,1
7.8983,-1.9445,1
7.8998,-1.9546,1
7.9014,-1.9648,1
7.9029,-1.9750,1
7.9045,-1.9854,1
7.9061,-1.9958,1
7.9077,-2.0062,1
7.9093,-2.0167,1
7.9109,-2.0273,1
7.9125,-2.0380,1
7.9142,-2.0487,1
7.9158,-2.0595,1
7.9175,-2.0704,1
7.9192,-2.0813,1
7.9208,-2.0923,1
7.9225,-2.1034,1
7.9243,-2.1146,1
7.9260,-2.1258,1
7.9277,-2.1371,1
7.9295,-2.1484,1
7.9312,-2.1598,1
7.9330,-2.1713,1
7.9348,-2.1829,1
7.9366,-2.1945,1
7.9384,-2.2062,1
7.9402,-2.2180,1
7.9420,-2.2298,1
7.9438,-2.2417,1
7.9457,-2.2537,1
7.9476,-2.2657,1
7.9494,-2.2778,1
7.9513,-2.2900,1
7.9532,-2.3023,1
7.9551,-2.3146,1
7.9571,-2.3270,1
7.9590,-2.3394,1
7.9609,-2.3520,1
7.9629,-2.3646,1
7.9649,-2.3772,1
7.9668,-2.3900,1
7.9688,-2.4028,1
7.9708,-2.4156,1
7.9729,-2.4286,1
7.9749,-2.4416,1
7.9769,-2.4547,1
7.9790,-2.4678,1
7.9810,-2.4811,1
7.9831,-2.4943,1
7.9852,-2.5077,1
7.9873,-2.5211,1
7.9894,-2.5346,1
7.9915,-2.5482,1
7.9937,-2.5618,1
7.9958,-2.5756,1
7.9979,-2.5893,1
8.0001,-2.6032,1
8.0023,-2.6171,1
8.0045,-2.6311,1
8.0067,-2.6451,1
8.0089,-2.6593,1
8.0111,-2.6735,1
8.0134,-2.6877,1
8.0156,-2.7021,1
8.0179,-2.7165,1
8.0201,-2.7309,1
8.0224,-2.7455,1
8.0247,-2.7601,1
8.0270,-2.7748,1
8.0293,-2.7895,1
8.0317,-2.8043,1
8.0340,-2.8192,1
8.0364,-2.8342,1
8.0387,-2.8492,1
8.0411,-2.8643,1
8.0435,-2.8795,1
8.0459,-2.8947,1
8.0483,-2.9100,1
8.0507,-2.9254,1
8.0531,-2.9409,1
8.0556,-2.9564,1
8.0580,-2.9720,1
8.0605,-2.9876,1
8.0630,-3.0034,1
8.0655,-3.0192,1
8.0680,-3.0350,1
8.0705,-3.0510,1
8.0730,-3.0670,1
8.0755,-3.0830,1
8.0781,-3.0992,1
8.0806,-3.1154,1
8.0832,-3.1317,1
8.0858,-3.1480,1
8.0884,-3.1645,1
8.0910,-3.1810,1
8.0936,-3.1975,1
8.0962,-3.2142,1
8.0989,-3.2309,1
8.1015,-3.2476,1
8.1042,-3.2645,1
8.1068,-3.2814,1
8.4615,-2.5268,1
nan,nan,1
7.8767,-6.0431,1
7.8778,-6.0431,1
7.8798,-6.0433,1
7.8820,-6.0436,1
7.8842,-6.0439,1
7.8864,-6.0444,1
7.8886,-6.0450,1
7.8909,-6.0457,1
7.8932,-6.0465,1
7.8954,-6.0474,1
7.8977,-6.0484,1
7.9000,-6.0495,1
7.9022,-6.0507,1
7.9045,-6.0520,1
7.9068,-6.0534,1
7.9091,-6.0550,1
7.9114,-6.0566,1
7.9137,-6.0583,1
7.9161,-6.0602,1
7.9184,-6.0621,1
7.9207,-6.0642,1
7.9231,-6.0663,1
7.9255,-6.0686,1
7.9278,-6.0710,1
7.9302,-6.0734,1
7.9326,-6.0760,1
7.9350,-6.0787,1
7.9374,-6.0815,1
7.9398,-6.0844,1
7.9423,-6.0874,1
7.9447,-6.0905,1
7.9472,-6.0937,1
7.9497,-6.0970,1
7.9522,-6.1005,1
7.9547,-6.1040,1
7.9572,-6.1076,1
7.9598,-6.1114,1
7.9623,-6.1152,1
7.9649,-6.1192,1
7.9675,-6.1232,1
7.9701,-6.1274,1
7.9727,-6.1317,1
7.9754,-6.1360,1
7.9780,-6.1405,1
7.9807,-6.1451,1
7.9834,-6.1498,1
7.9861,-6.1546,1
7.9888,-6.1595,1
7.9916,-6.1645,1
7.9944,-6.1696,1
7.9972,-6.1748,1
8.0000,-6.1801,1
8.0028,-6.1855,1
8.0057,-6.1911,1
8.0086,-6.1967,1
8.0115,-6.2025,1
8.0144,-6.2083,1
8.0173,-6.2143,1
8.0203,-6.2203,1
8.0233,-6.2265,1
8.0263,-6.2328,1
8.0294,-6.2391,1
8.0324,-6.2456,1
8.0355,-6.2522,1
8.0386,-6.2589,1
8.0418,-6.2657,1
8.0449,-6.2726,1
8.0481,-6.2796,1
8.0513,-6.2867,1
8.0546,-6.2939,1
8.0578,-6.3012,1
8.0611,-6.3087,1
8.0644,-6.3162,1
8.0678,-6.3238,1
8.0712,-6.3316,1
8.0745,-6.3394,1
8.0780,-6.3474,1
8.0814,-6.3554,1
8.0849,-6.3636,1
8.0884,-6.3719,1
8.0919,-6.3803,1
8.0955,-6.3887,1
8.0991,-6.3973,1
8.1027,-6.4060,1
8.1064,-6.4148,1
8.1101,-6.4237,1
8.1138,-6.4327,1
8.1175,-6.4418,1
8.1213,-6.4511,1
8.1251,-6.4604,1
8.1289,-6.4698,1
8.1327,-6.4794,1
8.1366,-6.4890,1
8.1405,-6.4987,1
8.1445,-6.5086,1
8.1485,-6.5186,1
8.1525,-6.5286,1
8.1565,-6.5388,1
8.1606,-6.5491,1
8.1647,-6.5594,1
8.1688,-6.5699,1
8.1730,-6.5805,1
8.1772,-6.5912,1
8.1814,-6.6020,1
8.1856,-6.6129,1
8.1899,-6.6239,1
8.1943,-6.6350,1
8.1986,-6.6463,1
8.2030,-6.6576,1
8.2074,-6.6690,1
8.2119,-6.6806,1
8.2163,-6.6922,1
8.2209,-6.7039,1
8.2254,-6.7158,1
8.2300,-6.7278,1
8.2346,-6.7398,1
8.2392,-6.7520,1
8.2439,-6.7643,1
8.2486,-6.7766,1
8.2534,-6.7891,1
8.2581,-6.8017,1
8.2630,-6.8144,1
8.2678,-6.8272,1
8.2727,-6.8401,1
8.2776,-6.8531,1
8.2825,-6.8663,1
8.2875,-6.8795,1
8.2925,-6.8928,1
8.2976,-6.9062,1
8.3027,-6.9198,1
8.3078,-6.9334,1
8.3129,-6.9472,1
8.3181,-6.9610,1
8.3233,-6.9750,1
8.3286,-6.9891,1
8.3339,-7.0032,1
8.3392,-7.0175,1
8.3445,-7.0319,1
8.3499,-7.0464,1
8.3553,-7.0610,1
8.3608,-7.0757,1
8.3663,-7.0905,1
8.3718,-7.1054,1
8.3774,-7.1204,1
8.3830,-7.1355,1
8.3886,-7.1507,1
8.3943,-7.1661,1
8.4000,-7.1815,1
8.4057,-7.1970,1
8.4115,-7.2127,1
8.4173,-7.2284,1
8.4231,-7.2443,1
8.4290,-7.2603,1
8.4349,-7.2763,1
8.4409,-7.2925,1
8.4469,-7.3088,1
8.4529,-7.3252,1
8.4589,-7.3417,1
8.4650,-7.3583,1
8.4711,-7.3750,1
8.4773,-7.3918,1
8.4835,-7.4087,1
8.4897,-7.4257,1
8.4960,-7.4428,1
8.5023,-7.4600,1
8.5087,-7.4774,1
8.5150,-7.4948,1
8.5214,-7.5124,1
8.5279,-7.5300,1
8.5344,-7.5478,1
8.5409,-7.5656,1
8.5474,-7.5836,1
8.5540,-7.6016,1
8.5607,-7.6198,1
8.5673,-7.6381,1
8.5740,-7.6565,1
8.5808,-7.6750,1
8.5875,-7.6936,1
8.5943,-7.7123,1
8.6012,-7.7311,1
8.6081,-7.7500,1
nan,nan,1
7.8733,-6.0431,1
7.8722,-6.0431,1
7.8702,-6.0433,1
7.8680,-6.0436,1
7.8658,-6.0439,1
7.8636,-6.0444,1
7.8614,-6.0450,1
7.8591,-6.0457,1
7.8568,-6.0465,1
7.8546,-6.0474,1
7.8523,-6.0484,1
7.8500,-6.0495,1
7.8478,-6.0507,1
7.8455,-6.0520,1
7.8432,-6.0534,1
7.8409,-6.0550,1
7.8386,-6.0566,1
7.8363,-6.0583,1
7.8339,-6.0602,1
7.8316,-6.0621,1
7.8293,-6.0642,1
7.8269,-6.0663,1
7.8245,-6.0686,1
7.8222,-6.0710,1
7.8198,-6.0734,1
7.8174,-6.0760,1
7.8150,-6.0787,1
7.8126,-6.0815,1
7.8102,-6.0844,1
7.8077,-6.0874,1
7.8053,-6.0905,1
7.8028,-6.0937,1
7.8003,-6.0970,1
7.7978,-6.1005,1
7.7953,-6.1040,1
7.7928,-6.1076,1
7.7902,-6.1114,1
7.7877,-6.1152,1
7.7851,-6.1192,1
7.7825,-6.1232,1
7.7799,-6.1274,1
7.7773,-6.1317,1
7.7746,-6.1360,1
7.7720,-6.1405,1
7.7693,-6.1451,1
7.7666,-6.1498,1
7.7639,-6.1546,1
7.7612,-6.1595,1
7.7584,-6.1645,1
7.7556,-6.1696,1
7.7528,-6.1748,1
7.7500,-6.1801,1
7.7472,-6.1855,1
7.7443,-6.1911,1
7.7414,-6.1967,1
7.7385,-6.2025,1
7.7356,-6.2083,1
7.7327,-6.2143,1
7.7297,-6.2203,1
7.7267,-6.2265,1
7.7237,-6.2328,1
7.7206,-6.2391,1
7.7176,-6.2456,1
7.7145,-6.2522,1
7.7114,-6.2589,1
7.7082,-6.2657,1
7.7051,-6.2726,1
7.7019,-6.2796,1
7.6987,-6.2867,1
7.6954,-6.2939,1
7.6922,-6.3012,1
7.6889,-6.3087,1
7.6856,-6.3162,1
7.6822,-6.3238,1
7.6788,-6.3316,1
7.6755,-6.3394,1
7.6720,-6.3474,1
7.6686,-6.3554,1
7.6651,-6.3636,1
7.6616,-6.3719,1
7.6581,-6.3803,1
7.6545,-6.3887,1
7.6509,-6.3973,1
7.6473,-6.4060,1
7.6436,-6.4148,1
7.6399,-6.4237,1
7.6362,-6.4327,1
7.6325,-6.4418,1
7.6287,-6.4511,1
7.6249,-6.4604,1
7.6211,-6.4698,1
7.6173,-6.4794,1
7.6134,-6.4890,1
7.6095,-6.4987,1
7.6055,-6.5086,1
7.6015,-6.5186,1
7.5975,-6.5286,1
7.5935,-6.5388,1
7.5894,-6.5491,1
7.5853,-6.5594,1
7.5812,-6.5699,1
7.5770,-6.5805,1
7.5728,-6.5912,1
7.5686,-6.6020,1
7.5644,-6.6129,1
7.5601,-6.6239,1
7.5557,-6.6350,1
7.5514,-6.6463,1
7.5470,-6.6576,1
7.5426,-6.6690,1
7.5381,-6.6806,1
7.5337,-6.6922,1
7.5291,-6.7039,1
7.5246,-6.7158,1
7.5200,-6.7278,1
7.5154,-6.7398,1
7.5108,-6.7520,1
7.5061,-6.7643,1
7.5014,-6.7766,1
7.4966,-6.7891,1
7.4919,-6.8017,1
7.4870,-6.8144,1
7.4822,-6.8272,1
7.4773,-6.8401,1
7.4724,-6.8531,1
7.4675,-6.8663,1
7.4625,-6.8795,1
7.4575,-6.8928,1
7.4524,-6.9062,1
7.4473,-6.9198,1
7.4422,-6.9334,1
7.4371,-6.9472,1
7.4319,-6.9610,1
7.4267,-6.9750,1
7.4214,-6.9891,1
7.4161,-7.0032,1
7.4108,-7.0175,1
7.4055,-7.0319,1
7.4001,-7.0464,1
7.3947,-7.0610,1
7.3892,-7.0757,1
7.3837,-7.0905,1
7.3782,-7.1054,1
7.3726,-7.1204,1
7.3670,-7.1355,1
7.3614,-7.1507,1
7.3557,-7.1661,1
7.3500,-7.1815,1
7.3443,-7.1970,1
7.3385,-7.2127,1
7.3327,-7.2284,1
7.3269,-7.2443,1
7.3210,-7.2603,1
7.3151,-7.2763,1
7.3091,-7.2925,1
7.3031,-7.3088,1
7.2971,-7.3252,1
7.2911,-7.3417,1
7.2850,-7.3583,1
7.2789,-7.3750,1
7.2727,-7.3918,1
7.2665,-7.4087,1
7.2603,-7.4257,1
7.2540,-7.4428,1
7.2477,-7.4600,1
7.2413,-7.4774,1
7.2350,-7.4948,1
7.2286,-7.5124,1
7.2221,-7.5300,1
7.2156,-7.5478,1
7.2091,-7.5656,1
7.2026,-7.5836,1
7.1960,-7.6016,1
7.1893,-7.6198,1
7.1827,-7.6381,1
7.1760,-7.6565,1
7.1692,-7.6750,1
7.1625,-7.6936,1
7.1557,-7.7123,1
7.1488,-7.7311,1
7.1419,-7.7500,1
nan,nan,1
7.1419,-7.7500,1
8.6081,-7.7500,1
nan,nan,1
8.3933,-7.4751,3
8.3796,-7.4679,3
8.3655,-7.4610,3
8.3511,-7.4543,3
8.3363,-7.4478,3
8.3213,-7.4415,3
8.3059,-7.4354,3
8.2902,-7.4295,3
8.2742,-7.4239,3
8.2580,-7.4185,3
8.2415,-7.4133,3
8.2248,-7.4083,3
8.2078,-7.4035,3
8.1906,-7.3990,3
8.1732,-7.3948,3
8.1555,-7.3908,3
8.1377,-7.3870,3
8.1197,-7.3835,3
8.1015,-7.3802,3
8.0832,-7.3772,3
8.0647,-7.3744,3
8.0461,-7.3719,3
8.0274,-7.3697,3
8.0086,-7.3677,3
7.9897,-7.3660,3
7.9707,-7.3645,3
7.9516,-7.3633,3
7.9325,-7.3624,3
7.9134,-7.3617,3
7.8942,-7.3613,3
7.8750,-7.3612,3
7.8558,-7.3613,3
7.8366,-7.3617,3
7.8175,-7.3624,3
7.7984,-7.3633,3
7.7793,-7.3645,3
7.7603,-7.3660,3
7.7414,-7.3677,3
7.7226,-7.3697,3
7.7039,-7.3719,3
7.6853,-7.3744,3
7.6668,-7.3772,3
7.6485,-7.3802,3
7.6303,-7.3835,3
7.6123,-7.3870,3
7.5945,-7.3908,3
7.5768,-7.3948,3
7.5594,-7.3990,3
7.5422,-7.4035,3
7.5252,-7.4083,3
7.5085,-7.4133,3
7.4920,-7.4185,3
7.4758,-7.4239,3
7.4598,-7.4295,3
7.4441,-7.4354,3
7.4287,-7.4415,3
7.4137,-7.4478,3
7.3989,-7.4543,3
7.3845,-7.4610,3
7.3704,-7.4679,3
7.3567,-7.4751,3
7.3433,-7.4823,3
7.3302,-7.4898,3
7.3176,-7.4975,3
7.3053,-7.5053,3
7.2934,-7.5133,3
7.2819,-7.5214,3
7.2709,-7.5298,3
7.2602,-7.5382,3
7.2500,-7.5468,3
7.2402,-7.5556,3
7.2308,-7.5645,3
7.2218,-7.5735,3
7.2134,-7.5826,3
7.2053,-7.5918,3
7.1977,-7.6012,3
7.1906,-7.6107,3
7.1840,-7.6202,3
7.1778,-7.6298,3
7.1721,-7.6396,3
7.1669,-7.6494,3
7.1622,-7.6592,3
7.1580,-7.6692,3
7.1542,-7.6791,3
7.1510,-7.6892,3
7.1482,-7.6992,3
7.1460,-7.7094,3
7.1442,-7.7195,3
7.1430,-7.7296,3
7.1422,-7.7398,3
7.1419,-7.7500,3
7.1422,-7.7602,3
7.1430,-7.7704,3
7.1442,-7.7805,3
7.1460,-7.7906,3
7.1482,-7.8008,3
7.1510,-7.8108,3
7.1542,-7.8209,3
7.1580,-7.8308,3
7.1622,-7.8408,3
7.1669,-7.8506,3
7.1721,-7.8604,3
7.1778,-7.8702,3
7.1840,-7.8798,3
7.1906,-7.8893,3
7.1977,-7.8988,3
7.2053,-7.9082,3
7.2134,-7.9174,3
7.2218,-7.9265,3
7.2308,-7.9355,3
7.2402,-7.9444,3
7.2500,-7.9532,3
7.2602,-7.9618,3
7.2709,-7.9702,3
7.2819,-7.9786,3
7.2934,-7.9867,3
7.3053,-7.9947,3
7.3176,-8.0025,3
7.3302,-8.0102,3
7.3433,-8.0177,3
7.3567,-8.0249,3
7.3704,-8.0321,3
7.3845,-8.0390,3
7.3989,-8.0457,3
7.4137,-8.0522,3
7.4287,-8.0585,3
7.4441,-8.0646,3
7.4598,-8.0705,3
7.4758,-8.0761,3
7.4920,-8.0815,3
7.5085,-8.0867,3
7.5252,-8.0917,3
7.5422,-8.0965,3
7.5594,-8.1010,3
7.5768,-8.1052,3
7.5945,-8.1092,3
7.6123,-8.1130,3
7.6303,-8.1165,3
7.6485,-8.1198,3
7.6668,-8.1228,3
7.6853,-8.1256,3
7.7039,-8.1281,3
7.7226,-8.1303,3
7.7414,-8.1323,3
7.7603,-8.1340,3
7.7793,-8.1355,3
7.7984,-8.1367,3
7.8175,-8.1376,3
7.8366,-8.1383,3
7.8558,-8.1387,3
7.8750,-8.1388,3
7.8942,-8.1387,3
7.9134,-8.1383,3
7.9325,-8.1376,3
7.9516,-8.1367,3
7.9707,-8.1355,3
7.9897,-8.1340,3
8.0086,-8.1323,3
8.0274,-8.1303,3
8.0461,-8.1281,3
8.0647,-8.1256,3
8.0832,-8.1228,3
8.1015,-8.1198,3
8.1197,-8.1165,3
8.1377,-8.1130,3
8.1555,-8.1092,3
8.1732,-8.1052,3
8.1906,-8.1010,3
8.2078,-8.0965,3
8.2248,-8.0917,3
8.2415,-8.0867,3
8.2580,-8.0815,3
8.2742,-8.0761,3
8.2902,-8.0705,3
8.3059,-8.0646,3
8.3213,-8.0585,3
8.3363,-8.0522,3
8.3511,-8.0457,3
8.3655,-8.0390,3
8.3796,-8.0321,3
8.3933,-8.0249,3
8.4067,-8.0177,3
8.4198,-8.0102,3
8.4324,-8.0025,3
8.4447,-7.9947,3
8.4566,-7.9867,3
8.4681,-7.9786,3
8.4791,-7.9702,3
8.4898,-7.9618,3
8.5000,-7.9532,3
8.5098,-7.9444,3
8.5192,-7.9355,3
8.5282,-7.9265,3
8.5366,-7.9174,3
8.5447,-7.9082,3
8.5523,-7.8988,3
8.5594,-7.8893,3
8.5660,-7.8798,3
8.5722,-7.8702,3
8.5779,-7.8604,3
8.5831,-7.8506,3
8.5878,-7.8408,3
8.5920,-7.8308,3
8.5958,-7.8209,3
8.5990,-7.8108,3
8.6018,-7.8008,3
8.6040,-7.7906,3
8.6058,-7.7805,3
8.6070,-7.7704,3
8.6078,-7.7602,3
8.6081,-7.7500,3
8.6078,-7.7398,3
8.6070,-7.7296,3
8.6058,-7.7195,3
8.6040,-7.7094,3
8.6018,-7.6992,3
8.5990,-7.6892,3
8.5958,-7.6791,3
8.5920,-7.6692,3
8.5878,-7.6592,3
8.5831,-7.6494,3
8.5779,-7.6396,3
8.5722,-7.6298,3
8.5660,-7.6202,3
8.5594,-7.6107,3
8.5523,-7.6012,3
8.5447,-7.5918,3
8.5366,-7.5826,3
8.5282,-7.5735,3
8.5192,-7.5645,3
8.5098,-7.5556,3
8.5000,-7.5468,3
8.4898,-7.5382,3
8.4791,-7.5298,3
8.4681,-7.5214,3
8.4566,-7.5133,3
8.4447,-7.5053,3
8.4324,-7.4975,3
8.4198,-7.4898,3
8.4067,-7.4823,3
8.3933,-7.4751,3
nan,nan,3
7.8750,-8.7243,4
7.8750,-5.7202,4
nan,nan,4
6.9219,-8.0864,13
6.9292,-8.1002,13
6.9372,-8.1138,13
6.9460,-8.1274,13
6.9554,-8.1408,13
6.9656,-8.1540,13
6.9764,-8.1672,13
6.9879,-8.1801,13
7.0000,-8.1929,13
7.0128,-8.2055,13
7.0262,-8.2179,13
7.0403,-8.2301,13
7.0550,-8.2421,13
7.0703,-8.2539,13
7.0862,-8.2654,13
7.1028,-8.2768,13
7.1198,-8.2878,13
7.1375,-8.2987,13
7.1557,-8.3092,13
7.1744,-8.3195,13
7.1937,-8.3295,13
7.2134,-8.3393,13
7.2337,-8.3487,13
7.2545,-8.3579,13
7.2757,-8.3667,13
7.2973,-8.3753,13
7.3194,-8.3835,13
7.3419,-8.3914,13
7.3648,-8.3990,13
7.3881,-8.4062,13
7.4117,-8.4131,13
7.4357,-8.4196,13
7.4601,-8.4258,13
7.4847,-8.4317,13
7.5096,-8.4371,13
7.5348,-8.4423,13
7.5603,-8.4470,13
7.5859,-8.4514,13
7.6119,-8.4554,13
7.6380,-8.4590,13
7.6642,-8.4623,13
7.6907,-8.4651,13
7.7172,-8.4676,13
7.7439,-8.4697,13
7.7707,-8.4714,13
7.7976,-8.4727,13
7.8245,-8.4737,13
7.8515,-8.4742,13
7.8784,-8.4743,13
7.9054,-8.4741,13
7.9324,-8.4735,13
7.9593,-8.4724,13
7.9861,-8.4710,13
8.0129,-8.4692,13
8.0396,-8.4670,13
8.0661,-8.4644,13
8.0925,-8.4615,13
8.1187,-8.4581,13
8.1448,-8.4544,13
8.1706,-8.4503,13
8.1963,-8.4458,13
8.2216,-8.4410,13
8.2468,-8.4358,13
8.2716,-8.4302,13
8.2962,-8.4243,13
8.3204,-8.4180,13
8.3443,-8.4113,13
8.3679,-8.4044,13
8.3911,-8.3971,13
8.4139,-8.3894,13
8.4363,-8.3814,13
8.4583,-8.3731,13
8.4798,-8.3645,13
8.5009,-8.3556,13
8.5215,-8.3464,13
8.5416,-8.3368,13
8.5613,-8.3270,13
8.5804,-8.3169,13
8.5990,-8.3066,13
8.6171,-8.2959,13
8.6346,-8.2850,13
8.6515,-8.2739,13
8.6679,-8.2625,13
8.6836,-8.2509,13
8.6988,-8.2391,13
8.7133,-8.2270,13
8.7273,-8.2147,13
8.7405,-8.2023,13
8.7532,-8.1896,13
8.7651,-8.1768,13
8.7765,-8.1638,13
8.7871,-8.1507,13
8.7970,-8.1374,13
8.8063,-8.1239,13
8.8149,-8.1104,13
8.8227,-8.0967,13
8.8299,-8.0829,13
8.8363,-8.0690,13
8.8421,-8.0550,13
8.8471,-8.0409,13
8.8513,-8.0268,13
8.8549,-8.0126,13
8.8577,-7.9984,13
8.8598,-7.9841,13
8.8611,-7.9698,13
8.8617,-7.9555,13
8.8616,-7.9412,13
8.8607,-7.9269,13
8.8591,-7.9126,13
8.8568,-7.8983,13
8.8537,-7.8841,13
8.8499,-7.8700,13
8.8453,-7.8558,13
8.8401,-7.8418,13
8.8341,-7.8279,13
8.8274,-7.8140,13
8.8200,-7.8002,13
8.8119,-7.7866,13
8.8030,-7.7731,13
8.7935,-7.7597,13
8.7833,-7.7464,13
nan,nan,13
11.9722,-1.7500,1
11.9720,-1.7335,1
11.9716,-1.7169,1
11.9709,-1.7004,1
11.9699,-1.6839,1
11.9686,-1.6674,1
11.9670,-1.6510,1
11.9651,-1.6346,1
11.9630,-1.6182,1
11.9605,-1.6018,1
11.9578,-1.5855,1
11.9548,-1.5693,1
11.9515,-1.5531,1
11.9479,-1.5369,1
11.9440,-1.5209,1
11.9399,-1.5049,1
11.9355,-1.4889,1
11.9308,-1.4731,1
11.9258,-1.4573,1
11.9206,-1.4416,1
11.9151,-1.4260,1
11.9093,-1.4106,1
11.9032,-1.3952,1
11.8969,-1.3799,1
11.8903,-1.3647,1
11.8834,-1.3497,1
11.8763,-1.3348,1
11.8689,-1.3200,1
11.8613,-1.3053,1
11.8534,-1.2908,1
11.8453,-1.2764,1
11.8369,-1.2622,1
11.8283,-1.2481,1
11.8194,-1.2341,1
11.8103,-1.2203,1
11.8009,-1.2067,1
11.7913,-1.1933,1
11.7815,-1.1800,1
11.7714,-1.1669,1
11.7611,-1.1539,1
11.7506,-1.1412,1
11.7398,-1.1286,1
11.7289,-1.1162,1
11.7177,-1.1040,1
11.7063,-1.0920,1
11.6948,-1.0802,1
11.6830,-1.0687,1
11.6710,-1.0573,1
11.6588,-1.0461,1
11.6464,-1.0352,1
11.6338,-1.0244,1
11.6211,-1.0139,1
11.6081,-1.0036,1
11.5950,-0.9935,1
11.5817,-0.9837,1
11.5683,-0.9741,1
11.5547,-0.9647,1
11.5409,-0.9556,1
11.5269,-0.9467,1
11.5128,-0.9381,1
11.4986,-0.9297,1
11.4842,-0.9216,1
11.4697,-0.9137,1
11.4550,-0.9061,1
11.4402,-0.8987,1
11.4253,-0.8916,1
11.4103,-0.8847,1
11.3951,-0.8781,1
11.3798,-0.8718,1
11.3644,-0.8657,1
11.3490,-0.8599,1
11.3334,-0.8544,1
11.3177,-0.8492,1
11.3019,-0.8442,1
11.2861,-0.8395,1
11.2701,-0.8351,1
11.2541,-0.8310,1
11.2381,-0.8271,1
11.2219,-0.8235,1
11.2057,-0.8202,1
11.1895,-0.8172,1
11.1732,-0.8145,1
11.1568,-0.8120,1
11.1404,-0.8099,1
11.1240,-0.8080,1
11.1076,-0.8064,1
11.0911,-0.8051,1
11.0746,-0.8041,1
11.0581,-0.8034,1
11.0415,-0.8030,1
11.0250,-0.8028,1
11.0085,-0.8030,1
10.9919,-0.8034,1
10.9754,-0.8041,1
10.9589,-0.8051,1
10.9424,-0.8064,1
10.9260,-0.8080,1
10.9096,-0.8099,1
10.8932,-0.8120,1
10.8768,-0.8145,1
10.8605,-0.8172,1
10.8443,-0.8202,1
10.8281,-0.8235,1
10.8119,-0.8271,1
10.7959,-0.8310,1
10.7799,-0.8351,1
10.7639,-0.8395,1
10.7481,-0.8442,1
10.7323,-0.8492,1
10.7166,-0.8544,1
10.7010,-0.8599,1
10.6856,-0.8657,1
10.6702,-0.8718,1
10.6549,-0.8781,1
10.6397,-0.8847,1
10.6247,-0.8916,1
10.6098,-0.8987,1
10.5950,-0.9061,1
10.5803,-0.9137,1
10.5658,-0.9216,1
10.5514,-0.9297,1
10.5372,-0.9381,1
10.5231,-0.9467,1
10.5091,-0.9556,1
10.4953,-0.9647,1
10.4817,-0.9741,1
10.4683,-0.9837,1
10.4550,-0.9935,1
10.4419,-1.0036,1
10.4289,-1.0139,1
10.4162,-1.0244,1
10.4036,-1.0352,1
10.3912,-1.0461,1
10.3790,-1.0573,1
10.3670,-1.0687,1
10.3552,-1.0802,1
10.3437,-1.0920,1
10.3323,-1.1040,1
10.3211,-1.1162,1
10.3102,-1.1286,1
10.2994,-1.1412,1
10.2889,-1.1539,1
10.2786,-1.1669,1
10.2685,-1.1800,1
10.2587,-1.1933,1
10.2491,-1.2067,1
10.2397,-1.2203,1
10.2306,-1.2341,1
10.2217,-1.2481,1
10.2131,-1.2622,1
10.2047,-1.2764,1
10.1966,-1.2908,1
10.1887,-1.3053,1
10.1811,-1.3200,1
10.1737,-1.3348,1
10.1666,-1.3497,1
10.1597,-1.3647,1
10.1531,-1.3799,1
10.1468,-1.3952,1
10.1407,-1.4106,1
10.1349,-1.4260,1
10.1294,-1.4416,1
10.1242,-1.4573,1
10.1192,-1.4731,1
10.1145,-1.4889,1
10.1101,-1.5049,1
10.1060,-1.5209,1
10.1021,-1.5369,1
10.0985,-1.5531,1
10.0952,-1.5693,1
10.0922,-1.5855,1
10.0895,-1.6018,1
10.0870,-1.6182,1
10.0849,-1.6346,1
10.0830,-1.6510,1
10.0814,-1.6674,1
10.0801,-1.6839,1
10.0791,-1.7004,1
10.0784,-1.7169,1
10.0780,-1.7335,1
10.0778,-1.7500,1
10.0780,-1.7665,1
10.0784,-1.7831,1
10.0791,-1.7996,1
10.0801,-1.8161,1
10.0814,-1.8326,1
10.0830,-1.8490,1
10.0849,-1.8654,1
10.0870,-1.8818,1
10.0895,-1.8982,1
10.0922,-1.9145,1
10.0952,-1.9307,1
10.0985,-1.9469,1
10.1021,-1.9631,1
10.1060,-1.9791,1
10.1101,-1.9951,1
10.1145,-2.0111,1
10.1192,-2.0269,1
10.1242,-2.0427,1
10.1294,-2.0584,1
10.1349,-2.0740,1
10.1407,-2.0894,1
10.1468,-2.1048,1
10.1531,-2.1201,1
10.1597,-2.1353,1
10.1666,-2.1503,1
10.1737,-2.1652,1
10.1811,-2.1800,1
10.1887,-2.1947,1
10.1966,-2.2092,1
10.2047,-2.2236,1
10.2131,-2.2378,1
10.2217,-2.2519,1
10.2306,-2.2659,1
10.2397,-2.2797,1
10.2491,-2.2933,1
10.2587,-2.3067,1
10.2685,-2.3200,1
10.2786,-2.3331,1
10.2889,-2.3461,1
10.2994,-2.3588,1
10.3102,-2.3714,1
10.3211,-2.3838,1
10.3323,-2.3960,1
10.3437,-2.4080,1
10.3552,-2.4198,1
10.3670,-2.4313,1
10.3790,-2.4427,1
10.3912,-2.4539,1
10.4036,-2.4648,1
10.4162,-2.4756,1
10.4289,-2.4861,1
10.4419,-2.4964,1
10.4550,-2.5065,1
10.4683,-2.5163,1
10.4817,-2.5259,1
10.4953,-2.5353,1
10.5091,-2.5444,1
10.5231,-2.5533,1
10.5372,-2.5619,1
10.5514,-2.5703,1
10.5658,-2.5784,1
10.5803,-2.5863,1
10.5950,-2.5939,1
10.6098,-2.6013,1
10.6247,-2.6084,1
10.6397,-2.6153,1
10.6549,-2.6219,1
10.6702,-2.6282,1
10.6856,-2.6343,1
10.7010,-2.6401,1
10.7166,-2.6456,1
10.7323,-2.6508,1
10.7481,-2.6558,1
10.7639,-2.6605,1
10.7799,-2.6649,1
10.7959,-2.6690,1
10.8119,-2.6729,1
10.8281,-2.6765,1
10.8443,-2.6798,1
10.8605,-2.6828,1
10.8768,-2.6855,1
10.8932,-2.6880,1
10.9096,-2.6901,1
10.9260,-2.6920,1
10.9424,-2.6936,1
10.9589,-2.6949,1
10.9754,-2.6959,1
10.9919,-2.6966,1
11.0085,-2.6970,1
11.0250,-2.6972,1
11.0415,-2.6970,1
11.0581,-2.6966,1
11.0746,-2.6959,1
11.0911,-2.6949,1
11.1076,-2.6936,1
11.1240,-2.6920,1
11.1404,-2.6901,1
11.1568,-2.6880,1
11.1732,-2.6855,1
11.1895,-2.6828,1
11.2057,-2.6798,1
11.2219,-2.6765,1
11.2381,-2.6729,1
11.2541,-2.6690,1
11.2701,-2.6649,1
11.2861,-2.6605,1
11.3019,-2.6558,1
11.3177,-2.6508,1
11.3334,-2.6456,1
11.3490,-2.6401,1
11.3644,-2.6343,1
11.3798,-2.6282,1
11.3951,-2.6219,1
11.4103,-2.6153,1
11.4253,-2.6084,1
11.4402,-2.6013,1
11.4550,-2.5939,1
11.4697,-2.5863,1
11.4842,-2.5784,1
11.4986,-2.5703,1
11.5128,-2.5619,1
11.5269,-2.5533,1
11.5409,-2.5444,1
11.5547,-2.5353,1
11.5683,-2.5259,1
11.5817,-2.5163,1
11.5950,-2.5065,1
11.6081,-2.4964,1
11.6211,-2.4861,1
11.6338,-2.4756,1
11.6464,-2.4648,1
11.6588,-2.4539,1
11.6710,-2.4427,1
11.6830,-2.4313,1
11.6948,-2.4198,1
11.7063,-2.4080,1
11.7177,-2.3960,1
11.7289,-2.3838,1
11.7398,-2.3714,1
11.7506,-2.3588,1
11.7611,-2.3461,1
11.7714,-2.3331,1
11.7815,-2.3200,1
11.7913,-2.3067,1
11.8009,-2.2933,1
11.8103,-2.2797,1
11.8194,-2.2659,1
11.8283,-2.2519,1
11.8369,-2.2378,1
11.8453,-2.2236,1
11.8534,-2.2092,1
11.8613,-2.1947,1
11.8689,-2.1800,1
11.8763,-2.1652,1
11.8834,-2.1503,1
11.8903,-2.1353,1
11.8969,-2.1201,1
11.9032,-2.1048,1
11.9093,-2.0894,1
11.9151,-2.0740,1
11.9206,-2.0584,1
11.9258,-2.0427,1
11.9308,-2.0269,1
11.9355,-2.0111,1
11.9399,-1.9951,1
11.9440,-1.9791,1
11.9479,-1.9631,1
11.9515,-1.9469,1
11.9548,-1.9307,1
11.9578,-1.9145,1
11.9605,-1.8982,1
11.9630,-1.8818,1
11.9651,-1.8654,1
11.9670,-1.8490,1
11.9686,-1.8326,1
11.9699,-1.8161,1
11.9709,-1.7996,1
11.9716,-1.7831,1
11.9720,-1.7665,1
11.9722,-1.7500,1
nan,nan,1
10.4323,-1.0112,1
11.6177,-1.0112,1
nan,nan,1
11.0250,-1.0112,1
11.0250,-0.8028,1
nan,nan,1
11.0250,-0.8028,5
11.0179,-0.8028,5
11.0108,-0.8029,5
11.0037,-0.8031,5
10.9965,-0.8032,5
10.9894,-0.8035,5
10.9823,-0.8038,5
10.9752,-0.8041,5
10.9681,-0.8045,5
10.9610,-0.8050,5
10.9539,-0.8055,5
10.9468,-0.8060,5
10.9397,-0.8067,5
10.9326,-0.8073,5
10.9256,-0.8081,5
10.9185,-0.8088,5
10.9114,-0.8097,5
10.9044,-0.8105,5
10.8973,-0.8115,5
10.8903,-0.8124,5
10.8832,-0.8135,5
10.8762,-0.8146,5
10.8692,-0.8157,5
10.8622,-0.8169,5
10.8551,-0.8182,5
10.8481,-0.8195,5
10.8412,-0.8208,5
10.8342,-0.8222,5
10.8272,-0.8237,5
10.8203,-0.8252,5
10.8133,-0.8268,5
10.8064,-0.8284,5
10.7995,-0.8301,5
10.7926,-0.8318,5
10.7857,-0.8335,5
10.7788,-0.8354,5
10.7719,-0.8372,5
10.7651,-0.8392,5
10.7583,-0.8412,5
10.7514,-0.8432,5
10.7446,-0.8453,5
10.7378,-0.8474,5
10.7311,-0.8496,5
10.7243,-0.8518,5
10.7176,-0.8541,5
10.7109,-0.8564,5
10.7042,-0.8588,5
10.6975,-0.8612,5
10.6908,-0.8637,5
10.6841,-0.8663,5
10.6775,-0.8689,5
10.6709,-0.8715,5
10.6643,-0.8742,5
10.6578,-0.8769,5
10.6512,-0.8797,5
10.6447,-0.8825,5
10.6382,-0.8854,5
10.6317,-0.8883,5
10.6252,-0.8913,5
10.6188,-0.8943,5
10.6124,-0.8974,5
10.6060,-0.9005,5
10.5996,-0.9037,5
10.5933,-0.9069,5
10.5869,-0.9102,5
10.5806,-0.9135,5
10.5744,-0.9169,5
10.5681,-0.9203,5
10.5619,-0.9237,5
10.5557,-0.9272,5
10.5495,-0.9308,5
10.5434,-0.9344,5
10.5373,-0.9380,5
10.5312,-0.9417,5
10.5251,-0.9455,5
10.5191,-0.9492,5
10.5131,-0.9531,5
10.5071,-0.9569,5
10.5012,-0.9608,5
10.4953,-0.9648,5
10.4894,-0.9688,5
10.4835,-0.9728,5
10.4777,-0.9769,5
10.4719,-0.9811,5
10.4662,-0.9852,5
10.4604,-0.9895,5
10.4547,-0.9937,5
10.4491,-0.9980,5
10.4434,-1.0024,5
10.4378,-1.0068,5
10.4323,-1.0112,5
11.0250,-1.0112,5
11.0250,-0.8028,5
nan,nan,5
9.8578,-1.7500,4
12.1922,-1.7500,4
nan,nan,4
11.0250,-2.9172,4
11.0250,-0.5828,4
nan,nan,4
11.0250,-6.1713,1
11.0333,-6.1801,1
11.0414,-6.1888,1
11.0495,-6.1976,1
11.0576,-6.2064,1
11.0655,-6.2151,1
11.0734,-6.2239,1
11.0812,-6.2327,1
11.0890,-6.2414,1
11.0967,-6.2502,1
11.1043,-6.2590,1
11.1118,-6.2678,1
11.1193,-6.2765,1
11.1267,-6.2853,1
11.1340,-6.2941,1
11.1413,-6.3028,1
11.1485,-6.3116,1
11.1556,-6.3204,1
11.1627,-6.3292,1
11.1697,-6.3379,1
11.1767,-6.3467,1
11.1836,-6.3555,1
11.1904,-6.3642,1
11.1972,-6.3730,1
11.2039,-6.3818,1
11.2105,-6.3905,1
11.2171,-6.3993,1
11.2236,-6.4081,1
11.2301,-6.4169,1
11.2365,-6.4256,1
11.2428,-6.4344,1
11.2491,-6.4432,1
11.2553,-6.4519,1
11.2615,-6.4607,1
11.2676,-6.4695,1
11.2737,-6.4783,1
11.2797,-6.4870,1
11.2856,-6.4958,1
11.2915,-6.5046,1
11.2974,-6.5133,1
11.3032,-6.5221,1
11.3089,-6.5309,1
11.3146,-6.5396,1
11.3202,-6.5484,1
11.3258,-6.5572,1
11.3313,-6.5660,1
11.3368,-6.5747,1
11.3422,-6.5835,1
11.3475,-6.5923,1
11.3529,-6.6010,1
11.3581,-6.6098,1
11.3633,-6.6186,1
11.3685,-6.6274,1
11.3736,-6.6361,1
11.3787,-6.6449,1
11.3837,-6.6537,1
11.3886,-6.6624,1
11.3936,-6.6712,1
11.3984,-6.6800,1
11.4032,-6.6887,1
11.4080,-6.6975,1
11.4127,-6.7063,1
11.4174,-6.7151,1
11.4220,-6.7238,1
11.4266,-6.7326,1
11.4311,-6.7414,1
11.4356,-6.7501,1
11.4401,-6.7589,1
11.4445,-6.7677,1
11.4488,-6.7765,1
11.4531,-6.7852,1
11.4574,-6.7940,1
11.4616,-6.8028,1
11.4657,-6.8115,1
11.4698,-6.8203,1
11.4739,-6.8291,1
11.4780,-6.8379,1
11.4819,-6.8466,1
11.4859,-6.8554,1
11.4898,-6.8642,1
11.4936,-6.8729,1
11.4974,-6.8817,1
11.5012,-6.8905,1
11.5049,-6.8992,1
11.5086,-6.9080,1
11.5123,-6.9168,1
11.5159,-6.9256,1
11.5194,-6.9343,1
11.5229,-6.9431,1
11.5264,-6.9519,1
11.5298,-6.9606,1
11.5332,-6.9694,1
11.5365,-6.9782,1
11.5398,-6.9870,1
11.5431,-6.9957,1
11.5463,-7.0045,1
11.5495,-7.0133,1
11.5526,-7.0220,1
11.5557,-7.0308,1
11.5588,-7.0396,1
11.5618,-7.0483,1
11.5648,-7.0571,1
11.5677,-7.0659,1
11.5706,-7.0747,1
11.5734,-7.0834,1
11.5762,-7.0922,1
11.5790,-7.1010,1
11.5818,-7.1097,1
11.5844,-7.1185,1
11.5871,-7.1273,1
11.5897,-7.1361,1
11.5923,-7.1448,1
11.5948,-7.1536,1
11.5973,-7.1624,1
11.5998,-7.1711,1
11.6022,-7.1799,1
11.6046,-7.1887,1
11.6069,-7.1974,1
11.6092,-7.2062,1
11.6115,-7.2150,1
11.6137,-7.2238,1
11.6159,-7.2325,1
11.6180,-7.2413,1
11.6201,-7.2501,1
11.6222,-7.2588,1
11.6242,-7.2676,1
11.6262,-7.2764,1
11.6282,-7.2852,1
11.6301,-7.2939,1
11.6320,-7.3027,1
11.6338,-7.3115,1
11.6356,-7.3202,1
11.6374,-7.3290,1
11.6391,-7.3378,1
11.6408,-7.3465,1
11.6425,-7.3553,1
11.6441,-7.3641,1
11.6457,-7.3729,1
11.6472,-7.3816,1
11.6487,-7.3904,1
11.6502,-7.3992,1
11.6516,-7.4079,1
11.6530,-7.4167,1
11.6544,-7.4255,1
11.6557,-7.4343,1
11.6570,-7.4430,1
11.6583,-7.4518,1
11.6595,-7.4606,1
11.6606,-7.4693,1
11.6618,-7.4781,1
11.6629,-7.4869,1
11.6639,-7.4957,1
11.6650,-7.5044,1
11.6660,-7.5132,1
11.6669,-7.5220,1
11.6678,-7.5307,1
11.6687,-7.5395,1
11.6696,-7.5483,1
11.6704,-7.5570,1
11.6712,-7.5658,1
11.6719,-7.5746,1
11.6726,-7.5834,1
11.6733,-7.5921,1
11.6739,-7.6009,1
11.6745,-7.6097,1
11.6750,-7.6184,1
11.6756,-7.6272,1
11.6761,-7.6360,1
11.6765,-7.6448,1
11.6769,-7.6535,1
11.6773,-7.6623,1
11.6776,-7.6711,1
11.6779,-7.6798,1
11.6782,-7.6886,1
11.6784,-7.6974,1
11.6786,-7.7061,1
11.6788,-7.7149,1
11.6789,-7.7237,1
11.6790,-7.7325,1
11.6791,-7.7412,1
11.6791,-7.7500,1
nan,nan,1
11.0250,-6.1713,3
11.0167,-6.1801,3
11.0086,-6.1888,3
11.0005,-6.1976,3
10.9924,-6.2064,3
10.9845,-6.2151,3
10.9766,-6.2239,3
10.9688,-6.2327,3
10.9610,-6.2414,3
10.9533,-6.2502,3
10.9457,-6.2590,3
10.9382,-6.2678,3
10.9307,-6.2765,3
10.9233,-6.2853,3
10.9160,-6.2941,3
10.9087,-6.3028,3
10.9015,-6.3116,3
10.8944,-6.3204,3
10.8873,-6.3292,3
10.8803,-6.3379,3
10.8733,-6.3467,3
10.8664,-6.3555,3
10.8596,-6.3642,3
10.8528,-6.3730,3
10.8461,-6.3818,3
10.8395,-6.3905,3
10.8329,-6.3993,3
10.8264,-6.4081,3
10.8199,-6.4169,3
10.8135,-6.4256,3
10.8072,-6.4344,3
10.8009,-6.4432,3
10.7947,-6.4519,3
10.7885,-6.4607,3
10.7824,-6.4695,3
10.7763,-6.4783,3
10.7703,-6.4870,3
10.7644,-6.4958,3
10.7585,-6.5046,3
10.7526,-6.5133,3
10.7468,-6.5221,3
10.7411,-6.5309,3
10.7354,-6.5396,3
10.7298,-6.5484,3
10.7242,-6.5572,3
10.7187,-6.5660,3
10.7132,-6.5747,3
10.7078,-6.5835,3
10.7025,-6.5923,3
10.6971,-6.6010,3
10.6919,-6.6098,3
10.6867,-6.6186,3
10.6815,-6.6274,3
10.6764,-6.6361,3
10.6713,-6.6449,3
10.6663,-6.6537,3
10.6614,-6.6624,3
10.6564,-6.6712,3
10.6516,-6.6800,3
10.6468,-6.6887,3
10.6420,-6.6975,3
10.6373,-6.7063,3
10.6326,-6.7151,3
10.6280,-6.7238,3
10.6234,-6.7326,3
10.6189,-6.7414,3
10.6144,-6.7501,3
10.6099,-6.7589,3
10.6055,-6.7677,3
10.6012,-6.7765,3
10.5969,-6.7852,3
10.5926,-6.7940,3
10.5884,-6.8028,3
10.5843,-6.8115,3
10.5802,-6.8203,3
10.5761,-6.8291,3
10.5720,-6.8379,3
10.5681,-6.8466,3
10.5641,-6.8554,3
10.5602,-6.8642,3
10.5564,-6.8729,3
10.5526,-6.8817,3
10.5488,-6.8905,3
10.5451,-6.8992,3
10.5414,-6.9080,3
10.5377,-6.9168,3
10.5341,-6.9256,3
10.5306,-6.9343,3
10.5271,-6.9431,3
10.5236,-6.9519,3
10.5202,-6.9606,3
10.5168,-6.9694,3
10.5135,-6.9782,3
10.5102,-6.9870,3
10.5069,-6.9957,3
10.5037,-7.0045,3
10.5005,-7.0133,3
10.4974,-7.0220,3
10.4943,-7.0308,3
10.4912,-7.0396,3
10.4882,-7.0483,3
10.4852,-7.0571,3
10.4823,-7.0659,3
10.4794,-7.0747,3
10.4766,-7.0834,3
10.4738,-7.0922,3
10.4710,-7.1010,3
10.4682,-7.1097,3
10.4656,-7.1185,3
10.4629,-7.1273,3
10.4603,-7.1361,3
10.4577,-7.1448,3
10.4552,-7.1536,3
10.4527,-7.1624,3
10.4502,-7.1711,3
10.4478,-7.1799,3
10.4454,-7.1887,3
10.4431,-7.1974,3
10.4408,-7.2062,3
10.4385,-7.2150,3
10.4363,-7.2238,3
10.4341,-7.2325,3
10.4320,-7.2413,3
10.4299,-7.2501,3
10.4278,-7.2588,3
10.4258,-7.2676,3
10.4238,-7.2764,3
10.4218,-7.2852,3
10.4199,-7.2939,3
10.4180,-7.3027,3
10.4162,-7.3115,3
10.4144,-7.3202,3
10.4126,-7.3290,3
10.4109,-7.3378,3
10.4092,-7.3465,3
10.4075,-7.3553,3
10.4059,-7.3641,3
10.4043,-7.3729,3
10.4028,-7.3816,3
10.4013,-7.3904,3
10.3998,-7.3992,3
10.3984,-7.4079,3
10.3970,-7.4167,3
10.3956,-7.4255,3
10.3943,-7.4343,3
10.3930,-7.4430,3
10.3917,-7.4518,3
10.3905,-7.4606,3
10.3894,-7.4693,3
10.3882,-7.4781,3
10.3871,-7.4869,3
10.3861,-7.4957,3
10.3850,-7.5044,3
10.3840,-7.5132,3
10.3831,-7.5220,3
10.3822,-7.5307,3
10.3813,-7.5395,3
10.3804,-7.5483,3
10.3796,-7.5570,3
10.3788,-7.5658,3
10.3781,-7.5746,3
10.3774,-7.5834,3
10.3767,-7.5921,3
10.3761,-7.6009,3
10.3755,-7.6097,3
10.3750,-7.6184,3
10.3744,-7.6272,3
10.3739,-7.6360,3
10.3735,-7.6448,3
10.3731,-7.6535,3
10.3727,-7.6623,3
10.3724,-7.6711,3
10.3721,-7.6798,3
10.3718,-7.6886,3
10.3716,-7.6974,3
10.3714,-7.7061,3
10.3712,-7.7149,3
10.3711,-7.7237,3
10.3710,-7.7325,3
10.3709,-7.7412,3
10.3709,-7.7500,3
nan,nan,3
11.0250,-6.1713,1
11.0250,-7.7500,1
11.6791,-7.7500,1
nan,nan,1
11.4875,-7.5047,3
11.4752,-7.4983,3
11.4627,-7.4922,3
11.4498,-7.4862,3
11.4366,-7.4804,3
11.4232,-7.4747,3
11.4095,-7.4693,3
11.3955,-7.4641,3
11.3812,-7.4590,3
11.3668,-7.4542,3
11.3520,-7.4495,3
11.3371,-7.4451,3
11.3220,-7.4409,3
11.3066,-7.4368,3
11.2910,-7.4330,3
11.2753,-7.4295,3
11.2594,-7.4261,3
11.2433,-7.4229,3
11.2271,-7.4200,3
11.2108,-7.4173,3
11.1943,-7.4149,3
11.1777,-7.4126,3
11.1610,-7.4106,3
11.1442,-7.4089,3
11.1273,-7.4073,3
11.1104,-7.4060,3
11.0934,-7.4049,3
11.0763,-7.4041,3
11.0592,-7.4035,3
11.0421,-7.4032,3
11.0250,-7.4030,3
11.0079,-7.4032,3
10.9908,-7.4035,3
10.9737,-7.4041,3
10.9566,-7.4049,3
10.9396,-7.4060,3
10.9227,-7.4073,3
10.9058,-7.4089,3
10.8890,-7.4106,3
10.8723,-7.4126,3
10.8557,-7.4149,3
10.8392,-7.4173,3
10.8229,-7.4200,3
10.8067,-7.4229,3
10.7906,-7.4261,3
10.7747,-7.4295,3
10.7590,-7.4330,3
10.7434,-7.4368,3
10.7280,-7.4409,3
10.7129,-7.4451,3
10.6980,-7.4495,3
10.6832,-7.4542,3
10.6688,-7.4590,3
10.6545,-7.4641,3
10.6405,-7.4693,3
10.6268,-7.4747,3
10.6134,-7.4804,3
10.6002,-7.4862,3
10.5873,-7.4922,3
10.5748,-7.4983,3
10.5625,-7.5047,3
10.5505,-7.5112,3
10.5389,-7.5178,3
10.5276,-7.5247,3
10.5167,-7.5317,3
10.5061,-7.5388,3
10.4958,-7.5461,3
10.4859,-7.5535,3
10.4764,-7.5610,3
10.4673,-7.5687,3
10.4585,-7.5765,3
10.4502,-7.5844,3
10.4422,-7.5925,3
10.4346,-7.6006,3
10.4275,-7.6089,3
10.4207,-7.6172,3
10.4144,-7.6257,3
10.4084,-7.6342,3
10.4029,-7.6428,3
10.3978,-7.6515,3
10.3932,-7.6602,3
10.3890,-7.6690,3
10.3852,-7.6779,3
10.3819,-7.6868,3
10.3790,-7.6957,3
10.3765,-7.7047,3
10.3745,-7.7137,3
10.3729,-7.7228,3
10.3718,-7.7318,3
10.3711,-7.7409,3
10.3709,-7.7500,3
10.3711,-7.7591,3
10.3718,-7.7682,3
10.3729,-7.7772,3
10.3745,-7.7863,3
10.3765,-7.7953,3
10.3790,-7.8043,3
10.3819,-7.8132,3
10.3852,-7.8221,3
10.3890,-7.8310,3
10.3932,-7.8398,3
10.3978,-7.8485,3
10.4029,-7.8572,3
10.4084,-7.8658,3
10.4144,-7.8743,3
10.4207,-7.8828,3
10.4275,-7.8911,3
10.4346,-7.8994,3
10.4422,-7.9075,3
10.4502,-7.9156,3
10.4585,-7.9235,3
10.4673,-7.9313,3
10.4764,-7.9390,3
10.4859,-7.9465,3
10.4958,-7.9539,3
10.5061,-7.9612,3
10.5167,-7.9683,3
10.5276,-7.9753,3
10.5389,-7.9822,3
10.5505,-7.9888,3
10.5625,-7.9953,3
10.5748,-8.0017,3
10.5873,-8.0078,3
10.6002,-8.0138,3
10.6134,-8.0196,3
10.6268,-8.0253,3
10.6405,-8.0307,3
10.6545,-8.0359,3
10.6688,-8.0410,3
10.6832,-8.0458,3
10.6980,-8.0505,3
10.7129,-8.0549,3
10.7280,-8.0591,3
10.7434,-8.0632,3
10.7590,-8.0670,3
10.7747,-8.0705,3
10.7906,-8.0739,3
10.8067,-8.0771,3
10.8229,-8.0800,3
10.8392,-8.0827,3
10.8557,-8.0851,3
10.8723,-8.0874,3
10.8890,-8.0894,3
10.9058,-8.0911,3
10.9227,-8.0927,3
10.9396,-8.0940,3
10.9566,-8.0951,3
10.9737,-8.0959,3
10.9908,-8.0965,3
11.0079,-8.0968,3
11.0250,-8.0970,3
11.0421,-8.0968,3
11.0592,-8.0965,3
11.0763,-8.0959,3
11.0934,-8.0951,3
11.1104,-8.0940,3
11.1273,-8.0927,3
11.1442,-8.0911,3
11.1610,-8.0894,3
11.1777,-8.0874,3
11.1943,-8.0851,3
11.2108,-8.0827,3
11.2271,-8.0800,3
11.2433,-8.0771,3
11.2594,-8.0739,3
11.2753,-8.0705,3
11.2910,-8.0670,3
11.3066,-8.0632,3
11.3220,-8.0591,3
11.3371,-8.0549,3
11.3520,-8.0505,3
11.3668,-8.0458,3
11.3812,-8.0410,3
11.3955,-8.0359,3
11.4095,-8.0307,3
11.4232,-8.0253,3
11.4366,-8.0196,3
11.4498,-8.0138,3
11.4627,-8.0078,3
11.4752,-8.0017,3
11.4875,-7.9953,3
11.4995,-7.9888,3
11.5111,-7.9822,3
11.5224,-7.9753,3
11.5333,-7.9683,3
11.5439,-7.9612,3
11.5542,-7.9539,3
11.5641,-7.9465,3
11.5736,-7.9390,3
11.5827,-7.9313,3
11.5915,-7.9235,3
11.5998,-7.9156,3
11.6078,-7.9075,3
11.6154,-7.8994,3
11.6225,-7.8911,3
11.6293,-7.8828,3
11.6356,-7.8743,3
11.6416,-7.8658,3
11.6471,-7.8572,3
11.6522,-7.8485,3
11.6568,-7.8398,3
11.6610,-7.8310,3
11.6648,-7.8221,3
11.6681,-7.8132,3
11.6710,-7.8043,3
11.6735,-7.7953,3
11.6755,-7.7863,3
11.6771,-7.7772,3
11.6782,-7.7682,3
11.6789,-7.7591,3
11.6791,-7.7500,3
11.6789,-7.7409,3
11.6782,-7.7318,3
11.6771,-7.7228,3
11.6755,-7.7137,3
11.6735,-7.7047,3
11.6710,-7.6957,3
11.6681,-7.6868,3
11.6648,-7.6779,3
11.6610,-7.6690,3
11.6568,-7.6602,3
11.6522,-7.6515,3
11.6471,-7.6428,3
11.6416,-7.6342,3
11.6356,-7.6257,3
11.6293,-7.6172,3
11.6225,-7.6089,3
11.6154,-7.6006,3
11.6078,-7.5925,3
11.5998,-7.5844,3
11.5915,-7.5765,3
11.5827,-7.5687,3
11.5736,-7.5610,3
11.5641,-7.5535,3
11.5542,-7.5461,3
11.5439,-7.5388,3
11.5333,-7.5317,3
11.5224,-7.5247,3
11.5111,-7.5178,3
11.4995,-7.5112,3
11.4875,-7.5047,3
nan,nan,3
11.0250,-8.6825,4
11.0250,-5.8484,4
nan,nan,4
10.1481,-8.0756,14
10.1549,-8.0882,14
10.1623,-8.1008,14
10.1703,-8.1132,14
10.1790,-8.1256,14
10.1883,-8.1378,14
10.1983,-8.1499,14
10.2088,-8.1618,14
10.2200,-8.1735,14
10.2318,-8.1851,14
10.2442,-8.1965,14
10.2571,-8.2078,14
10.2706,-8.2188,14
10.2847,-8.2296,14
10.2994,-8.2403,14
10.3145,-8.2507,14
10.3303,-8.2609,14
10.3465,-8.2708,14
10.3632,-8.2806,14
10.3805,-8.2900,14
10.3982,-8.2993,14
10.4164,-8.3082,14
10.4350,-8.3169,14
10.4541,-8.3253,14
10.4736,-8.3335,14
10.4935,-8.3413,14
10.5139,-8.3489,14
10.5346,-8.3561,14
10.5556,-8.3631,14
10.5771,-8.3698,14
10.5988,-8.3761,14
10.6209,-8.3821,14
10.6433,-8.3878,14
10.6659,-8.3932,14
10.6889,-8.3982,14
10.7120,-8.4029,14
10.7354,-8.4073,14
10.7591,-8.4113,14
10.7829,-8.4150,14
10.8069,-8.4184,14
10.8311,-8.4213,14
10.8554,-8.4240,14
10.8799,-8.4263,14
10.9044,-8.4282,14
10.9291,-8.4298,14
10.9538,-8.4310,14
10.9785,-8.4318,14
11.0033,-8.4323,14
11.0282,-8.4325,14
11.0530,-8.4322,14
11.0778,-8.4316,14
11.1025,-8.4307,14
11.1272,-8.4294,14
11.1519,-8.4277,14
11.1764,-8.4257,14
11.2008,-8.4233,14
11.2251,-8.4206,14
11.2492,-8.4175,14
11.2732,-8.4141,14
11.2970,-8.4103,14
11.3206,-8.4062,14
11.3439,-8.4018,14
11.3670,-8.3970,14
11.3899,-8.3918,14
11.4125,-8.3864,14
11.4348,-8.3806,14
11.4568,-8.3745,14
11.4784,-8.3681,14
11.4998,-8.3614,14
11.5208,-8.3543,14
11.5414,-8.3470,14
11.5616,-8.3393,14
11.5814,-8.3314,14
11.6008,-8.3232,14
11.6198,-8.3147,14
11.6383,-8.3059,14
11.6564,-8.2969,14
11.6740,-8.2876,14
11.6911,-8.2781,14
11.7077,-8.2683,14
11.7238,-8.2583,14
11.7394,-8.2480,14
11.7544,-8.2376,14
11.7689,-8.2269,14
11.7829,-8.2160,14
11.7963,-8.2049,14
11.8091,-8.1936,14
11.8213,-8.1822,14
11.8329,-8.1705,14
11.8439,-8.1587,14
11.8543,-8.1468,14
11.8641,-8.1347,14
11.8733,-8.1224,14
11.8818,-8.1101,14
11.8897,-8.0976,14
11.8969,-8.0850,14
11.9035,-8.0723,14
11.9094,-8.0595,14
11.9147,-8.0467,14
11.9193,-8.0337,14
11.9232,-8.0207,14
11.9265,-8.0077,14
11.9291,-7.9946,14
11.9310,-7.9814,14
11.9322,-7.9683,14
11.9328,-7.9551,14
11.9326,-7.9420,14
11.9318,-7.9288,14
11.9304,-7.9157,14
11.9282,-7.9025,14
11.9254,-7.8895,14
11.9219,-7.8764,14
11.9177,-7.8635,14
11.9129,-7.8505,14
11.9074,-7.8377,14
11.9012,-7.8249,14
11.8944,-7.8123,14
11.8869,-7.7997,14
11.8788,-7.7873,14
11.8700,-7.7750,14
11.8606,-7.7628,14
nan,nan,14
13.6972,-0.7895,1
13.6972,-2.6500,1
14.6528,-2.6500,1
13.6972,-0.7895,1
nan,nan,1
13.6972,-2.4800,6
13.8672,-2.4800,6
13.8672,-2.6500,6
nan,nan,6
14.1750,-6.1713,1
15.1306,-7.7500,1
nan,nan,1
14.1750,-6.1713,3
13.2194,-7.7500,3
nan,nan,3
14.1750,-6.1713,1
14.1750,-7.7500,1
15.1306,-7.7500,1
nan,nan,1
14.8507,-7.3916,3
14.8328,-7.3823,3
14.8144,-7.3733,3
14.7956,-7.3645,3
14.7764,-7.3561,3
14.7568,-7.3478,3
14.7367,-7.3399,3
14.7163,-7.3322,3
14.6955,-7.3249,3
14.6743,-7.3178,3
14.6528,-7.3110,3
14.6310,-7.3045,3
14.6089,-7.2983,3
14.5864,-7.2925,3
14.5637,-7.2869,3
14.5407,-7.2817,3
14.5175,-7.2768,3
14.4940,-7.2722,3
14.4703,-7.2679,3
14.4464,-7.2640,3
14.4223,-7.2604,3
14.3981,-7.2571,3
14.3737,-7.2542,3
14.3492,-7.2516,3
14.3245,-7.2493,3
14.2997,-7.2474,3
14.2749,-7.2459,3
14.2500,-7.2447,3
14.2250,-7.2438,3
14.2000,-7.2433,3
14.1750,-7.2431,3
14.1500,-7.2433,3
14.1250,-7.2438,3
14.1000,-7.2447,3
14.0751,-7.2459,3
14.0503,-7.2474,3
14.0255,-7.2493,3
14.0008,-7.2516,3
13.9763,-7.2542,3
13.9519,-7.2571,3
13.9277,-7.2604,3
13.9036,-7.2640,3
13.8797,-7.2679,3
13.8560,-7.2722,3
13.8325,-7.2768,3
13.8093,-7.2817,3
13.7863,-7.2869,3
13.7636,-7.2925,3
13.7411,-7.2983,3
13.7190,-7.3045,3
13.6972,-7.3110,3
13.6757,-7.3178,3
13.6545,-7.3249,3
13.6337,-7.3322,3
13.6133,-7.3399,3
13.5932,-7.3478,3
13.5736,-7.3561,3
13.5544,-7.3645,3
13.5356,-7.3733,3
13.5172,-7.3823,3
13.4993,-7.3916,3
13.4818,-7.4011,3
13.4648,-7.4108,3
13.4483,-7.4208,3
13.4323,-7.4310,3
13.4168,-7.4414,3
13.4019,-7.4520,3
13.3874,-7.4629,3
13.3735,-7.4739,3
13.3602,-7.4851,3
13.3474,-7.4965,3
13.3352,-7.5081,3
13.3235,-7.5199,3
13.3125,-7.5318,3
13.3020,-7.5438,3
13.2921,-7.5560,3
13.2828,-7.5683,3
13.2742,-7.5808,3
13.2661,-7.5934,3
13.2587,-7.6060,3
13.2519,-7.6188,3
13.2458,-7.6317,3
13.2402,-7.6446,3
13.2354,-7.6576,3
13.2311,-7.6707,3
13.2275,-7.6838,3
13.2246,-7.6970,3
13.2223,-7.7102,3
13.2207,-7.7235,3
13.2197,-7.7367,3
13.2194,-7.7500,3
13.2197,-7.7633,3
13.2207,-7.7765,3
13.2223,-7.7898,3
13.2246,-7.8030,3
13.2275,-7.8162,3
13.2311,-7.8293,3
13.2354,-7.8424,3
13.2402,-7.8554,3
13.2458,-7.8683,3
13.2519,-7.8812,3
13.2587,-7.8940,3
13.2661,-7.9066,3
13.2742,-7.9192,3
13.2828,-7.9317,3
13.2921,-7.9440,3
13.3020,-7.9562,3
13.3125,-7.9682,3
13.3235,-7.9801,3
13.3352,-7.9919,3
13.3474,-8.0035,3
13.3602,-8.0149,3
13.3735,-8.0261,3
13.3874,-8.0371,3
13.4019,-8.0480,3
13.4168,-8.0586,3
13.4323,-8.0690,3
13.4483,-8.0792,3
13.4648,-8.0892,3
13.4818,-8.0989,3
13.4993,-8.1084,3
13.5172,-8.1177,3
13.5356,-8.1267,3
13.5544,-8.1355,3
13.5736,-8.1439,3
13.5932,-8.1522,3
13.6133,-8.1601,3
13.6337,-8.1678,3
13.6545,-8.1751,3
13.6757,-8.1822,3
13.6972,-8.1890,3
13.7190,-8.1955,3
13.7411,-8.2017,3
13.7636,-8.2075,3
13.7863,-8.2131,3
13.8093,-8.2183,3
13.8325,-8.2232,3
13.8560,-8.2278,3
13.8797,-8.2321,3
13.9036,-8.2360,3
13.9277,-8.2396,3
13.9519,-8.2429,3
13.9763,-8.2458,3
14.0008,-8.2484,3
14.0255,-8.2507,3
14.0503,-8.2526,3
14.0751,-8.2541,3
14.1000,-8.2553,3
14.1250,-8.2562,3
14.1500,-8.2567,3
14.1750,-8.2569,3
14.2000,-8.2567,3
14.2250,-8.2562,3
14.2500,-8.2553,3
14.2749,-8.2541,3
14.2997,-8.2526,3
14.3245,-8.2507,3
14.3492,-8.2484,3
14.3737,-8.2458,3
14.3981,-8.2429,3
14.4223,-8.2396,3
14.4464,-8.2360,3
14.4703,-8.2321,3
14.4940,-8.2278,3
14.5175,-8.2232,3
14.5407,-8.2183,3
14.5637,-8.2131,3
14.5864,-8.2075,3
14.6089,-8.2017,3
14.6310,-8.1955,3
14.6528,-8.1890,3
14.6743,-8.1822,3
14.6955,-8.1751,3
14.7163,-8.1678,3
14.7367,-8.1601,3
14.7568,-8.1522,3
14.7764,-8.1439,3
14.7956,-8.1355,3
14.8144,-8.1267,3
14.8328,-8.1177,3
14.8507,-8.1084,3
14.8682,-8.0989,3
14.8852,-8.0892,3
14.9017,-8.0792,3
14.9177,-8.0690,3
14.9332,-8.0586,3
14.9481,-8.0480,3
14.9626,-8.0371,3
14.9765,-8.0261,3
14.9898,-8.0149,3
15.0026,-8.0035,3
15.0148,-7.9919,3
15.0265,-7.9801,3
15.0375,-7.9682,3
15.0480,-7.9562,3
15.0579,-7.9440,3
15.0672,-7.9317,3
15.0758,-7.9192,3
15.0839,-7.9066,3
15.0913,-7.8940,3
15.0981,-7.8812,3
15.1042,-7.8683,3
15.1098,-7.8554,3
15.1146,-7.8424,3
15.1189,-7.8293,3
15.1225,-7.8162,3
15.1254,-7.8030,3
15.1277,-7.7898,3
15.1293,-7.7765,3
15.1303,-7.7633,3
15.1306,-7.7500,3
15.1303,-7.7367,3
15.1293,-7.7235,3
15.1277,-7.7102,3
15.1254,-7.6970,3
15.1225,-7.6838,3
15.1189,-7.6707,3
15.1146,-7.6576,3
15.1098,-7.6446,3
15.1042,-7.6317,3
15.0981,-7.6188,3
15.0913,-7.6060,3
15.0839,-7.5934,3
15.0758,-7.5808,3
15.0672,-7.5683,3
15.0579,-7.5560,3
15.0480,-7.5438,3
15.0375,-7.5318,3
15.0265,-7.5199,3
15.0148,-7.5081,3
15.0026,-7.4965,3
14.9898,-7.4851,3
14.9765,-7.4739,3
14.9626,-7.4629,3
14.9481,-7.4520,3
14.9332,-7.4414,3
14.9177,-7.4310,3
14.9017,-7.4208,3
14.8852,-7.4108,3
14.8682,-7.4011,3
14.8507,-7.3916,3
nan,nan,3
14.1750,-8.8424,4
14.1750,-5.8484,4
nan,nan,4
13.0069,-8.1170,15
13.0159,-8.1338,15
13.0257,-8.1506,15
13.0364,-8.1672,15
13.0480,-8.1836,15
13.0604,-8.1999,15
13.0737,-8.2159,15
13.0877,-8.2318,15
13.1026,-8.2475,15
13.1183,-8.2629,15
13.1348,-8.2781,15
13.1520,-8.2931,15
13.1700,-8.3078,15
13.1888,-8.3222,15
13.2083,-8.3364,15
13.2286,-8.3503,15
13.2495,-8.3638,15
13.2711,-8.3771,15
13.2934,-8.3901,15
13.3164,-8.4027,15
13.3400,-8.4150,15
13.3642,-8.4269,15
13.3891,-8.4385,15
13.4145,-8.4497,15
13.4405,-8.4605,15
13.4670,-8.4710,15
13.4941,-8.4811,15
13.5217,-8.4907,15
13.5497,-8.5000,15
13.5783,-8.5089,15
13.6072,-8.5173,15
13.6367,-8.5253,15
13.6665,-8.5329,15
13.6966,-8.5401,15
13.7272,-8.5468,15
13.7581,-8.5531,15
13.7893,-8.5589,15
13.8207,-8.5643,15
13.8525,-8.5692,15
13.8845,-8.5736,15
13.9167,-8.5776,15
13.9491,-8.5811,15
13.9816,-8.5842,15
14.0144,-8.5867,15
14.0472,-8.5888,15
14.0801,-8.5904,15
14.1131,-8.5916,15
14.1462,-8.5922,15
14.1792,-8.5924,15
14.2123,-8.5921,15
14.2453,-8.5913,15
14.2783,-8.5901,15
14.3112,-8.5883,15
14.3440,-8.5861,15
14.3767,-8.5834,15
14.4092,-8.5803,15
14.4416,-8.5766,15
14.4737,-8.5725,15
14.5056,-8.5680,15
14.5373,-8.5629,15
14.5687,-8.5575,15
14.5998,-8.5515,15
14.6306,-8.5451,15
14.6611,-8.5383,15
14.6912,-8.5310,15
14.7209,-8.5233,15
14.7502,-8.5152,15
14.7791,-8.5067,15
14.8075,-8.4977,15
14.8354,-8.4883,15
14.8629,-8.4785,15
14.8898,-8.4684,15
14.9162,-8.4578,15
14.9421,-8.4469,15
14.9673,-8.4355,15
14.9920,-8.4239,15
15.0161,-8.4119,15
15.0395,-8.3995,15
15.0623,-8.3868,15
15.0845,-8.3737,15
15.1059,-8.3604,15
15.1267,-8.3467,15
15.1467,-8.3328,15
15.1660,-8.3186,15
15.1846,-8.3041,15
15.2024,-8.2893,15
15.2195,-8.2743,15
15.2358,-8.2590,15
15.2513,-8.2435,15
15.2659,-8.2278,15
15.2798,-8.2118,15
15.2928,-8.1957,15
15.3050,-8.1794,15
15.3164,-8.1629,15
15.3269,-8.1463,15
15.3365,-8.1295,15
15.3453,-8.1126,15
15.3532,-8.0956,15
15.3602,-8.0785,15
15.3663,-8.0612,15
15.3716,-8.0439,15
15.3759,-8.0265,15
15.3794,-8.0091,15
15.3819,-7.9916,15
15.3836,-7.9741,15
15.3843,-7.9565,15
15.3841,-7.9390,15
15.3831,-7.9215,15
15.3811,-7.9039,15
15.3782,-7.8865,15
15.3745,-7.8690,15
15.3698,-7.8517,15
15.3642,-7.8344,15
15.3578,-7.8172,15
15.3504,-7.8001,15
15.3422,-7.7831,15
15.3331,-7.7662,15
15.3232,-7.7495,15
15.3124,-7.7329,15
15.3007,-7.7165,15
15.2882,-7.7003,15
nan,nan,15
